mtllib model_0.mtl
o model_0
v 0.8996782302856445 0.40002721548080444 -0.21357575058937073 
v 0.0004736720002256334 0.40002721548080444 -0.21357575058937073 
v 0.8996782302856445 0.43988552689552307 -0.21357575058937073 
v 0.0004736720002256334 0.43988552689552307 -0.21357575058937073 
v 0.9053694009780884 0.02229996956884861 0.29847222566604614 
v 0.9053694009780884 0.05103504657745361 0.23905737698078156 
v 0.9053694009780884 -0.0013369499938562512 0.27974754571914673 
v 0.9053694009780884 0.034350164234638214 0.21133044362068176 
v 0.9053694009780884 0.08579522371292114 0.2052089273929596 
v 0.9053694009780884 0.07559890300035477 0.17316091060638428 
v 0.9053694009780884 0.12797090411186218 0.18324342370033264 
v 0.9053694009780884 0.12519009411334991 0.14867478609085083 
v 0.9053694009780884 0.23920346796512604 0.1695600152015686 
v 0.9053694009780884 0.2461555004119873 0.13607163727283478 
v 0.9053694009780884 0.31243157386779785 0.1933259516954422 
v 0.9053694009780884 0.3110411465167999 0.1587573140859604 
v 0.9053694009780884 0.368047833442688 0.1800026148557663 
v 0.9053694009780884 0.35507071018218994 0.14939497411251068 
v 0.9053694009780884 0.39678293466567993 0.14363352954387665 
v 0.9053694009780884 0.3703652024269104 0.13319091498851776 
v 0.9053694009780884 0.3963194489479065 0.11230570077896118 
v 0.9053694009780884 0.3685113191604614 0.11086533963680267 
v 0.9053694009780884 0.3963194489479065 -0.14803937077522278 
v 0.9053694009780884 0.3689747750759125 -0.14911964535713196 
v 0.9660751819610596 -0.0013369499938562512 0.27974754571914673 
v 0.9660751819610596 0.034350164234638214 0.21133044362068176 
v 0.9660751819610596 0.02229996956884861 0.29847222566604614 
v 0.9660751819610596 0.05103504657745361 0.23905737698078156 
v 0.9660751819610596 0.07559890300035477 0.17316091060638428 
v 0.9660751819610596 0.08579522371292114 0.2052089273929596 
v 0.9660751819610596 0.12519009411334991 0.14867478609085083 
v 0.9660751819610596 0.12797090411186218 0.18324342370033264 
v 0.9660751819610596 0.2461555004119873 0.13607163727283478 
v 0.9660751819610596 0.23920346796512604 0.1695600152015686 
v 0.9660751819610596 0.3110411465167999 0.1587573140859604 
v 0.9660751819610596 0.31243157386779785 0.1933259516954422 
v 0.9660751819610596 0.35507071018218994 0.14939497411251068 
v 0.9660751819610596 0.368047833442688 0.1800026148557663 
v 0.9660751819610596 0.3703652024269104 0.13319091498851776 
v 0.9660751819610596 0.39678293466567993 0.14363352954387665 
v 0.9660751819610596 0.3685113191604614 0.11086533963680267 
v 0.9660751819610596 0.3963194489479065 0.11230570077896118 
v 0.9660751819610596 0.3689747750759125 -0.14911964535713196 
v 0.9660751819610596 0.3963194489479065 -0.14803937077522278 
v 0.9053694009780884 0.12519009411334991 0.14867478609085083 
v 0.9053694009780884 0.2461555004119873 0.13607163727283478 
v 0.9660751819610596 0.12519009411334991 0.14867478609085083 
v 0.9660751819610596 0.2461555004119873 0.13607163727283478 
v 0.9053694009780884 0.368047833442688 -0.19629143178462982 
v 0.9053694009780884 0.31243157386779785 -0.20961475372314453 
v 0.9660751819610596 0.368047833442688 -0.19629143178462982 
v 0.9660751819610596 0.31243157386779785 -0.20961475372314453 
v -0.9053705930709839 0.3963194489479065 -0.14803937077522278 
v -0.9660763740539551 0.3963194489479065 -0.14803937077522278 
v -0.9053705930709839 0.368047833442688 -0.19629143178462982 
v -0.9660763740539551 0.368047833442688 -0.19629143178462982 
v -0.9708189964294434 0.4320065677165985 0.24697935581207275 
v -0.9015764594078064 0.4320065677165985 0.24697935581207275 
v -0.9708189964294434 0.40419843792915344 0.2768668234348297 
v -0.9015764594078064 0.40419843792915344 0.2768668234348297 
v 0.9053694009780884 0.3110411465167999 -0.17504611611366272 
v 0.9053694009780884 0.35507071018218994 -0.165683776140213 
v 0.9660751819610596 0.3110411465167999 -0.17504611611366272 
v 0.9660751819610596 0.35507071018218994 -0.165683776140213 
v 0.9044208526611328 0.2387399971485138 -0.16460351645946503 
v 0.9044208526611328 0.2336418330669403 -0.16388332843780518 
v 0.0004736720002256334 0.2387399971485138 -0.16460351645946503 
v 0.0004736720002256334 0.2336418330669403 -0.16388332843780518 
v -0.9044220447540283 0.2336418330669403 -0.16388332843780518 
v -0.9053705930709839 0.3689747750759125 -0.14911964535713196 
v -0.9053705930709839 0.3963194489479065 -0.14803937077522278 
v -0.9053705930709839 0.35507071018218994 -0.165683776140213 
v -0.9053705930709839 0.368047833442688 -0.19629143178462982 
v -0.9053705930709839 0.3110411465167999 -0.17504611611366272 
v -0.9053705930709839 0.31243157386779785 -0.20961475372314453 
v -0.9053705930709839 0.2461555004119873 -0.1523604542016983 
v -0.9053705930709839 0.23920346796512604 -0.18584881722927094 
v -0.9053705930709839 0.12519009411334991 -0.16496360301971436 
v -0.9053705930709839 0.12797090411186218 -0.19953224062919617 
v -0.9053705930709839 0.07559890300035477 -0.1894497126340866 
v -0.9053705930709839 0.08579522371292114 -0.22149772942066193 
v -0.9053705930709839 0.034350164234638214 -0.2276192605495453 
v -0.9053705930709839 0.05103504657745361 -0.2553461790084839 
v -0.9053705930709839 -0.0013369499938562512 -0.29603636264801025 
v -0.9053705930709839 0.02229996956884861 -0.31476104259490967 
v 0.9395163655281067 0.2429112195968628 0.15047523379325867 
v 0.9347737431526184 0.24569202959537506 0.15047523379325867 
v 0.9395163655281067 0.2429112195968628 -0.15704162418842316 
v 0.9347737431526184 0.24569202959537506 -0.15704162418842316 
v -0.9053705930709839 0.35507071018218994 -0.165683776140213 
v -0.9660763740539551 0.35507071018218994 -0.165683776140213 
v -0.9053705930709839 0.3689747750759125 -0.14911964535713196 
v -0.9660763740539551 0.3689747750759125 -0.14911964535713196 
v 0.9660751819610596 0.368047833442688 -0.19629143178462982 
v 0.9660751819610596 0.3963194489479065 -0.14803937077522278 
v 0.9053694009780884 0.368047833442688 -0.19629143178462982 
v 0.9053694009780884 0.3963194489479065 -0.14803937077522278 
v -0.9015764594078064 0.35970538854599 0.2541811466217041 
v -0.9015764594078064 0.40419843792915344 0.2768668234348297 
v -0.9015764594078064 0.38751354813575745 0.22429369390010834 
v -0.9015764594078064 0.4320065677165985 0.24697935581207275 
v -0.9015764594078064 0.40002721548080444 0.18468378484249115 
v -0.9015764594078064 0.449618399143219 0.19296586513519287 
v -0.9015764594078064 0.39910027384757996 0.12382858246564865 
v -0.9015764594078064 0.44915491342544556 0.12346848845481873 
v -0.9015764594078064 0.39678293466567993 -0.18836945295333862 
v -0.9015764594078064 0.44683757424354553 -0.18872953951358795 
v -0.9015764594078064 0.4088331162929535 -0.24310313165187836 
v -0.9015764594078064 0.4486914575099945 -0.21285556256771088 
v -0.9015764594078064 0.44498369097709656 -0.26686906814575195 
v -0.9015764594078064 0.4714014232158661 -0.22437845170497894 
v -0.9015764594078064 0.48854976892471313 -0.28163275122642517 
v -0.9015764594078064 0.5005999803543091 -0.2330206036567688 
v -0.9015764594078064 0.8778637647628784 -0.39650148153305054 
v -0.9015764594078064 0.8899139165878296 -0.34788933396339417 
v -0.9015764594078064 0.896865963935852 -0.41414588689804077 
v -0.9015764594078064 0.9316261410713196 -0.3784969747066498 
v -0.9015764594078064 0.8982563614845276 -0.4386320114135742 
v -0.9015764594078064 0.9473841190338135 -0.4307100176811218 
v -0.9015764594078064 0.38751354813575745 0.22429369390010834 
v -0.9708189964294434 0.38751354813575745 0.22429369390010834 
v -0.9015764594078064 0.35970538854599 0.2541811466217041 
v -0.9708189964294434 0.35970538854599 0.2541811466217041 
v 0.9395163655281067 0.2429112195968628 -0.15704162418842316 
v 0.9423619508743286 0.2387399971485138 -0.15704162418842316 
v 0.9395163655281067 0.2429112195968628 0.15047523379325867 
v 0.9423619508743286 0.2387399971485138 0.15047523379325867 
v 0.9044208526611328 0.24661897122859955 -0.17684656381607056 
v 0.9044208526611328 0.24569202959537506 -0.18188783526420593 
v 0.9044208526611328 0.24569202959537506 -0.17180530726909637 
v 0.9044208526611328 0.2429112195968628 -0.18584881722927094 
v 0.9044208526611328 0.2429112195968628 -0.16748422384262085 
v 0.9044208526611328 0.2387399971485138 -0.18872953951358795 
v 0.9044208526611328 0.2387399971485138 -0.16460351645946503 
v 0.9044208526611328 0.2336418330669403 -0.18980981409549713 
v 0.9044208526611328 0.2336418330669403 -0.16388332843780518 
v 0.9044208526611328 0.22900713980197906 -0.18872953951358795 
v 0.9044208526611328 0.22900713980197906 -0.16460351645946503 
v 0.9044208526611328 0.22483591735363007 -0.18584881722927094 
v 0.9044208526611328 0.22483591735363007 -0.16748422384262085 
v 0.9044208526611328 0.2220551073551178 -0.18188783526420593 
v 0.9044208526611328 0.2220551073551178 -0.17180530726909637 
v 0.9044208526611328 0.2211281657218933 -0.17684656381607056 
v 0.9660751819610596 0.39678293466567993 0.14363352954387665 
v 0.9660751819610596 0.3963194489479065 0.11230570077896118 
v 0.9053694009780884 0.39678293466567993 0.14363352954387665 
v 0.9053694009780884 0.3963194489479065 0.11230570077896118 
v -0.9708189964294434 0.35970538854599 0.2541811466217041 
v -0.9708189964294434 0.40419843792915344 0.2768668234348297 
v -0.9015764594078064 0.35970538854599 0.2541811466217041 
v -0.9015764594078064 0.40419843792915344 0.2768668234348297 
v 0.0004736720002256334 0.43988552689552307 -0.1296747773885727 
v -0.89967942237854 0.43988552689552307 -0.1296747773885727 
v 0.0004736720002256334 0.40002721548080444 -0.1296747773885727 
v -0.89967942237854 0.40002721548080444 -0.1296747773885727 
v 0.0004736720002256334 0.7610695362091064 -0.3151211440563202 
v -0.89967942237854 0.7610695362091064 -0.3151211440563202 
v 0.0004736720002256334 0.7504097819328308 -0.3536507487297058 
v -0.89967942237854 0.7504097819328308 -0.3536507487297058 
v 0.0004736720002256334 0.43988552689552307 0.06549400091171265 
v -0.89967942237854 0.43988552689552307 0.06549400091171265 
v 0.0004736720002256334 0.40002721548080444 0.06549400091171265 
v -0.89967942237854 0.40002721548080444 0.06549400091171265 
v 0.0004736720002256334 0.7638503909111023 -0.357611745595932 
v 0.0004736720002256334 0.8431035876274109 -0.37921714782714844 
v -0.89967942237854 0.7638503909111023 -0.357611745595932 
v -0.89967942237854 0.8431035876274109 -0.37921714782714844 
v 0.0004736720002256334 0.6711565852165222 -0.33168527483940125 
v 0.0004736720002256334 0.7504097819328308 -0.3536507487297058 
v -0.89967942237854 0.6711565852165222 -0.33168527483940125 
v -0.89967942237854 0.7504097819328308 -0.3536507487297058 
v -0.89967942237854 0.6572524905204773 -0.32808437943458557 
v -0.89967942237854 0.5747550129890442 -0.30503860116004944 
v 0.0004736720002256334 0.6572524905204773 -0.32808437943458557 
v 0.0004736720002256334 0.5747550129890442 -0.30503860116004944 
v -0.89967942237854 0.5617778897285461 -0.30143770575523376 
v -0.89967942237854 0.4811342656612396 -0.2791121304035187 
v 0.0004736720002256334 0.5617778897285461 -0.30143770575523376 
v 0.0004736720002256334 0.4811342656612396 -0.2791121304035187 
v -0.89967942237854 0.40002721548080444 -0.03101011924445629 
v -0.89967942237854 0.40002721548080444 -0.11635144799947739 
v 0.0004736720002256334 0.40002721548080444 -0.03101011924445629 
v 0.0004736720002256334 0.40002721548080444 -0.11635144799947739 
v 0.8996782302856445 0.40002721548080444 -0.11635144799947739 
v 0.9015752673149109 0.40419843792915344 0.2768668234348297 
v 0.9015752673149109 0.4320065677165985 0.24697935581207275 
v 0.9708178043365479 0.40419843792915344 0.2768668234348297 
v 0.9708178043365479 0.4320065677165985 0.24697935581207275 
v -0.9015764594078064 0.40002721548080444 0.18468378484249115 
v -0.9708189964294434 0.40002721548080444 0.18468378484249115 
v -0.9015764594078064 0.38751354813575745 0.22429369390010834 
v -0.9708189964294434 0.38751354813575745 0.22429369390010834 
v -0.89967942237854 0.6572524905204773 -0.32808437943458557 
v 0.0004736720002256334 0.6572524905204773 -0.32808437943458557 
v -0.89967942237854 0.6679123044013977 -0.28955474495887756 
v 0.0004736720002256334 0.6679123044013977 -0.28955474495887756 
v -0.89967942237854 0.8537633419036865 -0.34068751335144043 
v 0.0004736720002256334 0.8537633419036865 -0.34068751335144043 
v -0.89967942237854 0.7745101451873779 -0.31872203946113586 
v 0.0004736720002256334 0.7745101451873779 -0.31872203946113586 
v 0.9423619508743286 0.2387399971485138 -0.15704162418842316 
v 0.9433104991912842 0.2336418330669403 -0.15704162418842316 
v 0.9423619508743286 0.2387399971485138 0.15047523379325867 
v 0.9433104991912842 0.2336418330669403 0.15047523379325867 
v -0.89967942237854 0.8431035876274109 -0.37921714782714844 
v -0.89967942237854 0.8537633419036865 -0.34068751335144043 
v -0.89967942237854 0.7638503909111023 -0.357611745595932 
v -0.89967942237854 0.7745101451873779 -0.31872203946113586 
v -0.9708189964294434 0.449618399143219 0.19296586513519287 
v -0.9015764594078064 0.449618399143219 0.19296586513519287 
v -0.9708189964294434 0.4320065677165985 0.24697935581207275 
v -0.9015764594078064 0.4320065677165985 0.24697935581207275 
v 0.0004736720002256334 0.873692512512207 -0.34752923250198364 
v -0.89967942237854 0.873692512512207 -0.34752923250198364 
v 0.0004736720002256334 0.9330165386199951 -0.3921803832054138 
v -0.89967942237854 0.9330165386199951 -0.3921803832054138 
v 0.0004736720002256334 0.5747550129890442 -0.30503860116004944 
v -0.89967942237854 0.5747550129890442 -0.30503860116004944 
v 0.0004736720002256334 0.5854148268699646 -0.26650896668434143 
v -0.89967942237854 0.5854148268699646 -0.26650896668434143 
v 0.0004736720002256334 0.49179407954216003 -0.24058249592781067 
v -0.89967942237854 0.49179407954216003 -0.24058249592781067 
v 0.0004736720002256334 0.5724376440048218 -0.26290807127952576 
v -0.89967942237854 0.5724376440048218 -0.26290807127952576 
v -0.89967942237854 0.6818163394927979 -0.29315564036369324 
v -0.89967942237854 0.6711565852165222 -0.33168527483940125 
v -0.89967942237854 0.7610695362091064 -0.3151211440563202 
v -0.89967942237854 0.7504097819328308 -0.3536507487297058 
v -0.89967942237854 0.6572524905204773 -0.32808437943458557 
v -0.89967942237854 0.6679123044013977 -0.28955474495887756 
v -0.89967942237854 0.5747550129890442 -0.30503860116004944 
v -0.89967942237854 0.5854148268699646 -0.26650896668434143 
v -0.89967942237854 0.49179407954216003 -0.24058249592781067 
v -0.89967942237854 0.4811342656612396 -0.2791121304035187 
v -0.89967942237854 0.5724376440048218 -0.26290807127952576 
v -0.89967942237854 0.5617778897285461 -0.30143770575523376 
v -0.89967942237854 0.6679123044013977 -0.28955474495887756 
v 0.0004736720002256334 0.6679123044013977 -0.28955474495887756 
v -0.89967942237854 0.5854148268699646 -0.26650896668434143 
v 0.0004736720002256334 0.5854148268699646 -0.26650896668434143 
v 0.0004736720002256334 0.873692512512207 -0.34752923250198364 
v 0.0004736720002256334 0.852372944355011 -0.3813776969909668 
v -0.89967942237854 0.873692512512207 -0.34752923250198364 
v -0.89967942237854 0.852372944355011 -0.3813776969909668 
v -0.89967942237854 0.6818163394927979 -0.29315564036369324 
v 0.0004736720002256334 0.6818163394927979 -0.29315564036369324 
v -0.89967942237854 0.6711565852165222 -0.33168527483940125 
v 0.0004736720002256334 0.6711565852165222 -0.33168527483940125 
v 0.0004736720002256334 0.43988552689552307 0.16199812293052673 
v -0.89967942237854 0.43988552689552307 0.16199812293052673 
v 0.0004736720002256334 0.40002721548080444 0.16199812293052673 
v -0.89967942237854 0.40002721548080444 0.16199812293052673 
v 0.0004736720002256334 0.22483591735363007 -0.18584881722927094 
v 0.0004736720002256334 0.2220551073551178 -0.18188783526420593 
v 0.9044208526611328 0.22483591735363007 -0.18584881722927094 
v 0.9044208526611328 0.2220551073551178 -0.18188783526420593 
v -0.89967942237854 0.40002721548080444 0.16199812293052673 
v -0.89967942237854 0.43988552689552307 0.16199812293052673 
v -0.89967942237854 0.40002721548080444 0.07989759743213654 
v -0.89967942237854 0.43988552689552307 0.07989759743213654 
v 0.0004736720002256334 0.43988552689552307 0.07989759743213654 
v 0.0004736720002256334 0.40002721548080444 0.07989759743213654 
v -0.89967942237854 0.43988552689552307 0.07989759743213654 
v -0.89967942237854 0.40002721548080444 0.07989759743213654 
v -0.89967942237854 0.4004906713962555 0.17136046290397644 
v -0.89967942237854 0.4389585852622986 0.18324342370033264 
v 0.0004736720002256334 0.4004906713962555 0.17136046290397644 
v 0.0004736720002256334 0.4389585852622986 0.18324342370033264 
v -0.89967942237854 0.376390278339386 0.25094035267829895 
v -0.89967942237854 0.41485822200775146 0.26282331347465515 
v -0.89967942237854 0.4004906713962555 0.17136046290397644 
v -0.89967942237854 0.4389585852622986 0.18324342370033264 
v 0.0004736720002256334 0.40002721548080444 -0.016246430575847626 
v -0.89967942237854 0.40002721548080444 -0.016246430575847626 
v 0.0004736720002256334 0.43988552689552307 -0.016246430575847626 
v -0.89967942237854 0.43988552689552307 -0.016246430575847626 
v -0.89967942237854 0.43988552689552307 -0.11635144799947739 
v 0.0004736720002256334 0.43988552689552307 -0.11635144799947739 
v -0.89967942237854 0.40002721548080444 -0.11635144799947739 
v 0.0004736720002256334 0.40002721548080444 -0.11635144799947739 
v -0.9708189964294434 0.39910027384757996 0.12382858246564865 
v -0.9015764594078064 0.39910027384757996 0.12382858246564865 
v -0.9708189964294434 0.39678293466567993 -0.18836945295333862 
v -0.9015764594078064 0.39678293466567993 -0.18836945295333862 
v -0.89967942237854 0.43988552689552307 -0.1296747773885727 
v 0.0004736720002256334 0.43988552689552307 -0.1296747773885727 
v -0.89967942237854 0.43988552689552307 -0.21357575058937073 
v 0.0004736720002256334 0.43988552689552307 -0.21357575058937073 
v 0.8996782302856445 0.43988552689552307 -0.21357575058937073 
v 0.8996782302856445 0.43988552689552307 -0.1296747773885727 
v 0.0004736720002256334 0.2220551073551178 -0.17180530726909637 
v 0.0004736720002256334 0.22483591735363007 -0.16748422384262085 
v 0.9044208526611328 0.2220551073551178 -0.17180530726909637 
v 0.9044208526611328 0.22483591735363007 -0.16748422384262085 
v -0.9015764594078064 0.449618399143219 0.19296586513519287 
v -0.9708189964294434 0.449618399143219 0.19296586513519287 
v -0.9015764594078064 0.44915491342544556 0.12346848845481873 
v -0.9708189964294434 0.44915491342544556 0.12346848845481873 
v -0.9015764594078064 0.39910027384757996 0.12382858246564865 
v -0.9708189964294434 0.39910027384757996 0.12382858246564865 
v -0.9015764594078064 0.40002721548080444 0.18468378484249115 
v -0.9708189964294434 0.40002721548080444 0.18468378484249115 
v -0.9347749352455139 0.2220551073551178 0.15047523379325867 
v -0.9347749352455139 0.2220551073551178 -0.15704162418842316 
v -0.9395175576210022 0.22483591735363007 0.15047523379325867 
v -0.9395175576210022 0.22483591735363007 -0.15704162418842316 
v -0.9300323128700256 0.2211281657218933 0.15047523379325867 
v -0.9300323128700256 0.2211281657218933 -0.15704162418842316 
v -0.9347749352455139 0.2220551073551178 0.15047523379325867 
v -0.9347749352455139 0.2220551073551178 -0.15704162418842316 
v -0.9044220447540283 0.2220551073551178 -0.17180530726909637 
v 0.0004736720002256334 0.2220551073551178 -0.17180530726909637 
v -0.9044220447540283 0.2211281657218933 -0.17684656381607056 
v 0.0004736720002256334 0.2211281657218933 -0.17684656381607056 
v -0.9395175576210022 0.22483591735363007 0.15047523379325867 
v -0.9395175576210022 0.22483591735363007 -0.15704162418842316 
v -0.9423631429672241 0.22900713980197906 0.15047523379325867 
v -0.9423631429672241 0.22900713980197906 -0.15704162418842316 
v 0.0004736720002256334 0.8537633419036865 -0.34068751335144043 
v -0.89967942237854 0.8537633419036865 -0.34068751335144043 
v 0.0004736720002256334 0.8431035876274109 -0.37921714782714844 
v -0.89967942237854 0.8431035876274109 -0.37921714782714844 
v 0.9044208526611328 0.2336418330669403 -0.16388332843780518 
v 0.9044208526611328 0.22900713980197906 -0.16460351645946503 
v 0.0004736720002256334 0.2336418330669403 -0.16388332843780518 
v 0.0004736720002256334 0.22900713980197906 -0.16460351645946503 
v -0.9044220447540283 0.22900713980197906 -0.16460351645946503 
v -0.9423631429672241 0.22900713980197906 0.15047523379325867 
v -0.9423631429672241 0.22900713980197906 -0.15704162418842316 
v -0.9433116912841797 0.2336418330669403 0.15047523379325867 
v -0.9433116912841797 0.2336418330669403 -0.15704162418842316 
v -0.9044220447540283 0.22483591735363007 -0.16748422384262085 
v 0.0004736720002256334 0.22483591735363007 -0.16748422384262085 
v -0.9044220447540283 0.2220551073551178 -0.17180530726909637 
v 0.0004736720002256334 0.2220551073551178 -0.17180530726909637 
v -0.9423631429672241 0.2387399971485138 0.15047523379325867 
v -0.9423631429672241 0.2387399971485138 -0.15704162418842316 
v -0.9395175576210022 0.2429112195968628 0.15047523379325867 
v -0.9395175576210022 0.2429112195968628 -0.15704162418842316 
v -0.9347749352455139 0.24569202959537506 -0.15704162418842316 
v -0.9347749352455139 0.24569202959537506 0.15047523379325867 
v -0.9395175576210022 0.2429112195968628 -0.15704162418842316 
v -0.9395175576210022 0.2429112195968628 0.15047523379325867 
v -0.9423631429672241 0.2387399971485138 -0.15704162418842316 
v -0.9423631429672241 0.2387399971485138 0.15047523379325867 
v -0.9433116912841797 0.2336418330669403 -0.15704162418842316 
v -0.9433116912841797 0.2336418330669403 0.15047523379325867 
v 0.9433104991912842 0.2336418330669403 -0.15704162418842316 
v 0.9423619508743286 0.22900713980197906 -0.15704162418842316 
v 0.9433104991912842 0.2336418330669403 0.15047523379325867 
v 0.9423619508743286 0.22900713980197906 0.15047523379325867 
v 0.8996782302856445 0.49179407954216003 -0.24058249592781067 
v 0.8996782302856445 0.5724376440048218 -0.26290807127952576 
v 0.8996782302856445 0.4811342656612396 -0.2791121304035187 
v 0.8996782302856445 0.5617778897285461 -0.30143770575523376 
v -0.9300323128700256 0.24661897122859955 -0.15704162418842316 
v -0.9300323128700256 0.24661897122859955 0.15047523379325867 
v -0.9347749352455139 0.24569202959537506 -0.15704162418842316 
v -0.9347749352455139 0.24569202959537506 0.15047523379325867 
v 0.9053694009780884 0.35507071018218994 -0.165683776140213 
v 0.9053694009780884 0.3689747750759125 -0.14911964535713196 
v 0.9660751819610596 0.35507071018218994 -0.165683776140213 
v 0.9660751819610596 0.3689747750759125 -0.14911964535713196 
v -0.9044220447540283 0.2429112195968628 -0.16748422384262085 
v 0.0004736720002256334 0.2429112195968628 -0.16748422384262085 
v -0.9044220447540283 0.2387399971485138 -0.16460351645946503 
v 0.0004736720002256334 0.2387399971485138 -0.16460351645946503 
v 0.9044208526611328 0.2387399971485138 -0.16460351645946503 
v 0.9044208526611328 0.2429112195968628 -0.16748422384262085 
v 0.0004736720002256334 0.2220551073551178 -0.18188783526420593 
v 0.0004736720002256334 0.2211281657218933 -0.17684656381607056 
v 0.9044208526611328 0.2220551073551178 -0.18188783526420593 
v 0.9044208526611328 0.2211281657218933 -0.17684656381607056 
v 0.0004736720002256334 0.852372944355011 -0.3813776969909668 
v 0.0004736720002256334 0.9112334847450256 -0.42566874623298645 
v -0.89967942237854 0.852372944355011 -0.3813776969909668 
v -0.89967942237854 0.9112334847450256 -0.42566874623298645 
v -0.9044220447540283 0.24661897122859955 -0.17684656381607056 
v 0.0004736720002256334 0.24661897122859955 -0.17684656381607056 
v -0.9044220447540283 0.24569202959537506 -0.17180530726909637 
v 0.0004736720002256334 0.24569202959537506 -0.17180530726909637 
v 0.9044208526611328 0.24569202959537506 -0.17180530726909637 
v 0.9044208526611328 0.24661897122859955 -0.17684656381607056 
v -0.9044220447540283 0.24569202959537506 -0.18188783526420593 
v 0.0004736720002256334 0.24569202959537506 -0.18188783526420593 
v -0.9044220447540283 0.24661897122859955 -0.17684656381607056 
v 0.0004736720002256334 0.24661897122859955 -0.17684656381607056 
v 0.9044208526611328 0.24661897122859955 -0.17684656381607056 
v 0.9044208526611328 0.24569202959537506 -0.18188783526420593 
v 0.9660751819610596 0.05103504657745361 0.23905737698078156 
v 0.9660751819610596 0.08579522371292114 0.2052089273929596 
v 0.9053694009780884 0.05103504657745361 0.23905737698078156 
v 0.9053694009780884 0.08579522371292114 0.2052089273929596 
v -0.9708189964294434 0.44683757424354553 -0.18872953951358795 
v -0.9015764594078064 0.44683757424354553 -0.18872953951358795 
v -0.9708189964294434 0.44915491342544556 0.12346848845481873 
v -0.9015764594078064 0.44915491342544556 0.12346848845481873 
v -0.9044220447540283 0.2429112195968628 -0.18584881722927094 
v 0.0004736720002256334 0.2429112195968628 -0.18584881722927094 
v -0.9044220447540283 0.24569202959537506 -0.18188783526420593 
v 0.0004736720002256334 0.24569202959537506 -0.18188783526420593 
v 0.9044208526611328 0.24569202959537506 -0.18188783526420593 
v 0.9044208526611328 0.2429112195968628 -0.18584881722927094 
v -0.9044220447540283 0.2336418330669403 -0.18980981409549713 
v 0.0004736720002256334 0.2336418330669403 -0.18980981409549713 
v -0.9044220447540283 0.2387399971485138 -0.18872953951358795 
v 0.0004736720002256334 0.2387399971485138 -0.18872953951358795 
v 0.9044208526611328 0.2387399971485138 -0.18872953951358795 
v 0.9044208526611328 0.2336418330669403 -0.18980981409549713 
v 0.9053694009780884 0.3703652024269104 0.13319091498851776 
v 0.9053694009780884 0.3685113191604614 0.11086533963680267 
v 0.9660751819610596 0.3703652024269104 0.13319091498851776 
v 0.9660751819610596 0.3685113191604614 0.11086533963680267 
v 0.0004736720002256334 0.2211281657218933 -0.17684656381607056 
v 0.0004736720002256334 0.2220551073551178 -0.17180530726909637 
v 0.9044208526611328 0.2211281657218933 -0.17684656381607056 
v 0.9044208526611328 0.2220551073551178 -0.17180530726909637 
v -0.9044220447540283 0.22900713980197906 -0.18872953951358795 
v 0.0004736720002256334 0.22900713980197906 -0.18872953951358795 
v -0.9044220447540283 0.2336418330669403 -0.18980981409549713 
v 0.0004736720002256334 0.2336418330669403 -0.18980981409549713 
v 0.9044208526611328 0.2336418330669403 -0.18980981409549713 
v 0.9044208526611328 0.22900713980197906 -0.18872953951358795 
v -0.9252896308898926 0.2220551073551178 0.15047523379325867 
v -0.9252896308898926 0.2220551073551178 -0.15704162418842316 
v -0.9300323128700256 0.2211281657218933 0.15047523379325867 
v -0.9300323128700256 0.2211281657218933 -0.15704162418842316 
v -0.9044220447540283 0.22483591735363007 -0.18584881722927094 
v 0.0004736720002256334 0.22483591735363007 -0.18584881722927094 
v -0.9044220447540283 0.22900713980197906 -0.18872953951358795 
v 0.0004736720002256334 0.22900713980197906 -0.18872953951358795 
v -0.9015764594078064 0.8982563614845276 -0.4386320114135742 
v -0.9015764594078064 0.9473841190338135 -0.4307100176811218 
v -0.9708189964294434 0.8982563614845276 -0.4386320114135742 
v -0.9708189964294434 0.9473841190338135 -0.4307100176811218 
v -0.89967942237854 0.41485822200775146 0.26282331347465515 
v -0.89967942237854 0.376390278339386 0.25094035267829895 
v 0.0004736720002256334 0.41485822200775146 0.26282331347465515 
v 0.0004736720002256334 0.376390278339386 0.25094035267829895 
v 0.9708178043365479 0.40419843792915344 0.2768668234348297 
v 0.9708178043365479 0.4320065677165985 0.24697935581207275 
v 0.9708178043365479 0.35970538854599 0.2541811466217041 
v 0.9708178043365479 0.38751354813575745 0.22429369390010834 
v 0.9708178043365479 0.449618399143219 0.19296586513519287 
v 0.9708178043365479 0.40002721548080444 0.18468378484249115 
v 0.9708178043365479 0.44915491342544556 0.12346848845481873 
v 0.9708178043365479 0.39910027384757996 0.12382858246564865 
v 0.9708178043365479 0.44683757424354553 -0.18872953951358795 
v 0.9708178043365479 0.39678293466567993 -0.18836945295333862 
v 0.9708178043365479 0.4486914575099945 -0.21285556256771088 
v 0.9708178043365479 0.4088331162929535 -0.24310313165187836 
v 0.9708178043365479 0.4714014232158661 -0.22437845170497894 
v 0.9708178043365479 0.44498369097709656 -0.26686906814575195 
v 0.9708178043365479 0.5005999803543091 -0.2330206036567688 
v 0.9708178043365479 0.48854976892471313 -0.28163275122642517 
v 0.9708178043365479 0.8899139165878296 -0.34788933396339417 
v 0.9708178043365479 0.8778637647628784 -0.39650148153305054 
v 0.9708178043365479 0.9316261410713196 -0.3784969747066498 
v 0.9708178043365479 0.896865963935852 -0.41414588689804077 
v 0.9708178043365479 0.9473841190338135 -0.4307100176811218 
v 0.9708178043365479 0.8982563614845276 -0.4386320114135742 
v -0.9015764594078064 0.8982563614845276 -0.4386320114135742 
v -0.9708189964294434 0.8982563614845276 -0.4386320114135742 
v -0.9015764594078064 0.896865963935852 -0.41414588689804077 
v -0.9708189964294434 0.896865963935852 -0.41414588689804077 
v -0.9015764594078064 0.44683757424354553 -0.18872953951358795 
v -0.9708189964294434 0.44683757424354553 -0.18872953951358795 
v -0.9015764594078064 0.4486914575099945 -0.21285556256771088 
v -0.9708189964294434 0.4486914575099945 -0.21285556256771088 
v -0.89967942237854 0.5617778897285461 -0.30143770575523376 
v 0.0004736720002256334 0.5617778897285461 -0.30143770575523376 
v -0.89967942237854 0.5724376440048218 -0.26290807127952576 
v 0.0004736720002256334 0.5724376440048218 -0.26290807127952576 
v -0.9015764594078064 0.4088331162929535 -0.24310313165187836 
v -0.9708189964294434 0.4088331162929535 -0.24310313165187836 
v -0.9015764594078064 0.39678293466567993 -0.18836945295333862 
v -0.9708189964294434 0.39678293466567993 -0.18836945295333862 
v -0.9015764594078064 0.5005999803543091 -0.2330206036567688 
v -0.9708189964294434 0.5005999803543091 -0.2330206036567688 
v -0.9015764594078064 0.8899139165878296 -0.34788933396339417 
v -0.9708189964294434 0.8899139165878296 -0.34788933396339417 
v -0.9015764594078064 0.4714014232158661 -0.22437845170497894 
v -0.9708189964294434 0.4714014232158661 -0.22437845170497894 
v -0.9015764594078064 0.5005999803543091 -0.2330206036567688 
v -0.9708189964294434 0.5005999803543091 -0.2330206036567688 
v -0.9708189964294434 0.9316261410713196 -0.3784969747066498 
v -0.9015764594078064 0.9316261410713196 -0.3784969747066498 
v -0.9708189964294434 0.8899139165878296 -0.34788933396339417 
v -0.9015764594078064 0.8899139165878296 -0.34788933396339417 
v -0.9433116912841797 0.2336418330669403 -0.15704162418842316 
v -0.9423631429672241 0.22900713980197906 -0.15704162418842316 
v -0.9423631429672241 0.2387399971485138 -0.15704162418842316 
v -0.9395175576210022 0.22483591735363007 -0.15704162418842316 
v -0.9395175576210022 0.2429112195968628 -0.15704162418842316 
v -0.9347749352455139 0.2220551073551178 -0.15704162418842316 
v -0.9347749352455139 0.24569202959537506 -0.15704162418842316 
v -0.9300323128700256 0.2211281657218933 -0.15704162418842316 
v -0.9300323128700256 0.24661897122859955 -0.15704162418842316 
v -0.9252896308898926 0.2220551073551178 -0.15704162418842316 
v -0.9252896308898926 0.24569202959537506 -0.15704162418842316 
v -0.9205470085144043 0.22483591735363007 -0.15704162418842316 
v -0.9205470085144043 0.2429112195968628 -0.15704162418842316 
v -0.9177014231681824 0.22900713980197906 -0.15704162418842316 
v -0.9177014231681824 0.2387399971485138 -0.15704162418842316 
v -0.9167528748512268 0.2336418330669403 -0.15704162418842316 
v 0.9300311207771301 0.2211281657218933 0.15047523379325867 
v 0.9347737431526184 0.2220551073551178 0.15047523379325867 
v 0.9300311207771301 0.2211281657218933 -0.15704162418842316 
v 0.9347737431526184 0.2220551073551178 -0.15704162418842316 
v -0.9708189964294434 0.44498369097709656 -0.26686906814575195 
v -0.9015764594078064 0.44498369097709656 -0.26686906814575195 
v -0.9708189964294434 0.48854976892471313 -0.28163275122642517 
v -0.9015764594078064 0.48854976892471313 -0.28163275122642517 
v 0.9660751819610596 0.3689747750759125 -0.14911964535713196 
v 0.9053694009780884 0.3689747750759125 -0.14911964535713196 
v 0.9660751819610596 0.3963194489479065 -0.14803937077522278 
v 0.9053694009780884 0.3963194489479065 -0.14803937077522278 
v -0.9708189964294434 0.4088331162929535 -0.24310313165187836 
v -0.9015764594078064 0.4088331162929535 -0.24310313165187836 
v -0.9708189964294434 0.44498369097709656 -0.26686906814575195 
v -0.9015764594078064 0.44498369097709656 -0.26686906814575195 
v 0.8996782302856445 0.43988552689552307 0.06549400091171265 
v 0.8996782302856445 0.43988552689552307 -0.016246430575847626 
v 0.0004736720002256334 0.43988552689552307 0.06549400091171265 
v 0.0004736720002256334 0.43988552689552307 -0.016246430575847626 
v -0.89967942237854 0.43988552689552307 -0.016246430575847626 
v 0.0004736720002256334 0.9112334847450256 -0.42566874623298645 
v 0.0004736720002256334 0.9330165386199951 -0.3921803832054138 
v -0.89967942237854 0.9112334847450256 -0.42566874623298645 
v -0.89967942237854 0.9330165386199951 -0.3921803832054138 
v 0.0004736720002256334 0.40002721548080444 -0.016246430575847626 
v 0.0004736720002256334 0.43988552689552307 -0.016246430575847626 
v 0.8996782302856445 0.40002721548080444 -0.016246430575847626 
v 0.8996782302856445 0.43988552689552307 -0.016246430575847626 
v -0.9015764594078064 0.8778637647628784 -0.39650148153305054 
v -0.9708189964294434 0.8778637647628784 -0.39650148153305054 
v -0.9015764594078064 0.48854976892471313 -0.28163275122642517 
v -0.9708189964294434 0.48854976892471313 -0.28163275122642517 
v 0.9015752673149109 0.38751354813575745 0.22429369390010834 
v 0.9015752673149109 0.35970538854599 0.2541811466217041 
v 0.9708178043365479 0.38751354813575745 0.22429369390010834 
v 0.9708178043365479 0.35970538854599 0.2541811466217041 
v 0.8996782302856445 0.43988552689552307 -0.03101011924445629 
v 0.8996782302856445 0.43988552689552307 -0.11635144799947739 
v 0.0004736720002256334 0.43988552689552307 -0.03101011924445629 
v 0.0004736720002256334 0.43988552689552307 -0.11635144799947739 
v -0.89967942237854 0.43988552689552307 -0.11635144799947739 
v 0.8996782302856445 0.40002721548080444 -0.1296747773885727 
v 0.8996782302856445 0.40002721548080444 -0.21357575058937073 
v 0.8996782302856445 0.43988552689552307 -0.1296747773885727 
v 0.8996782302856445 0.43988552689552307 -0.21357575058937073 
v 0.9660751819610596 0.3963194489479065 0.11230570077896118 
v 0.9660751819610596 0.3963194489479065 -0.14803937077522278 
v 0.9053694009780884 0.3963194489479065 0.11230570077896118 
v 0.9053694009780884 0.3963194489479065 -0.14803937077522278 
v 0.8996782302856445 0.40002721548080444 -0.03101011924445629 
v 0.8996782302856445 0.40002721548080444 -0.11635144799947739 
v 0.8996782302856445 0.43988552689552307 -0.03101011924445629 
v 0.8996782302856445 0.43988552689552307 -0.11635144799947739 
v 0.8996782302856445 0.43988552689552307 -0.016246430575847626 
v 0.8996782302856445 0.43988552689552307 0.06549400091171265 
v 0.8996782302856445 0.40002721548080444 -0.016246430575847626 
v 0.8996782302856445 0.40002721548080444 0.06549400091171265 
v -0.9708189964294434 0.8778637647628784 -0.39650148153305054 
v -0.9015764594078064 0.8778637647628784 -0.39650148153305054 
v -0.9708189964294434 0.896865963935852 -0.41414588689804077 
v -0.9015764594078064 0.896865963935852 -0.41414588689804077 
v -0.9044220447540283 0.2387399971485138 -0.18872953951358795 
v 0.0004736720002256334 0.2387399971485138 -0.18872953951358795 
v -0.9044220447540283 0.2429112195968628 -0.18584881722927094 
v 0.0004736720002256334 0.2429112195968628 -0.18584881722927094 
v 0.9044208526611328 0.2429112195968628 -0.18584881722927094 
v 0.9044208526611328 0.2387399971485138 -0.18872953951358795 
v -0.9660763740539551 0.3963194489479065 -0.14803937077522278 
v -0.9660763740539551 0.3689747750759125 -0.14911964535713196 
v -0.9660763740539551 0.368047833442688 -0.19629143178462982 
v -0.9660763740539551 0.35507071018218994 -0.165683776140213 
v -0.9660763740539551 0.31243157386779785 -0.20961475372314453 
v -0.9660763740539551 0.3110411465167999 -0.17504611611366272 
v -0.9660763740539551 0.23920346796512604 -0.18584881722927094 
v -0.9660763740539551 0.2461555004119873 -0.1523604542016983 
v -0.9660763740539551 0.12797090411186218 -0.19953224062919617 
v -0.9660763740539551 0.12519009411334991 -0.16496360301971436 
v -0.9660763740539551 0.08579522371292114 -0.22149772942066193 
v -0.9660763740539551 0.07559890300035477 -0.1894497126340866 
v -0.9660763740539551 0.05103504657745361 -0.2553461790084839 
v -0.9660763740539551 0.034350164234638214 -0.2276192605495453 
v -0.9660763740539551 0.02229996956884861 -0.31476104259490967 
v -0.9660763740539551 -0.0013369499938562512 -0.29603636264801025 
v -0.9660763740539551 0.3110411465167999 -0.17504611611366272 
v -0.9053705930709839 0.3110411465167999 -0.17504611611366272 
v -0.9660763740539551 0.2461555004119873 -0.1523604542016983 
v -0.9053705930709839 0.2461555004119873 -0.1523604542016983 
v -0.9044220447540283 0.2211281657218933 -0.17684656381607056 
v -0.9044220447540283 0.2220551073551178 -0.18188783526420593 
v -0.9044220447540283 0.2220551073551178 -0.17180530726909637 
v -0.9044220447540283 0.22483591735363007 -0.18584881722927094 
v -0.9044220447540283 0.22483591735363007 -0.16748422384262085 
v -0.9044220447540283 0.22900713980197906 -0.18872953951358795 
v -0.9044220447540283 0.22900713980197906 -0.16460351645946503 
v -0.9044220447540283 0.2336418330669403 -0.18980981409549713 
v -0.9044220447540283 0.2336418330669403 -0.16388332843780518 
v -0.9044220447540283 0.2387399971485138 -0.18872953951358795 
v -0.9044220447540283 0.2387399971485138 -0.16460351645946503 
v -0.9044220447540283 0.2429112195968628 -0.18584881722927094 
v -0.9044220447540283 0.2429112195968628 -0.16748422384262085 
v -0.9044220447540283 0.24569202959537506 -0.18188783526420593 
v -0.9044220447540283 0.24569202959537506 -0.17180530726909637 
v -0.9044220447540283 0.24661897122859955 -0.17684656381607056 
v 0.8996782302856445 0.43988552689552307 -0.11635144799947739 
v 0.8996782302856445 0.40002721548080444 -0.11635144799947739 
v 0.0004736720002256334 0.43988552689552307 -0.11635144799947739 
v 0.0004736720002256334 0.40002721548080444 -0.11635144799947739 
v -0.9660763740539551 0.02229996956884861 -0.31476104259490967 
v -0.9660763740539551 -0.0013369499938562512 -0.29603636264801025 
v -0.9053705930709839 0.02229996956884861 -0.31476104259490967 
v -0.9053705930709839 -0.0013369499938562512 -0.29603636264801025 
v -0.9252896308898926 0.2220551073551178 -0.15704162418842316 
v -0.9252896308898926 0.2220551073551178 0.15047523379325867 
v -0.9205470085144043 0.22483591735363007 -0.15704162418842316 
v -0.9205470085144043 0.22483591735363007 0.15047523379325867 
v -0.9660763740539551 0.12519009411334991 -0.16496360301971436 
v -0.9053705930709839 0.12519009411334991 -0.16496360301971436 
v -0.9660763740539551 0.07559890300035477 -0.1894497126340866 
v -0.9053705930709839 0.07559890300035477 -0.1894497126340866 
v -0.9660763740539551 0.07559890300035477 -0.1894497126340866 
v -0.9053705930709839 0.07559890300035477 -0.1894497126340866 
v -0.9660763740539551 0.034350164234638214 -0.2276192605495453 
v -0.9053705930709839 0.034350164234638214 -0.2276192605495453 
v -0.9015764594078064 0.9316261410713196 -0.3784969747066498 
v -0.9708189964294434 0.9316261410713196 -0.3784969747066498 
v -0.9015764594078064 0.9473841190338135 -0.4307100176811218 
v -0.9708189964294434 0.9473841190338135 -0.4307100176811218 
v 0.9053694009780884 0.3685113191604614 0.11086533963680267 
v 0.9053694009780884 0.3689747750759125 -0.14911964535713196 
v 0.9660751819610596 0.3685113191604614 0.11086533963680267 
v 0.9660751819610596 0.3689747750759125 -0.14911964535713196 
v 0.8996782302856445 0.376390278339386 0.25094035267829895 
v 0.0004736720002256334 0.376390278339386 0.25094035267829895 
v 0.8996782302856445 0.4004906713962555 0.17136046290397644 
v 0.0004736720002256334 0.4004906713962555 0.17136046290397644 
v -0.9660763740539551 0.3963194489479065 -0.14803937077522278 
v -0.9660763740539551 0.3689747750759125 -0.14911964535713196 
v -0.9660763740539551 0.3963194489479065 0.11230570077896118 
v -0.9660763740539551 0.3685113191604614 0.11086533963680267 
v -0.9660763740539551 0.39678293466567993 0.14363352954387665 
v -0.9660763740539551 0.3703652024269104 0.13319091498851776 
v -0.9660763740539551 0.368047833442688 0.1800026148557663 
v -0.9660763740539551 0.35507071018218994 0.14939497411251068 
v -0.9660763740539551 0.31243157386779785 0.1933259516954422 
v -0.9660763740539551 0.3110411465167999 0.1587573140859604 
v -0.9660763740539551 0.23920346796512604 0.1695600152015686 
v -0.9660763740539551 0.2461555004119873 0.13607163727283478 
v -0.9660763740539551 0.12797090411186218 0.18324342370033264 
v -0.9660763740539551 0.12519009411334991 0.14867478609085083 
v -0.9660763740539551 0.08579522371292114 0.2052089273929596 
v -0.9660763740539551 0.07559890300035477 0.17316091060638428 
v -0.9660763740539551 0.05103504657745361 0.23905737698078156 
v -0.9660763740539551 0.034350164234638214 0.21133044362068176 
v -0.9660763740539551 0.02229996956884861 0.29847222566604614 
v -0.9660763740539551 -0.0013369499938562512 0.27974754571914673 
v 0.8996782302856445 0.4389585852622986 0.18324342370033264 
v 0.8996782302856445 0.41485822200775146 0.26282331347465515 
v 0.8996782302856445 0.4004906713962555 0.17136046290397644 
v 0.8996782302856445 0.376390278339386 0.25094035267829895 
v -0.9660763740539551 0.3689747750759125 -0.14911964535713196 
v -0.9660763740539551 0.3963194489479065 -0.14803937077522278 
v -0.9053705930709839 0.3689747750759125 -0.14911964535713196 
v -0.9053705930709839 0.3963194489479065 -0.14803937077522278 
v -0.9660763740539551 0.3685113191604614 0.11086533963680267 
v -0.9053705930709839 0.3685113191604614 0.11086533963680267 
v -0.9660763740539551 0.3703652024269104 0.13319091498851776 
v -0.9053705930709839 0.3703652024269104 0.13319091498851776 
v -0.9053705930709839 -0.0013369499938562512 -0.29603636264801025 
v -0.9660763740539551 -0.0013369499938562512 -0.29603636264801025 
v -0.9053705930709839 0.034350164234638214 -0.2276192605495453 
v -0.9660763740539551 0.034350164234638214 -0.2276192605495453 
v 0.9015752673149109 0.40002721548080444 0.18468378484249115 
v 0.9015752673149109 0.38751354813575745 0.22429369390010834 
v 0.9708178043365479 0.40002721548080444 0.18468378484249115 
v 0.9708178043365479 0.38751354813575745 0.22429369390010834 
v -0.9053705930709839 0.39678293466567993 0.14363352954387665 
v -0.9660763740539551 0.39678293466567993 0.14363352954387665 
v -0.9053705930709839 0.368047833442688 0.1800026148557663 
v -0.9660763740539551 0.368047833442688 0.1800026148557663 
v -0.9660763740539551 0.23920346796512604 0.1695600152015686 
v -0.9053705930709839 0.23920346796512604 0.1695600152015686 
v -0.9660763740539551 0.31243157386779785 0.1933259516954422 
v -0.9053705930709839 0.31243157386779785 0.1933259516954422 
v 0.8996782302856445 0.4004906713962555 0.17136046290397644 
v 0.0004736720002256334 0.4004906713962555 0.17136046290397644 
v 0.8996782302856445 0.4389585852622986 0.18324342370033264 
v 0.0004736720002256334 0.4389585852622986 0.18324342370033264 
v 0.0004736720002256334 0.43988552689552307 0.07989759743213654 
v 0.8996782302856445 0.43988552689552307 0.07989759743213654 
v 0.0004736720002256334 0.40002721548080444 0.07989759743213654 
v 0.8996782302856445 0.40002721548080444 0.07989759743213654 
v 0.9708178043365479 0.449618399143219 0.19296586513519287 
v 0.9708178043365479 0.4320065677165985 0.24697935581207275 
v 0.9015752673149109 0.449618399143219 0.19296586513519287 
v 0.9015752673149109 0.4320065677165985 0.24697935581207275 
v 0.8996782302856445 0.43988552689552307 0.07989759743213654 
v 0.8996782302856445 0.43988552689552307 0.16199812293052673 
v 0.8996782302856445 0.40002721548080444 0.07989759743213654 
v 0.8996782302856445 0.40002721548080444 0.16199812293052673 
v -0.9053705930709839 0.12519009411334991 0.14867478609085083 
v -0.9660763740539551 0.12519009411334991 0.14867478609085083 
v -0.9053705930709839 0.2461555004119873 0.13607163727283478 
v -0.9660763740539551 0.2461555004119873 0.13607163727283478 
v -0.9177014231681824 0.2387399971485138 0.15047523379325867 
v -0.9177014231681824 0.2387399971485138 -0.15704162418842316 
v -0.9167528748512268 0.2336418330669403 0.15047523379325867 
v -0.9167528748512268 0.2336418330669403 -0.15704162418842316 
v -0.9660763740539551 0.3703652024269104 0.13319091498851776 
v -0.9053705930709839 0.3703652024269104 0.13319091498851776 
v -0.9660763740539551 0.35507071018218994 0.14939497411251068 
v -0.9053705930709839 0.35507071018218994 0.14939497411251068 
v -0.9660763740539551 0.12519009411334991 0.14867478609085083 
v -0.9053705930709839 0.12519009411334991 0.14867478609085083 
v -0.9660763740539551 0.07559890300035477 0.17316091060638428 
v -0.9053705930709839 0.07559890300035477 0.17316091060638428 
v -0.9708189964294434 0.4714014232158661 -0.22437845170497894 
v -0.9015764594078064 0.4714014232158661 -0.22437845170497894 
v -0.9708189964294434 0.4486914575099945 -0.21285556256771088 
v -0.9015764594078064 0.4486914575099945 -0.21285556256771088 
v 0.9053694009780884 0.05103504657745361 0.23905737698078156 
v 0.9053694009780884 0.02229996956884861 0.29847222566604614 
v 0.9660751819610596 0.05103504657745361 0.23905737698078156 
v 0.9660751819610596 0.02229996956884861 0.29847222566604614 
v 0.9708178043365479 0.39910027384757996 0.12382858246564865 
v 0.9708178043365479 0.39678293466567993 -0.18836945295333862 
v 0.9015752673149109 0.39910027384757996 0.12382858246564865 
v 0.9015752673149109 0.39678293466567993 -0.18836945295333862 
v -0.9205470085144043 0.2429112195968628 0.15047523379325867 
v -0.9205470085144043 0.2429112195968628 -0.15704162418842316 
v -0.9177014231681824 0.2387399971485138 0.15047523379325867 
v -0.9177014231681824 0.2387399971485138 -0.15704162418842316 
v -0.9053705930709839 0.034350164234638214 0.21133044362068176 
v -0.9660763740539551 0.034350164234638214 0.21133044362068176 
v -0.9053705930709839 0.07559890300035477 0.17316091060638428 
v -0.9660763740539551 0.07559890300035477 0.17316091060638428 
v -0.9433116912841797 0.2336418330669403 0.15047523379325867 
v -0.9423631429672241 0.2387399971485138 0.15047523379325867 
v -0.9423631429672241 0.22900713980197906 0.15047523379325867 
v -0.9395175576210022 0.2429112195968628 0.15047523379325867 
v -0.9395175576210022 0.22483591735363007 0.15047523379325867 
v -0.9347749352455139 0.24569202959537506 0.15047523379325867 
v -0.9347749352455139 0.2220551073551178 0.15047523379325867 
v -0.9300323128700256 0.24661897122859955 0.15047523379325867 
v -0.9300323128700256 0.2211281657218933 0.15047523379325867 
v -0.9252896308898926 0.24569202959537506 0.15047523379325867 
v -0.9252896308898926 0.2220551073551178 0.15047523379325867 
v -0.9205470085144043 0.2429112195968628 0.15047523379325867 
v -0.9205470085144043 0.22483591735363007 0.15047523379325867 
v -0.9177014231681824 0.2387399971485138 0.15047523379325867 
v -0.9177014231681824 0.22900713980197906 0.15047523379325867 
v -0.9167528748512268 0.2336418330669403 0.15047523379325867 
v 0.8996782302856445 0.4811342656612396 -0.2791121304035187 
v 0.0004736720002256334 0.4811342656612396 -0.2791121304035187 
v 0.8996782302856445 0.49179407954216003 -0.24058249592781067 
v 0.0004736720002256334 0.49179407954216003 -0.24058249592781067 
v 0.9167517423629761 0.2336418330669403 0.15047523379325867 
v 0.9177002310752869 0.2387399971485138 0.15047523379325867 
v 0.9177002310752869 0.22900713980197906 0.15047523379325867 
v 0.9205458164215088 0.2429112195968628 0.15047523379325867 
v 0.9205458164215088 0.22483591735363007 0.15047523379325867 
v 0.9252884984016418 0.24569202959537506 0.15047523379325867 
v 0.9252884984016418 0.2220551073551178 0.15047523379325867 
v 0.9300311207771301 0.24661897122859955 0.15047523379325867 
v 0.9300311207771301 0.2211281657218933 0.15047523379325867 
v 0.9347737431526184 0.24569202959537506 0.15047523379325867 
v 0.9347737431526184 0.2220551073551178 0.15047523379325867 
v 0.9395163655281067 0.2429112195968628 0.15047523379325867 
v 0.9395163655281067 0.22483591735363007 0.15047523379325867 
v 0.9423619508743286 0.2387399971485138 0.15047523379325867 
v 0.9423619508743286 0.22900713980197906 0.15047523379325867 
v 0.9433104991912842 0.2336418330669403 0.15047523379325867 
v 0.0004736720002256334 0.43988552689552307 -0.03101011924445629 
v 0.0004736720002256334 0.40002721548080444 -0.03101011924445629 
v 0.8996782302856445 0.43988552689552307 -0.03101011924445629 
v 0.8996782302856445 0.40002721548080444 -0.03101011924445629 
v -0.89967942237854 0.40002721548080444 0.16199812293052673 
v -0.89967942237854 0.40002721548080444 0.07989759743213654 
v 0.0004736720002256334 0.40002721548080444 0.16199812293052673 
v 0.0004736720002256334 0.40002721548080444 0.07989759743213654 
v 0.8996782302856445 0.40002721548080444 0.07989759743213654 
v 0.8996782302856445 0.41485822200775146 0.26282331347465515 
v 0.0004736720002256334 0.41485822200775146 0.26282331347465515 
v 0.8996782302856445 0.376390278339386 0.25094035267829895 
v 0.0004736720002256334 0.376390278339386 0.25094035267829895 
v 0.0004736720002256334 0.43988552689552307 -0.1296747773885727 
v 0.0004736720002256334 0.40002721548080444 -0.1296747773885727 
v 0.8996782302856445 0.43988552689552307 -0.1296747773885727 
v 0.8996782302856445 0.40002721548080444 -0.1296747773885727 
v 0.8996782302856445 0.40002721548080444 0.06549400091171265 
v 0.0004736720002256334 0.40002721548080444 0.06549400091171265 
v 0.8996782302856445 0.40002721548080444 -0.016246430575847626 
v 0.0004736720002256334 0.40002721548080444 -0.016246430575847626 
v -0.89967942237854 0.40002721548080444 -0.016246430575847626 
v -0.89967942237854 0.40002721548080444 0.06549400091171265 
v -0.89967942237854 0.873692512512207 -0.34752923250198364 
v -0.89967942237854 0.852372944355011 -0.3813776969909668 
v -0.89967942237854 0.9330165386199951 -0.3921803832054138 
v -0.89967942237854 0.9112334847450256 -0.42566874623298645 
v 0.8996782302856445 0.41485822200775146 0.26282331347465515 
v 0.8996782302856445 0.4389585852622986 0.18324342370033264 
v 0.0004736720002256334 0.41485822200775146 0.26282331347465515 
v 0.0004736720002256334 0.4389585852622986 0.18324342370033264 
v 0.0004736720002256334 0.5747550129890442 -0.30503860116004944 
v 0.8996782302856445 0.5747550129890442 -0.30503860116004944 
v 0.0004736720002256334 0.6572524905204773 -0.32808437943458557 
v 0.8996782302856445 0.6572524905204773 -0.32808437943458557 
v 0.0004736720002256334 0.4811342656612396 -0.2791121304035187 
v 0.8996782302856445 0.4811342656612396 -0.2791121304035187 
v 0.0004736720002256334 0.5617778897285461 -0.30143770575523376 
v 0.8996782302856445 0.5617778897285461 -0.30143770575523376 
v 0.9708178043365479 0.44683757424354553 -0.18872953951358795 
v 0.9708178043365479 0.44915491342544556 0.12346848845481873 
v 0.9015752673149109 0.44683757424354553 -0.18872953951358795 
v 0.9015752673149109 0.44915491342544556 0.12346848845481873 
v 0.0004736720002256334 0.6679123044013977 -0.28955474495887756 
v 0.0004736720002256334 0.6572524905204773 -0.32808437943458557 
v 0.8996782302856445 0.6679123044013977 -0.28955474495887756 
v 0.8996782302856445 0.6572524905204773 -0.32808437943458557 
v 0.8996782302856445 0.8537633419036865 -0.34068751335144043 
v 0.8996782302856445 0.7745101451873779 -0.31872203946113586 
v 0.0004736720002256334 0.8537633419036865 -0.34068751335144043 
v 0.0004736720002256334 0.7745101451873779 -0.31872203946113586 
v 0.8996782302856445 0.8431035876274109 -0.37921714782714844 
v 0.8996782302856445 0.7638503909111023 -0.357611745595932 
v 0.8996782302856445 0.8537633419036865 -0.34068751335144043 
v 0.8996782302856445 0.7745101451873779 -0.31872203946113586 
v -0.89967942237854 0.43988552689552307 -0.016246430575847626 
v -0.89967942237854 0.40002721548080444 -0.016246430575847626 
v -0.89967942237854 0.43988552689552307 0.06549400091171265 
v -0.89967942237854 0.40002721548080444 0.06549400091171265 
v -0.89967942237854 0.43988552689552307 -0.21357575058937073 
v -0.89967942237854 0.40002721548080444 -0.21357575058937073 
v -0.89967942237854 0.43988552689552307 -0.1296747773885727 
v -0.89967942237854 0.40002721548080444 -0.1296747773885727 
v 0.8996782302856445 0.9112334847450256 -0.42566874623298645 
v 0.8996782302856445 0.852372944355011 -0.3813776969909668 
v 0.8996782302856445 0.9330165386199951 -0.3921803832054138 
v 0.8996782302856445 0.873692512512207 -0.34752923250198364 
v 0.8996782302856445 0.9330165386199951 -0.3921803832054138 
v 0.8996782302856445 0.873692512512207 -0.34752923250198364 
v 0.0004736720002256334 0.9330165386199951 -0.3921803832054138 
v 0.0004736720002256334 0.873692512512207 -0.34752923250198364 
v 0.8996782302856445 0.6818163394927979 -0.29315564036369324 
v 0.8996782302856445 0.6711565852165222 -0.33168527483940125 
v 0.0004736720002256334 0.6818163394927979 -0.29315564036369324 
v 0.0004736720002256334 0.6711565852165222 -0.33168527483940125 
v 0.0004736720002256334 0.5747550129890442 -0.30503860116004944 
v 0.0004736720002256334 0.5854148268699646 -0.26650896668434143 
v 0.8996782302856445 0.5747550129890442 -0.30503860116004944 
v 0.8996782302856445 0.5854148268699646 -0.26650896668434143 
v 0.0004736720002256334 0.22483591735363007 -0.18584881722927094 
v -0.9044220447540283 0.22483591735363007 -0.18584881722927094 
v 0.0004736720002256334 0.2220551073551178 -0.18188783526420593 
v -0.9044220447540283 0.2220551073551178 -0.18188783526420593 
v 0.8996782302856445 0.7504097819328308 -0.3536507487297058 
v 0.8996782302856445 0.6711565852165222 -0.33168527483940125 
v 0.8996782302856445 0.7610695362091064 -0.3151211440563202 
v 0.8996782302856445 0.6818163394927979 -0.29315564036369324 
v 0.8996782302856445 0.6572524905204773 -0.32808437943458557 
v 0.8996782302856445 0.5747550129890442 -0.30503860116004944 
v 0.8996782302856445 0.6679123044013977 -0.28955474495887756 
v 0.8996782302856445 0.5854148268699646 -0.26650896668434143 
v 0.9708178043365479 0.44915491342544556 0.12346848845481873 
v 0.9708178043365479 0.449618399143219 0.19296586513519287 
v 0.9015752673149109 0.44915491342544556 0.12346848845481873 
v 0.9015752673149109 0.449618399143219 0.19296586513519287 
v 0.8996782302856445 0.6679123044013977 -0.28955474495887756 
v 0.8996782302856445 0.5854148268699646 -0.26650896668434143 
v 0.0004736720002256334 0.6679123044013977 -0.28955474495887756 
v 0.0004736720002256334 0.5854148268699646 -0.26650896668434143 
v -0.9300323128700256 0.24661897122859955 0.15047523379325867 
v -0.9300323128700256 0.24661897122859955 -0.15704162418842316 
v -0.9252896308898926 0.24569202959537506 0.15047523379325867 
v -0.9252896308898926 0.24569202959537506 -0.15704162418842316 
v 0.0004736720002256334 0.43988552689552307 0.16199812293052673 
v 0.0004736720002256334 0.40002721548080444 0.16199812293052673 
v 0.8996782302856445 0.43988552689552307 0.16199812293052673 
v 0.8996782302856445 0.40002721548080444 0.16199812293052673 
v 0.8996782302856445 0.8431035876274109 -0.37921714782714844 
v 0.8996782302856445 0.8537633419036865 -0.34068751335144043 
v 0.0004736720002256334 0.8431035876274109 -0.37921714782714844 
v 0.0004736720002256334 0.8537633419036865 -0.34068751335144043 
v 0.0004736720002256334 0.7638503909111023 -0.357611745595932 
v 0.8996782302856445 0.7638503909111023 -0.357611745595932 
v 0.0004736720002256334 0.8431035876274109 -0.37921714782714844 
v 0.8996782302856445 0.8431035876274109 -0.37921714782714844 
v 0.8996782302856445 0.7504097819328308 -0.3536507487297058 
v 0.8996782302856445 0.7610695362091064 -0.3151211440563202 
v 0.0004736720002256334 0.7504097819328308 -0.3536507487297058 
v 0.0004736720002256334 0.7610695362091064 -0.3151211440563202 
v 0.0004736720002256334 0.43988552689552307 0.06549400091171265 
v 0.0004736720002256334 0.40002721548080444 0.06549400091171265 
v 0.8996782302856445 0.43988552689552307 0.06549400091171265 
v 0.8996782302856445 0.40002721548080444 0.06549400091171265 
v -0.89967942237854 0.40002721548080444 -0.03101011924445629 
v 0.0004736720002256334 0.40002721548080444 -0.03101011924445629 
v -0.89967942237854 0.43988552689552307 -0.03101011924445629 
v 0.0004736720002256334 0.43988552689552307 -0.03101011924445629 
v -0.9660763740539551 0.034350164234638214 0.21133044362068176 
v -0.9053705930709839 0.034350164234638214 0.21133044362068176 
v -0.9660763740539551 -0.0013369499938562512 0.27974754571914673 
v -0.9053705930709839 -0.0013369499938562512 0.27974754571914673 
v 0.9708178043365479 0.4088331162929535 -0.24310313165187836 
v 0.9708178043365479 0.44498369097709656 -0.26686906814575195 
v 0.9015752673149109 0.4088331162929535 -0.24310313165187836 
v 0.9015752673149109 0.44498369097709656 -0.26686906814575195 
v 0.0004736720002256334 0.852372944355011 -0.3813776969909668 
v 0.8996782302856445 0.852372944355011 -0.3813776969909668 
v 0.0004736720002256334 0.9112334847450256 -0.42566874623298645 
v 0.8996782302856445 0.9112334847450256 -0.42566874623298645 
v 0.0004736720002256334 0.9112334847450256 -0.42566874623298645 
v 0.8996782302856445 0.9112334847450256 -0.42566874623298645 
v 0.0004736720002256334 0.9330165386199951 -0.3921803832054138 
v 0.8996782302856445 0.9330165386199951 -0.3921803832054138 
v -0.9660763740539551 0.02229996956884861 0.29847222566604614 
v -0.9660763740539551 -0.0013369499938562512 0.27974754571914673 
v -0.9053705930709839 0.02229996956884861 0.29847222566604614 
v -0.9053705930709839 -0.0013369499938562512 0.27974754571914673 
v -0.9252896308898926 0.24569202959537506 0.15047523379325867 
v -0.9252896308898926 0.24569202959537506 -0.15704162418842316 
v -0.9205470085144043 0.2429112195968628 0.15047523379325867 
v -0.9205470085144043 0.2429112195968628 -0.15704162418842316 
v 0.8996782302856445 0.7610695362091064 -0.3151211440563202 
v 0.8996782302856445 0.6818163394927979 -0.29315564036369324 
v 0.0004736720002256334 0.7610695362091064 -0.3151211440563202 
v 0.0004736720002256334 0.6818163394927979 -0.29315564036369324 
v 0.9053694009780884 0.034350164234638214 0.21133044362068176 
v 0.9053694009780884 0.07559890300035477 0.17316091060638428 
v 0.9660751819610596 0.034350164234638214 0.21133044362068176 
v 0.9660751819610596 0.07559890300035477 0.17316091060638428 
v 0.9053694009780884 0.02229996956884861 -0.31476104259490967 
v 0.9053694009780884 0.05103504657745361 -0.2553461790084839 
v 0.9053694009780884 -0.0013369499938562512 -0.29603636264801025 
v 0.9053694009780884 0.034350164234638214 -0.2276192605495453 
v 0.9053694009780884 0.08579522371292114 -0.22149772942066193 
v 0.9053694009780884 0.07559890300035477 -0.1894497126340866 
v 0.9053694009780884 0.12797090411186218 -0.19953224062919617 
v 0.9053694009780884 0.12519009411334991 -0.16496360301971436 
v 0.9053694009780884 0.23920346796512604 -0.18584881722927094 
v 0.9053694009780884 0.2461555004119873 -0.1523604542016983 
v 0.9053694009780884 0.31243157386779785 -0.20961475372314453 
v 0.9053694009780884 0.3110411465167999 -0.17504611611366272 
v 0.9053694009780884 0.368047833442688 -0.19629143178462982 
v 0.9053694009780884 0.35507071018218994 -0.165683776140213 
v 0.9053694009780884 0.3963194489479065 -0.14803937077522278 
v 0.9053694009780884 0.3689747750759125 -0.14911964535713196 
v 0.0004736720002256334 0.49179407954216003 -0.24058249592781067 
v 0.0004736720002256334 0.5724376440048218 -0.26290807127952576 
v 0.8996782302856445 0.49179407954216003 -0.24058249592781067 
v 0.8996782302856445 0.5724376440048218 -0.26290807127952576 
v 0.0004736720002256334 0.873692512512207 -0.34752923250198364 
v 0.8996782302856445 0.873692512512207 -0.34752923250198364 
v 0.0004736720002256334 0.852372944355011 -0.3813776969909668 
v 0.8996782302856445 0.852372944355011 -0.3813776969909668 
v 0.9708178043365479 0.40002721548080444 0.18468378484249115 
v 0.9708178043365479 0.39910027384757996 0.12382858246564865 
v 0.9015752673149109 0.40002721548080444 0.18468378484249115 
v 0.9015752673149109 0.39910027384757996 0.12382858246564865 
v 0.9660751819610596 0.034350164234638214 -0.2276192605495453 
v 0.9660751819610596 -0.0013369499938562512 -0.29603636264801025 
v 0.9053694009780884 0.034350164234638214 -0.2276192605495453 
v 0.9053694009780884 -0.0013369499938562512 -0.29603636264801025 
v 0.8996782302856445 0.40002721548080444 -0.1296747773885727 
v 0.0004736720002256334 0.40002721548080444 -0.1296747773885727 
v 0.8996782302856445 0.40002721548080444 -0.21357575058937073 
v 0.0004736720002256334 0.40002721548080444 -0.21357575058937073 
v -0.89967942237854 0.40002721548080444 -0.21357575058937073 
v -0.89967942237854 0.40002721548080444 -0.1296747773885727 
v -0.9044220447540283 0.22900713980197906 -0.16460351645946503 
v 0.0004736720002256334 0.22900713980197906 -0.16460351645946503 
v -0.9044220447540283 0.22483591735363007 -0.16748422384262085 
v 0.0004736720002256334 0.22483591735363007 -0.16748422384262085 
v 0.9044208526611328 0.22483591735363007 -0.16748422384262085 
v 0.9044208526611328 0.22900713980197906 -0.16460351645946503 
v 0.9300311207771301 0.24661897122859955 -0.15704162418842316 
v 0.9347737431526184 0.24569202959537506 -0.15704162418842316 
v 0.9300311207771301 0.24661897122859955 0.15047523379325867 
v 0.9347737431526184 0.24569202959537506 0.15047523379325867 
v 0.9252884984016418 0.24569202959537506 -0.15704162418842316 
v 0.9300311207771301 0.24661897122859955 -0.15704162418842316 
v 0.9252884984016418 0.24569202959537506 0.15047523379325867 
v 0.9300311207771301 0.24661897122859955 0.15047523379325867 
v 0.9205458164215088 0.2429112195968628 -0.15704162418842316 
v 0.9252884984016418 0.24569202959537506 -0.15704162418842316 
v 0.9205458164215088 0.2429112195968628 0.15047523379325867 
v 0.9252884984016418 0.24569202959537506 0.15047523379325867 
v -0.9660763740539551 0.2461555004119873 -0.1523604542016983 
v -0.9053705930709839 0.2461555004119873 -0.1523604542016983 
v -0.9660763740539551 0.12519009411334991 -0.16496360301971436 
v -0.9053705930709839 0.12519009411334991 -0.16496360301971436 
v 0.9177002310752869 0.2387399971485138 -0.15704162418842316 
v 0.9205458164215088 0.2429112195968628 -0.15704162418842316 
v 0.9177002310752869 0.2387399971485138 0.15047523379325867 
v 0.9205458164215088 0.2429112195968628 0.15047523379325867 
v -0.9660763740539551 0.12797090411186218 -0.19953224062919617 
v -0.9053705930709839 0.12797090411186218 -0.19953224062919617 
v -0.9660763740539551 0.23920346796512604 -0.18584881722927094 
v -0.9053705930709839 0.23920346796512604 -0.18584881722927094 
v 0.9167517423629761 0.2336418330669403 -0.15704162418842316 
v 0.9177002310752869 0.2387399971485138 -0.15704162418842316 
v 0.9167517423629761 0.2336418330669403 0.15047523379325867 
v 0.9177002310752869 0.2387399971485138 0.15047523379325867 
v -0.9053705930709839 0.08579522371292114 -0.22149772942066193 
v -0.9660763740539551 0.08579522371292114 -0.22149772942066193 
v -0.9053705930709839 0.05103504657745361 -0.2553461790084839 
v -0.9660763740539551 0.05103504657745361 -0.2553461790084839 
v 0.9177002310752869 0.22900713980197906 -0.15704162418842316 
v 0.9167517423629761 0.2336418330669403 -0.15704162418842316 
v 0.9177002310752869 0.22900713980197906 0.15047523379325867 
v 0.9167517423629761 0.2336418330669403 0.15047523379325867 
v -0.9660763740539551 0.02229996956884861 -0.31476104259490967 
v -0.9053705930709839 0.02229996956884861 -0.31476104259490967 
v -0.9660763740539551 0.05103504657745361 -0.2553461790084839 
v -0.9053705930709839 0.05103504657745361 -0.2553461790084839 
v 0.9205458164215088 0.22483591735363007 -0.15704162418842316 
v 0.9177002310752869 0.22900713980197906 -0.15704162418842316 
v 0.9205458164215088 0.22483591735363007 0.15047523379325867 
v 0.9177002310752869 0.22900713980197906 0.15047523379325867 
v -0.9053705930709839 0.3685113191604614 0.11086533963680267 
v -0.9660763740539551 0.3685113191604614 0.11086533963680267 
v -0.9053705930709839 0.3689747750759125 -0.14911964535713196 
v -0.9660763740539551 0.3689747750759125 -0.14911964535713196 
v 0.9252884984016418 0.2220551073551178 -0.15704162418842316 
v 0.9205458164215088 0.22483591735363007 -0.15704162418842316 
v 0.9252884984016418 0.2220551073551178 0.15047523379325867 
v 0.9205458164215088 0.22483591735363007 0.15047523379325867 
v -0.9660763740539551 0.39678293466567993 0.14363352954387665 
v -0.9053705930709839 0.39678293466567993 0.14363352954387665 
v -0.9660763740539551 0.3963194489479065 0.11230570077896118 
v -0.9053705930709839 0.3963194489479065 0.11230570077896118 
v -0.89967942237854 0.43988552689552307 -0.11635144799947739 
v -0.89967942237854 0.40002721548080444 -0.11635144799947739 
v -0.89967942237854 0.43988552689552307 -0.03101011924445629 
v -0.89967942237854 0.40002721548080444 -0.03101011924445629 
v 0.9300311207771301 0.2211281657218933 -0.15704162418842316 
v 0.9252884984016418 0.2220551073551178 -0.15704162418842316 
v 0.9300311207771301 0.2211281657218933 0.15047523379325867 
v 0.9252884984016418 0.2220551073551178 0.15047523379325867 
v 0.0004736720002256334 0.22900713980197906 -0.18872953951358795 
v 0.0004736720002256334 0.22483591735363007 -0.18584881722927094 
v 0.9044208526611328 0.22900713980197906 -0.18872953951358795 
v 0.9044208526611328 0.22483591735363007 -0.18584881722927094 
v 0.9015752673149109 0.9316261410713196 -0.3784969747066498 
v 0.9015752673149109 0.9473841190338135 -0.4307100176811218 
v 0.9708178043365479 0.9316261410713196 -0.3784969747066498 
v 0.9708178043365479 0.9473841190338135 -0.4307100176811218 
v -0.9660763740539551 0.31243157386779785 0.1933259516954422 
v -0.9053705930709839 0.31243157386779785 0.1933259516954422 
v -0.9660763740539551 0.368047833442688 0.1800026148557663 
v -0.9053705930709839 0.368047833442688 0.1800026148557663 
v 0.9015752673149109 0.8982563614845276 -0.4386320114135742 
v 0.9708178043365479 0.8982563614845276 -0.4386320114135742 
v 0.9015752673149109 0.9473841190338135 -0.4307100176811218 
v 0.9708178043365479 0.9473841190338135 -0.4307100176811218 
v -0.9053705930709839 0.2461555004119873 0.13607163727283478 
v -0.9660763740539551 0.2461555004119873 0.13607163727283478 
v -0.9053705930709839 0.3110411465167999 0.1587573140859604 
v -0.9660763740539551 0.3110411465167999 0.1587573140859604 
v -0.9044220447540283 0.2211281657218933 -0.17684656381607056 
v 0.0004736720002256334 0.2211281657218933 -0.17684656381607056 
v -0.9044220447540283 0.2220551073551178 -0.18188783526420593 
v 0.0004736720002256334 0.2220551073551178 -0.18188783526420593 
v 0.0004736720002256334 0.49179407954216003 -0.24058249592781067 
v 0.0004736720002256334 0.4811342656612396 -0.2791121304035187 
v -0.89967942237854 0.49179407954216003 -0.24058249592781067 
v -0.89967942237854 0.4811342656612396 -0.2791121304035187 
v 0.9167517423629761 0.2336418330669403 -0.15704162418842316 
v 0.9177002310752869 0.22900713980197906 -0.15704162418842316 
v 0.9177002310752869 0.2387399971485138 -0.15704162418842316 
v 0.9205458164215088 0.22483591735363007 -0.15704162418842316 
v 0.9205458164215088 0.2429112195968628 -0.15704162418842316 
v 0.9252884984016418 0.2220551073551178 -0.15704162418842316 
v 0.9252884984016418 0.24569202959537506 -0.15704162418842316 
v 0.9300311207771301 0.2211281657218933 -0.15704162418842316 
v 0.9300311207771301 0.24661897122859955 -0.15704162418842316 
v 0.9347737431526184 0.2220551073551178 -0.15704162418842316 
v 0.9347737431526184 0.24569202959537506 -0.15704162418842316 
v 0.9395163655281067 0.22483591735363007 -0.15704162418842316 
v 0.9395163655281067 0.2429112195968628 -0.15704162418842316 
v 0.9423619508743286 0.22900713980197906 -0.15704162418842316 
v 0.9423619508743286 0.2387399971485138 -0.15704162418842316 
v 0.9433104991912842 0.2336418330669403 -0.15704162418842316 
v 0.9053694009780884 0.07559890300035477 -0.1894497126340866 
v 0.9053694009780884 0.12519009411334991 -0.16496360301971436 
v 0.9660751819610596 0.07559890300035477 -0.1894497126340866 
v 0.9660751819610596 0.12519009411334991 -0.16496360301971436 
v -0.9660763740539551 0.05103504657745361 0.23905737698078156 
v -0.9053705930709839 0.05103504657745361 0.23905737698078156 
v -0.9660763740539551 0.08579522371292114 0.2052089273929596 
v -0.9053705930709839 0.08579522371292114 0.2052089273929596 
v 0.9053694009780884 0.034350164234638214 -0.2276192605495453 
v 0.9053694009780884 0.07559890300035477 -0.1894497126340866 
v 0.9660751819610596 0.034350164234638214 -0.2276192605495453 
v 0.9660751819610596 0.07559890300035477 -0.1894497126340866 
v 0.9660751819610596 0.368047833442688 0.1800026148557663 
v 0.9660751819610596 0.39678293466567993 0.14363352954387665 
v 0.9053694009780884 0.368047833442688 0.1800026148557663 
v 0.9053694009780884 0.39678293466567993 0.14363352954387665 
v 0.9660751819610596 0.05103504657745361 -0.2553461790084839 
v 0.9660751819610596 0.08579522371292114 -0.22149772942066193 
v 0.9053694009780884 0.05103504657745361 -0.2553461790084839 
v 0.9053694009780884 0.08579522371292114 -0.22149772942066193 
v 0.9708178043365479 0.4714014232158661 -0.22437845170497894 
v 0.9708178043365479 0.4486914575099945 -0.21285556256771088 
v 0.9015752673149109 0.4714014232158661 -0.22437845170497894 
v 0.9015752673149109 0.4486914575099945 -0.21285556256771088 
v 0.9660751819610596 0.3110411465167999 0.1587573140859604 
v 0.9660751819610596 0.2461555004119873 0.13607163727283478 
v 0.9053694009780884 0.3110411465167999 0.1587573140859604 
v 0.9053694009780884 0.2461555004119873 0.13607163727283478 
v 0.0004736720002256334 0.6711565852165222 -0.33168527483940125 
v 0.8996782302856445 0.6711565852165222 -0.33168527483940125 
v 0.0004736720002256334 0.7504097819328308 -0.3536507487297058 
v 0.8996782302856445 0.7504097819328308 -0.3536507487297058 
v 0.9708178043365479 0.44498369097709656 -0.26686906814575195 
v 0.9708178043365479 0.48854976892471313 -0.28163275122642517 
v 0.9015752673149109 0.44498369097709656 -0.26686906814575195 
v 0.9015752673149109 0.48854976892471313 -0.28163275122642517 
v 0.9708178043365479 0.39678293466567993 -0.18836945295333862 
v 0.9708178043365479 0.4088331162929535 -0.24310313165187836 
v 0.9015752673149109 0.39678293466567993 -0.18836945295333862 
v 0.9015752673149109 0.4088331162929535 -0.24310313165187836 
v 0.9015752673149109 0.44683757424354553 -0.18872953951358795 
v 0.9015752673149109 0.4486914575099945 -0.21285556256771088 
v 0.9708178043365479 0.44683757424354553 -0.18872953951358795 
v 0.9708178043365479 0.4486914575099945 -0.21285556256771088 
v 0.9660751819610596 0.02229996956884861 -0.31476104259490967 
v 0.9660751819610596 0.05103504657745361 -0.2553461790084839 
v 0.9053694009780884 0.02229996956884861 -0.31476104259490967 
v 0.9053694009780884 0.05103504657745361 -0.2553461790084839 
v 0.9660751819610596 -0.0013369499938562512 -0.29603636264801025 
v 0.9660751819610596 0.034350164234638214 -0.2276192605495453 
v 0.9660751819610596 0.02229996956884861 -0.31476104259490967 
v 0.9660751819610596 0.05103504657745361 -0.2553461790084839 
v 0.9660751819610596 0.07559890300035477 -0.1894497126340866 
v 0.9660751819610596 0.08579522371292114 -0.22149772942066193 
v 0.9660751819610596 0.12519009411334991 -0.16496360301971436 
v 0.9660751819610596 0.12797090411186218 -0.19953224062919617 
v 0.9660751819610596 0.2461555004119873 -0.1523604542016983 
v 0.9660751819610596 0.23920346796512604 -0.18584881722927094 
v 0.9660751819610596 0.3110411465167999 -0.17504611611366272 
v 0.9660751819610596 0.31243157386779785 -0.20961475372314453 
v 0.9660751819610596 0.35507071018218994 -0.165683776140213 
v 0.9660751819610596 0.368047833442688 -0.19629143178462982 
v 0.9660751819610596 0.3689747750759125 -0.14911964535713196 
v 0.9660751819610596 0.3963194489479065 -0.14803937077522278 
v -0.89967942237854 0.43988552689552307 0.16199812293052673 
v 0.0004736720002256334 0.43988552689552307 0.16199812293052673 
v -0.89967942237854 0.43988552689552307 0.07989759743213654 
v 0.0004736720002256334 0.43988552689552307 0.07989759743213654 
v 0.8996782302856445 0.43988552689552307 0.07989759743213654 
v 0.8996782302856445 0.43988552689552307 0.16199812293052673 
v -0.9053705930709839 0.05103504657745361 0.23905737698078156 
v -0.9660763740539551 0.05103504657745361 0.23905737698078156 
v -0.9053705930709839 0.02229996956884861 0.29847222566604614 
v -0.9660763740539551 0.02229996956884861 0.29847222566604614 
v 0.0004736720002256334 0.5724376440048218 -0.26290807127952576 
v 0.0004736720002256334 0.5617778897285461 -0.30143770575523376 
v 0.8996782302856445 0.5724376440048218 -0.26290807127952576 
v 0.8996782302856445 0.5617778897285461 -0.30143770575523376 
v 0.9708178043365479 0.8778637647628784 -0.39650148153305054 
v 0.9708178043365479 0.896865963935852 -0.41414588689804077 
v 0.9015752673149109 0.8778637647628784 -0.39650148153305054 
v 0.9015752673149109 0.896865963935852 -0.41414588689804077 
v 0.9015752673149109 0.8982563614845276 -0.4386320114135742 
v 0.9015752673149109 0.896865963935852 -0.41414588689804077 
v 0.9708178043365479 0.8982563614845276 -0.4386320114135742 
v 0.9708178043365479 0.896865963935852 -0.41414588689804077 
v 0.9015752673149109 0.5005999803543091 -0.2330206036567688 
v 0.9015752673149109 0.8899139165878296 -0.34788933396339417 
v 0.9708178043365479 0.5005999803543091 -0.2330206036567688 
v 0.9708178043365479 0.8899139165878296 -0.34788933396339417 
v 0.0004736720002256334 0.4004906713962555 0.17136046290397644 
v 0.0004736720002256334 0.376390278339386 0.25094035267829895 
v -0.89967942237854 0.4004906713962555 0.17136046290397644 
v -0.89967942237854 0.376390278339386 0.25094035267829895 
v 0.9015752673149109 0.40419843792915344 0.2768668234348297 
v 0.9708178043365479 0.40419843792915344 0.2768668234348297 
v 0.9015752673149109 0.35970538854599 0.2541811466217041 
v 0.9708178043365479 0.35970538854599 0.2541811466217041 
v -0.9660763740539551 0.12797090411186218 0.18324342370033264 
v -0.9053705930709839 0.12797090411186218 0.18324342370033264 
v -0.9660763740539551 0.23920346796512604 0.1695600152015686 
v -0.9053705930709839 0.23920346796512604 0.1695600152015686 
v 0.0004736720002256334 0.7745101451873779 -0.31872203946113586 
v 0.8996782302856445 0.7745101451873779 -0.31872203946113586 
v 0.0004736720002256334 0.7638503909111023 -0.357611745595932 
v 0.8996782302856445 0.7638503909111023 -0.357611745595932 
v 0.9660751819610596 0.02229996956884861 -0.31476104259490967 
v 0.9053694009780884 0.02229996956884861 -0.31476104259490967 
v 0.9660751819610596 -0.0013369499938562512 -0.29603636264801025 
v 0.9053694009780884 -0.0013369499938562512 -0.29603636264801025 
v -0.9660763740539551 0.35507071018218994 -0.165683776140213 
v -0.9053705930709839 0.35507071018218994 -0.165683776140213 
v -0.9660763740539551 0.3110411465167999 -0.17504611611366272 
v -0.9053705930709839 0.3110411465167999 -0.17504611611366272 
v -0.89967942237854 0.7610695362091064 -0.3151211440563202 
v 0.0004736720002256334 0.7610695362091064 -0.3151211440563202 
v -0.89967942237854 0.6818163394927979 -0.29315564036369324 
v 0.0004736720002256334 0.6818163394927979 -0.29315564036369324 
v 0.9660751819610596 0.034350164234638214 0.21133044362068176 
v 0.9660751819610596 -0.0013369499938562512 0.27974754571914673 
v 0.9053694009780884 0.034350164234638214 0.21133044362068176 
v 0.9053694009780884 -0.0013369499938562512 0.27974754571914673 
v -0.9044220447540283 0.24569202959537506 -0.17180530726909637 
v 0.0004736720002256334 0.24569202959537506 -0.17180530726909637 
v -0.9044220447540283 0.2429112195968628 -0.16748422384262085 
v 0.0004736720002256334 0.2429112195968628 -0.16748422384262085 
v 0.9044208526611328 0.2429112195968628 -0.16748422384262085 
v 0.9044208526611328 0.24569202959537506 -0.17180530726909637 
v 0.9053694009780884 0.12797090411186218 0.18324342370033264 
v 0.9053694009780884 0.08579522371292114 0.2052089273929596 
v 0.9660751819610596 0.12797090411186218 0.18324342370033264 
v 0.9660751819610596 0.08579522371292114 0.2052089273929596 
v -0.9177014231681824 0.22900713980197906 -0.15704162418842316 
v -0.9177014231681824 0.22900713980197906 0.15047523379325867 
v -0.9167528748512268 0.2336418330669403 -0.15704162418842316 
v -0.9167528748512268 0.2336418330669403 0.15047523379325867 
v 0.9053694009780884 0.35507071018218994 0.14939497411251068 
v 0.9053694009780884 0.3703652024269104 0.13319091498851776 
v 0.9660751819610596 0.35507071018218994 0.14939497411251068 
v 0.9660751819610596 0.3703652024269104 0.13319091498851776 
v -0.9660763740539551 0.3963194489479065 0.11230570077896118 
v -0.9053705930709839 0.3963194489479065 0.11230570077896118 
v -0.9660763740539551 0.3963194489479065 -0.14803937077522278 
v -0.9053705930709839 0.3963194489479065 -0.14803937077522278 
v -0.89967942237854 0.40002721548080444 -0.21357575058937073 
v -0.89967942237854 0.43988552689552307 -0.21357575058937073 
v 0.0004736720002256334 0.40002721548080444 -0.21357575058937073 
v 0.0004736720002256334 0.43988552689552307 -0.21357575058937073 
v 0.9015752673149109 0.9473841190338135 -0.4307100176811218 
v 0.9015752673149109 0.9316261410713196 -0.3784969747066498 
v 0.9015752673149109 0.8982563614845276 -0.4386320114135742 
v 0.9015752673149109 0.896865963935852 -0.41414588689804077 
v 0.9015752673149109 0.8899139165878296 -0.34788933396339417 
v 0.9015752673149109 0.8778637647628784 -0.39650148153305054 
v 0.9015752673149109 0.5005999803543091 -0.2330206036567688 
v 0.9015752673149109 0.48854976892471313 -0.28163275122642517 
v 0.9015752673149109 0.4714014232158661 -0.22437845170497894 
v 0.9015752673149109 0.44498369097709656 -0.26686906814575195 
v 0.9015752673149109 0.4486914575099945 -0.21285556256771088 
v 0.9015752673149109 0.4088331162929535 -0.24310313165187836 
v 0.9015752673149109 0.44683757424354553 -0.18872953951358795 
v 0.9015752673149109 0.39678293466567993 -0.18836945295333862 
v 0.9015752673149109 0.44915491342544556 0.12346848845481873 
v 0.9015752673149109 0.39910027384757996 0.12382858246564865 
v 0.9015752673149109 0.449618399143219 0.19296586513519287 
v 0.9015752673149109 0.40002721548080444 0.18468378484249115 
v 0.9015752673149109 0.4320065677165985 0.24697935581207275 
v 0.9015752673149109 0.38751354813575745 0.22429369390010834 
v 0.9015752673149109 0.40419843792915344 0.2768668234348297 
v 0.9015752673149109 0.35970538854599 0.2541811466217041 
v 0.9053694009780884 0.12519009411334991 -0.16496360301971436 
v 0.9053694009780884 0.2461555004119873 -0.1523604542016983 
v 0.9660751819610596 0.12519009411334991 -0.16496360301971436 
v 0.9660751819610596 0.2461555004119873 -0.1523604542016983 
v 0.9053694009780884 0.12797090411186218 -0.19953224062919617 
v 0.9053694009780884 0.08579522371292114 -0.22149772942066193 
v 0.9660751819610596 0.12797090411186218 -0.19953224062919617 
v 0.9660751819610596 0.08579522371292114 -0.22149772942066193 
v 0.9015752673149109 0.8778637647628784 -0.39650148153305054 
v 0.9015752673149109 0.48854976892471313 -0.28163275122642517 
v 0.9708178043365479 0.8778637647628784 -0.39650148153305054 
v 0.9708178043365479 0.48854976892471313 -0.28163275122642517 
v -0.9660763740539551 0.08579522371292114 0.2052089273929596 
v -0.9053705930709839 0.08579522371292114 0.2052089273929596 
v -0.9660763740539551 0.12797090411186218 0.18324342370033264 
v -0.9053705930709839 0.12797090411186218 0.18324342370033264 
v 0.9708178043365479 0.9316261410713196 -0.3784969747066498 
v 0.9708178043365479 0.8899139165878296 -0.34788933396339417 
v 0.9015752673149109 0.9316261410713196 -0.3784969747066498 
v 0.9015752673149109 0.8899139165878296 -0.34788933396339417 
v 0.9053694009780884 0.23920346796512604 0.1695600152015686 
v 0.9053694009780884 0.12797090411186218 0.18324342370033264 
v 0.9660751819610596 0.23920346796512604 0.1695600152015686 
v 0.9660751819610596 0.12797090411186218 0.18324342370033264 
v 0.9660751819610596 0.02229996956884861 0.29847222566604614 
v 0.9053694009780884 0.02229996956884861 0.29847222566604614 
v 0.9660751819610596 -0.0013369499938562512 0.27974754571914673 
v 0.9053694009780884 -0.0013369499938562512 0.27974754571914673 
v 0.9708178043365479 0.5005999803543091 -0.2330206036567688 
v 0.9708178043365479 0.4714014232158661 -0.22437845170497894 
v 0.9015752673149109 0.5005999803543091 -0.2330206036567688 
v 0.9015752673149109 0.4714014232158661 -0.22437845170497894 
v 0.9660751819610596 0.3110411465167999 -0.17504611611366272 
v 0.9660751819610596 0.2461555004119873 -0.1523604542016983 
v 0.9053694009780884 0.3110411465167999 -0.17504611611366272 
v 0.9053694009780884 0.2461555004119873 -0.1523604542016983 
v 0.9053694009780884 0.23920346796512604 -0.18584881722927094 
v 0.9053694009780884 0.12797090411186218 -0.19953224062919617 
v 0.9660751819610596 0.23920346796512604 -0.18584881722927094 
v 0.9660751819610596 0.12797090411186218 -0.19953224062919617 
v 0.9053694009780884 0.31243157386779785 -0.20961475372314453 
v 0.9053694009780884 0.23920346796512604 -0.18584881722927094 
v 0.9660751819610596 0.31243157386779785 -0.20961475372314453 
v 0.9660751819610596 0.23920346796512604 -0.18584881722927094 
v -0.9053705930709839 0.02229996956884861 0.29847222566604614 
v -0.9053705930709839 -0.0013369499938562512 0.27974754571914673 
v -0.9053705930709839 0.05103504657745361 0.23905737698078156 
v -0.9053705930709839 0.034350164234638214 0.21133044362068176 
v -0.9053705930709839 0.08579522371292114 0.2052089273929596 
v -0.9053705930709839 0.07559890300035477 0.17316091060638428 
v -0.9053705930709839 0.12797090411186218 0.18324342370033264 
v -0.9053705930709839 0.12519009411334991 0.14867478609085083 
v -0.9053705930709839 0.23920346796512604 0.1695600152015686 
v -0.9053705930709839 0.2461555004119873 0.13607163727283478 
v -0.9053705930709839 0.31243157386779785 0.1933259516954422 
v -0.9053705930709839 0.3110411465167999 0.1587573140859604 
v -0.9053705930709839 0.368047833442688 0.1800026148557663 
v -0.9053705930709839 0.35507071018218994 0.14939497411251068 
v -0.9053705930709839 0.39678293466567993 0.14363352954387665 
v -0.9053705930709839 0.3703652024269104 0.13319091498851776 
v -0.9053705930709839 0.3963194489479065 0.11230570077896118 
v -0.9053705930709839 0.3685113191604614 0.11086533963680267 
v -0.9053705930709839 0.3963194489479065 -0.14803937077522278 
v -0.9053705930709839 0.3689747750759125 -0.14911964535713196 
v -0.9053705930709839 0.368047833442688 -0.19629143178462982 
v -0.9660763740539551 0.368047833442688 -0.19629143178462982 
v -0.9053705930709839 0.31243157386779785 -0.20961475372314453 
v -0.9660763740539551 0.31243157386779785 -0.20961475372314453 
v -0.89967942237854 0.41485822200775146 0.26282331347465515 
v 0.0004736720002256334 0.41485822200775146 0.26282331347465515 
v -0.89967942237854 0.4389585852622986 0.18324342370033264 
v 0.0004736720002256334 0.4389585852622986 0.18324342370033264 
v 0.9053694009780884 0.07559890300035477 0.17316091060638428 
v 0.9053694009780884 0.12519009411334991 0.14867478609085083 
v 0.9660751819610596 0.07559890300035477 0.17316091060638428 
v 0.9660751819610596 0.12519009411334991 0.14867478609085083 
v 0.9395163655281067 0.22483591735363007 0.15047523379325867 
v 0.9423619508743286 0.22900713980197906 0.15047523379325867 
v 0.9395163655281067 0.22483591735363007 -0.15704162418842316 
v 0.9423619508743286 0.22900713980197906 -0.15704162418842316 
v -0.9053705930709839 0.31243157386779785 -0.20961475372314453 
v -0.9660763740539551 0.31243157386779785 -0.20961475372314453 
v -0.9053705930709839 0.23920346796512604 -0.18584881722927094 
v -0.9660763740539551 0.23920346796512604 -0.18584881722927094 
v -0.9708189964294434 0.40419843792915344 0.2768668234348297 
v -0.9708189964294434 0.35970538854599 0.2541811466217041 
v -0.9708189964294434 0.4320065677165985 0.24697935581207275 
v -0.9708189964294434 0.38751354813575745 0.22429369390010834 
v -0.9708189964294434 0.449618399143219 0.19296586513519287 
v -0.9708189964294434 0.40002721548080444 0.18468378484249115 
v -0.9708189964294434 0.44915491342544556 0.12346848845481873 
v -0.9708189964294434 0.39910027384757996 0.12382858246564865 
v -0.9708189964294434 0.44683757424354553 -0.18872953951358795 
v -0.9708189964294434 0.39678293466567993 -0.18836945295333862 
v -0.9708189964294434 0.4486914575099945 -0.21285556256771088 
v -0.9708189964294434 0.4088331162929535 -0.24310313165187836 
v -0.9708189964294434 0.4714014232158661 -0.22437845170497894 
v -0.9708189964294434 0.44498369097709656 -0.26686906814575195 
v -0.9708189964294434 0.5005999803543091 -0.2330206036567688 
v -0.9708189964294434 0.48854976892471313 -0.28163275122642517 
v -0.9708189964294434 0.8899139165878296 -0.34788933396339417 
v -0.9708189964294434 0.8778637647628784 -0.39650148153305054 
v -0.9708189964294434 0.9316261410713196 -0.3784969747066498 
v -0.9708189964294434 0.896865963935852 -0.41414588689804077 
v -0.9708189964294434 0.9473841190338135 -0.4307100176811218 
v -0.9708189964294434 0.8982563614845276 -0.4386320114135742 
v -0.9053705930709839 0.12797090411186218 -0.19953224062919617 
v -0.9660763740539551 0.12797090411186218 -0.19953224062919617 
v -0.9053705930709839 0.08579522371292114 -0.22149772942066193 
v -0.9660763740539551 0.08579522371292114 -0.22149772942066193 
v 0.9660751819610596 0.23920346796512604 0.1695600152015686 
v 0.9660751819610596 0.31243157386779785 0.1933259516954422 
v 0.9053694009780884 0.23920346796512604 0.1695600152015686 
v 0.9053694009780884 0.31243157386779785 0.1933259516954422 
v -0.9660763740539551 0.35507071018218994 0.14939497411251068 
v -0.9053705930709839 0.35507071018218994 0.14939497411251068 
v -0.9660763740539551 0.3110411465167999 0.1587573140859604 
v -0.9053705930709839 0.3110411465167999 0.1587573140859604 
v -0.89967942237854 0.7638503909111023 -0.357611745595932 
v -0.89967942237854 0.7745101451873779 -0.31872203946113586 
v 0.0004736720002256334 0.7638503909111023 -0.357611745595932 
v 0.0004736720002256334 0.7745101451873779 -0.31872203946113586 
v 0.9395163655281067 0.22483591735363007 -0.15704162418842316 
v 0.9347737431526184 0.2220551073551178 -0.15704162418842316 
v 0.9395163655281067 0.22483591735363007 0.15047523379325867 
v 0.9347737431526184 0.2220551073551178 0.15047523379325867 
v -0.9177014231681824 0.22900713980197906 0.15047523379325867 
v -0.9177014231681824 0.22900713980197906 -0.15704162418842316 
v -0.9205470085144043 0.22483591735363007 0.15047523379325867 
v -0.9205470085144043 0.22483591735363007 -0.15704162418842316 
v 0.9053694009780884 0.3110411465167999 0.1587573140859604 
v 0.9053694009780884 0.35507071018218994 0.14939497411251068 
v 0.9660751819610596 0.3110411465167999 0.1587573140859604 
v 0.9660751819610596 0.35507071018218994 0.14939497411251068 
v 0.9660751819610596 0.31243157386779785 0.1933259516954422 
v 0.9660751819610596 0.368047833442688 0.1800026148557663 
v 0.9053694009780884 0.31243157386779785 0.1933259516954422 
v 0.9053694009780884 0.368047833442688 0.1800026148557663 
v 0.8996782302856445 0.40002721548080444 -0.03101011924445629 
v 0.8996782302856445 0.40002721548080444 0.16199812293052673 
v -0.9044220447540283 0.2387399971485138 -0.16460351645946503 
v -0.9044220447540283 0.2336418330669403 -0.16388332843780518 
v -0.89967942237854 0.43988552689552307 0.06549400091171265 
v -0.89967942237854 0.43988552689552307 -0.03101011924445629 
vn -2.0682311115474694e-13 0 -1 
vn -2.0682311115474694e-13 0 -1 
vn -2.0682311115474694e-13 0 -1 
vn -2.0682311115474694e-13 0 -1 
vn -0.999997615814209 -2.0682260971124217e-13 0.002184694167226553 
vn -0.999997615814209 -2.0682260971124217e-13 0.002184694167226553 
vn -0.999997615814209 -2.0682260971124217e-13 0.002184694167226553 
vn -0.999997615814209 -2.0682260971124217e-13 0.002184694167226553 
vn -0.999997615814209 -2.0682260971124217e-13 0.002184694167226553 
vn -0.999997615814209 -2.0682260971124217e-13 0.002184694167226553 
vn -0.999997615814209 -2.0682260971124217e-13 0.002184694167226553 
vn -0.999997615814209 -2.0682260971124217e-13 0.002184694167226553 
vn -0.999997615814209 -2.0682260971124217e-13 0.002184694167226553 
vn -0.999997615814209 -2.0682260971124217e-13 0.002184694167226553 
vn -0.999997615814209 -2.0682260971124217e-13 0.002184694167226553 
vn -0.999997615814209 -2.0682260971124217e-13 0.002184694167226553 
vn -0.999997615814209 -2.0682260971124217e-13 0.002184694167226553 
vn -0.999997615814209 -2.0682260971124217e-13 0.002184694167226553 
vn -0.999997615814209 -2.0682260971124217e-13 0.002184694167226553 
vn -0.999997615814209 -2.0682260971124217e-13 0.002184694167226553 
vn -0.999997615814209 -2.0682260971124217e-13 0.002184694167226553 
vn -0.999997615814209 -2.0682260971124217e-13 0.002184694167226553 
vn -0.999997615814209 -2.0682260971124217e-13 0.002184694167226553 
vn -0.999997615814209 -2.0682260971124217e-13 0.002184694167226553 
vn 0.999997615814209 0 0.002184694167226553 
vn 0.999997615814209 0 0.002184694167226553 
vn 0.999997615814209 0 0.002184694167226553 
vn 0.999997615814209 0 0.002184694167226553 
vn 0.999997615814209 0 0.002184694167226553 
vn 0.999997615814209 0 0.002184694167226553 
vn 0.999997615814209 0 0.002184694167226553 
vn 0.999997615814209 0 0.002184694167226553 
vn 0.999997615814209 0 0.002184694167226553 
vn 0.999997615814209 0 0.002184694167226553 
vn 0.999997615814209 0 0.002184694167226553 
vn 0.999997615814209 0 0.002184694167226553 
vn 0.999997615814209 0 0.002184694167226553 
vn 0.999997615814209 0 0.002184694167226553 
vn 0.999997615814209 0 0.002184694167226553 
vn 0.999997615814209 0 0.002184694167226553 
vn 0.999997615814209 0 0.002184694167226553 
vn 0.999997615814209 0 0.002184694167226553 
vn 0.999997615814209 0 0.002184694167226553 
vn 0.999997615814209 0 0.002184694167226553 
vn -0.0018897876143455505 -0.10465624928474426 -0.9945066571235657 
vn -0.0018897876143455505 -0.10465624928474426 -0.9945066571235657 
vn -0.0018897876143455505 -0.10465624928474426 -0.9945066571235657 
vn -0.0018897876143455505 -0.10465624928474426 -0.9945066571235657 
vn 7.262550614063959e-14 -0.23376400768756866 0.9722933769226074 
vn 7.262550614063959e-14 -0.23376400768756866 0.9722933769226074 
vn 7.262550614063959e-14 -0.23376400768756866 0.9722933769226074 
vn 7.262550614063959e-14 -0.23376400768756866 0.9722933769226074 
vn 2.686020622501978e-13 -0.8645652532577515 0.5025205612182617 
vn 2.686020622501978e-13 -0.8645652532577515 0.5025205612182617 
vn 2.686020622501978e-13 -0.8645652532577515 0.5025205612182617 
vn 2.686020622501978e-13 -0.8645652532577515 0.5025205612182617 
vn 0.0018883873708546162 -0.7321288585662842 -0.681163489818573 
vn 0.0018883873708546162 -0.7321288585662842 -0.681163489818573 
vn 0.0018883873708546162 -0.7321288585662842 -0.681163489818573 
vn 0.0018883873708546162 -0.7321288585662842 -0.681163489818573 
vn 0.0018903466407209635 0.2081880271434784 -0.9780870079994202 
vn 0.0018903466407209635 0.2081880271434784 -0.9780870079994202 
vn 0.0018903466407209635 0.2081880271434784 -0.9780870079994202 
vn 0.0018903466407209635 0.2081880271434784 -0.9780870079994202 
vn 0.00378825468942523 -0.19532142579555511 -0.9807319641113281 
vn 0.00378825468942523 -0.19532142579555511 -0.9807319641113281 
vn 0.00378825468942523 -0.19532142579555511 -0.9807319641113281 
vn 0.00378825468942523 -0.19532142579555511 -0.9807319641113281 
vn 0.00378825468942523 -0.19532142579555511 -0.9807319641113281 
vn -0.999997615814209 -2.0682260971124217e-13 0.002184694167226553 
vn -0.999997615814209 -2.0682260971124217e-13 0.002184694167226553 
vn -0.999997615814209 -2.0682260971124217e-13 0.002184694167226553 
vn -0.999997615814209 -2.0682260971124217e-13 0.002184694167226553 
vn -0.999997615814209 -2.0682260971124217e-13 0.002184694167226553 
vn -0.999997615814209 -2.0682260971124217e-13 0.002184694167226553 
vn -0.999997615814209 -2.0682260971124217e-13 0.002184694167226553 
vn -0.999997615814209 -2.0682260971124217e-13 0.002184694167226553 
vn -0.999997615814209 -2.0682260971124217e-13 0.002184694167226553 
vn -0.999997615814209 -2.0682260971124217e-13 0.002184694167226553 
vn -0.999997615814209 -2.0682260971124217e-13 0.002184694167226553 
vn -0.999997615814209 -2.0682260971124217e-13 0.002184694167226553 
vn -0.999997615814209 -2.0682260971124217e-13 0.002184694167226553 
vn -0.999997615814209 -2.0682260971124217e-13 0.002184694167226553 
vn -0.999997615814209 -2.0682260971124217e-13 0.002184694167226553 
vn -0.999997615814209 -2.0682260971124217e-13 0.002184694167226553 
vn -0.5555689334869385 -0.8314676284790039 0.002184694167226553 
vn -0.5555689334869385 -0.8314676284790039 0.002184694167226553 
vn -0.5555689334869385 -0.8314676284790039 0.002184694167226553 
vn -0.5555689334869385 -0.8314676284790039 0.002184694167226553 
vn 0.0018888887716457248 0.7611834406852722 -0.6485338807106018 
vn 0.0018888887716457248 0.7611834406852722 -0.6485338807106018 
vn 0.0018888887716457248 0.7611834406852722 -0.6485338807106018 
vn 0.0018888887716457248 0.7611834406852722 -0.6485338807106018 
vn 2.686020622501978e-13 -0.8645652532577515 0.5025205612182617 
vn 2.686020622501978e-13 -0.8645652532577515 0.5025205612182617 
vn 2.686020622501978e-13 -0.8645652532577515 0.5025205612182617 
vn 2.686020622501978e-13 -0.8645652532577515 0.5025205612182617 
vn -0.999997615814209 -2.0682260971124217e-13 0.002184694167226553 
vn -0.999997615814209 -2.0682260971124217e-13 0.002184694167226553 
vn -0.999997615814209 -2.0682260971124217e-13 0.002184694167226553 
vn -0.999997615814209 -2.0682260971124217e-13 0.002184694167226553 
vn -0.999997615814209 -2.0682260971124217e-13 0.002184694167226553 
vn -0.999997615814209 -2.0682260971124217e-13 0.002184694167226553 
vn -0.999997615814209 -2.0682260971124217e-13 0.002184694167226553 
vn -0.999997615814209 -2.0682260971124217e-13 0.002184694167226553 
vn -0.999997615814209 -2.0682260971124217e-13 0.002184694167226553 
vn -0.999997615814209 -2.0682260971124217e-13 0.002184694167226553 
vn -0.999997615814209 -2.0682260971124217e-13 0.002184694167226553 
vn -0.999997615814209 -2.0682260971124217e-13 0.002184694167226553 
vn -0.999997615814209 -2.0682260971124217e-13 0.002184694167226553 
vn -0.999997615814209 -2.0682260971124217e-13 0.002184694167226553 
vn -0.999997615814209 -2.0682260971124217e-13 0.002184694167226553 
vn -0.999997615814209 -2.0682260971124217e-13 0.002184694167226553 
vn -0.999997615814209 -2.0682260971124217e-13 0.002184694167226553 
vn -0.999997615814209 -2.0682260971124217e-13 0.002184694167226553 
vn -0.999997615814209 -2.0682260971124217e-13 0.002184694167226553 
vn -0.999997615814209 -2.0682260971124217e-13 0.002184694167226553 
vn -0.999997615814209 -2.0682260971124217e-13 0.002184694167226553 
vn -0.999997615814209 -2.0682260971124217e-13 0.002184694167226553 
vn 0.0037705707363784313 0.7321215867996216 0.681163489818573 
vn 0.0037705707363784313 0.7321215867996216 0.681163489818573 
vn 0.0037705707363784313 0.7321215867996216 0.681163489818573 
vn 0.0037705707363784313 0.7321215867996216 0.681163489818573 
vn -0.8314676284790039 -0.5555689334869385 0.002184694167226553 
vn -0.8314676284790039 -0.5555689334869385 0.002184694167226553 
vn -0.8314676284790039 -0.5555689334869385 0.002184694167226553 
vn -0.8314676284790039 -0.5555689334869385 0.002184694167226553 
vn -0.999997615814209 -2.0682260971124217e-13 -0.002184694167226553 
vn -0.999997615814209 -2.0682260971124217e-13 -0.002184694167226553 
vn -0.999997615814209 -2.0682260971124217e-13 -0.002184694167226553 
vn -0.999997615814209 -2.0682260971124217e-13 -0.002184694167226553 
vn -0.999997615814209 -2.0682260971124217e-13 -0.002184694167226553 
vn -0.999997615814209 -2.0682260971124217e-13 -0.002184694167226553 
vn -0.999997615814209 -2.0682260971124217e-13 -0.002184694167226553 
vn -0.999997615814209 -2.0682260971124217e-13 -0.002184694167226553 
vn -0.999997615814209 -2.0682260971124217e-13 -0.002184694167226553 
vn -0.999997615814209 -2.0682260971124217e-13 -0.002184694167226553 
vn -0.999997615814209 -2.0682260971124217e-13 -0.002184694167226553 
vn -0.999997615814209 -2.0682260971124217e-13 -0.002184694167226553 
vn -0.999997615814209 -2.0682260971124217e-13 -0.002184694167226553 
vn -0.999997615814209 -2.0682260971124217e-13 -0.002184694167226553 
vn -0.999997615814209 -2.0682260971124217e-13 -0.002184694167226553 
vn -0.999997615814209 -2.0682260971124217e-13 -0.002184694167226553 
vn -1.0339156559981827e-13 0.9998067021369934 -0.01966099627315998 
vn -1.0339156559981827e-13 0.9998067021369934 -0.01966099627315998 
vn -1.0339156559981827e-13 0.9998067021369934 -0.01966099627315998 
vn -1.0339156559981827e-13 0.9998067021369934 -0.01966099627315998 
vn 0.0037779659032821655 0.45455867052078247 -0.8907088041305542 
vn 0.0037779659032821655 0.45455867052078247 -0.8907088041305542 
vn 0.0037779659032821655 0.45455867052078247 -0.8907088041305542 
vn 0.0037779659032821655 0.45455867052078247 -0.8907088041305542 
vn 0 0 1 
vn 0 0 1 
vn 0 0 1 
vn 0 0 1 
vn -0.0018859562696889043 -0.9641103148460388 0.26549527049064636 
vn -0.0018859562696889043 -0.9641103148460388 0.26549527049064636 
vn -0.0018859562696889043 -0.9641103148460388 0.26549527049064636 
vn -0.0018859562696889043 -0.9641103148460388 0.26549527049064636 
vn 0 0 1 
vn 0 0 1 
vn 0 0 1 
vn 0 0 1 
vn -2.7673027172721298e-14 0.2676009237766266 0.9635298252105713 
vn -2.7673027172721298e-14 0.2676009237766266 0.9635298252105713 
vn -2.7673027172721298e-14 0.2676009237766266 0.9635298252105713 
vn -2.7673027172721298e-14 0.2676009237766266 0.9635298252105713 
vn -2.7673027172721298e-14 0.2676009237766266 0.9635298252105713 
vn -2.7673027172721298e-14 0.2676009237766266 0.9635298252105713 
vn -2.7673027172721298e-14 0.2676009237766266 0.9635298252105713 
vn -2.7673027172721298e-14 0.2676009237766266 0.9635298252105713 
vn -2.7673027172721298e-14 0.2676009237766266 0.9635298252105713 
vn -2.7673027172721298e-14 0.2676009237766266 0.9635298252105713 
vn -2.7673027172721298e-14 0.2676009237766266 0.9635298252105713 
vn -2.7673027172721298e-14 0.2676009237766266 0.9635298252105713 
vn -2.7673027172721298e-14 0.2676009237766266 0.9635298252105713 
vn -2.7673027172721298e-14 0.2676009237766266 0.9635298252105713 
vn -2.7673027172721298e-14 0.2676009237766266 0.9635298252105713 
vn -2.7673027172721298e-14 0.2676009237766266 0.9635298252105713 
vn 3.097898456858039e-13 -0.999997615814209 0.002184694167226553 
vn 3.097898456858039e-13 -0.999997615814209 0.002184694167226553 
vn 3.097898456858039e-13 -0.999997615814209 0.002184694167226553 
vn 3.097898456858039e-13 -0.999997615814209 0.002184694167226553 
vn 3.097898456858039e-13 -0.999997615814209 0.002184694167226553 
vn 0.0018883873708546162 -0.7321288585662842 -0.681163489818573 
vn 0.0018883873708546162 -0.7321288585662842 -0.681163489818573 
vn 0.0018883873708546162 -0.7321288585662842 -0.681163489818573 
vn 0.0018883873708546162 -0.7321288585662842 -0.681163489818573 
vn 0.0018875868991017342 0.9529271721839905 0.30319350957870483 
vn 0.0018875868991017342 0.9529271721839905 0.30319350957870483 
vn 0.0018875868991017342 0.9529271721839905 0.30319350957870483 
vn 0.0018875868991017342 0.9529271721839905 0.30319350957870483 
vn -0.0018859562696889043 -0.9641103148460388 0.26549527049064636 
vn -0.0018859562696889043 -0.9641103148460388 0.26549527049064636 
vn -0.0018859562696889043 -0.9641103148460388 0.26549527049064636 
vn -0.0018859562696889043 -0.9641103148460388 0.26549527049064636 
vn 0.003786779474467039 -0.26757413148880005 -0.9635298252105713 
vn 0.003786779474467039 -0.26757413148880005 -0.9635298252105713 
vn 0.003786779474467039 -0.26757413148880005 -0.9635298252105713 
vn 0.003786779474467039 -0.26757413148880005 -0.9635298252105713 
vn -0.9807829260826111 -0.19508986175060272 0.002184694167226553 
vn -0.9807829260826111 -0.19508986175060272 0.002184694167226553 
vn -0.9807829260826111 -0.19508986175060272 0.002184694167226553 
vn -0.9807829260826111 -0.19508986175060272 0.002184694167226553 
vn 0.999997615814209 0 -0.002184694167226553 
vn 0.999997615814209 0 -0.002184694167226553 
vn 0.999997615814209 0 -0.002184694167226553 
vn 0.999997615814209 0 -0.002184694167226553 
vn 2.9479519411505783e-13 -0.95159512758255 -0.30735430121421814 
vn 2.9479519411505783e-13 -0.95159512758255 -0.30735430121421814 
vn 2.9479519411505783e-13 -0.95159512758255 -0.30735430121421814 
vn 2.9479519411505783e-13 -0.95159512758255 -0.30735430121421814 
vn 0.0018891289364546537 -0.6025291085243225 -0.7980946898460388 
vn 0.0018891289364546537 -0.6025291085243225 -0.7980946898460388 
vn 0.0018891289364546537 -0.6025291085243225 -0.7980946898460388 
vn 0.0018891289364546537 -0.6025291085243225 -0.7980946898460388 
vn 0.0037766085006296635 0.9641047716140747 -0.26549527049064636 
vn 0.0037766085006296635 0.9641047716140747 -0.26549527049064636 
vn 0.0037766085006296635 0.9641047716140747 -0.26549527049064636 
vn 0.0037766085006296635 0.9641047716140747 -0.26549527049064636 
vn 0.003786779474467039 -0.26757413148880005 -0.9635298252105713 
vn 0.003786779474467039 -0.26757413148880005 -0.9635298252105713 
vn 0.003786779474467039 -0.26757413148880005 -0.9635298252105713 
vn 0.003786779474467039 -0.26757413148880005 -0.9635298252105713 
vn 0.999997615814209 0 -0.002184694167226553 
vn 0.999997615814209 0 -0.002184694167226553 
vn 0.999997615814209 0 -0.002184694167226553 
vn 0.999997615814209 0 -0.002184694167226553 
vn 0.999997615814209 0 0.002184694167226553 
vn 0.999997615814209 0 0.002184694167226553 
vn 0.999997615814209 0 0.002184694167226553 
vn 0.999997615814209 0 0.002184694167226553 
vn 0.999997615814209 0 0.002184694167226553 
vn 0.999997615814209 0 0.002184694167226553 
vn 0.999997615814209 0 0.002184694167226553 
vn 0.999997615814209 0 0.002184694167226553 
vn 0.003786779474467039 -0.26757413148880005 -0.9635298252105713 
vn 0.003786779474467039 -0.26757413148880005 -0.9635298252105713 
vn 0.003786779474467039 -0.26757413148880005 -0.9635298252105713 
vn 0.003786779474467039 -0.26757413148880005 -0.9635298252105713 
vn 0.003777687903493643 0.844132125377655 -0.5361219048500061 
vn 0.003777687903493643 0.844132125377655 -0.5361219048500061 
vn 0.003777687903493643 0.844132125377655 -0.5361219048500061 
vn 0.003777687903493643 0.844132125377655 -0.5361219048500061 
vn 0.0037766085006296635 0.9641047716140747 -0.26549527049064636 
vn 0.0037766085006296635 0.9641047716140747 -0.26549527049064636 
vn 0.0037766085006296635 0.9641047716140747 -0.26549527049064636 
vn 0.0037766085006296635 0.9641047716140747 -0.26549527049064636 
vn 0 0 1 
vn 0 0 1 
vn 0 0 1 
vn 0 0 1 
vn 0.001886376179754734 0.8322253227233887 0.5544344186782837 
vn 0.001886376179754734 0.8322253227233887 0.5544344186782837 
vn 0.001886376179754734 0.8322253227233887 0.5544344186782837 
vn 0.001886376179754734 0.8322253227233887 0.5544344186782837 
vn -0.999997615814209 -2.0682260971124217e-13 0.002184694167226553 
vn -0.999997615814209 -2.0682260971124217e-13 0.002184694167226553 
vn -0.999997615814209 -2.0682260971124217e-13 0.002184694167226553 
vn -0.999997615814209 -2.0682260971124217e-13 0.002184694167226553 
vn 2.0682311115474694e-13 4.2775797696334704e-26 -1 
vn 2.0682311115474694e-13 4.2775797696334704e-26 -1 
vn 2.0682311115474694e-13 4.2775797696334704e-26 -1 
vn 2.0682311115474694e-13 4.2775797696334704e-26 -1 
vn -0.0018924816977232695 0.2927601933479309 -0.9561840295791626 
vn -0.0018924816977232695 0.2927601933479309 -0.9561840295791626 
vn -0.0018924816977232695 0.2927601933479309 -0.9561840295791626 
vn -0.0018924816977232695 0.2927601933479309 -0.9561840295791626 
vn -0.999997615814209 -2.0682260971124217e-13 0.002184694167226553 
vn -0.999997615814209 -2.0682260971124217e-13 0.002184694167226553 
vn -0.999997615814209 -2.0682260971124217e-13 0.002184694167226553 
vn -0.999997615814209 -2.0682260971124217e-13 0.002184694167226553 
vn 2.0682311115474694e-13 4.2775797696334704e-26 -1 
vn 2.0682311115474694e-13 4.2775797696334704e-26 -1 
vn 2.0682311115474694e-13 4.2775797696334704e-26 -1 
vn 2.0682311115474694e-13 4.2775797696334704e-26 -1 
vn 2.0682311115474694e-13 4.2775797696334704e-26 -1 
vn 2.0682311115474694e-13 4.2775797696334704e-26 -1 
vn 2.0682311115474694e-13 4.2775797696334704e-26 -1 
vn 2.0682311115474694e-13 4.2775797696334704e-26 -1 
vn -1.0340933296291988e-13 0.9999785423278809 -0.006554040592163801 
vn -1.0340933296291988e-13 0.9999785423278809 -0.006554040592163801 
vn -1.0340933296291988e-13 0.9999785423278809 -0.006554040592163801 
vn -1.0340933296291988e-13 0.9999785423278809 -0.006554040592163801 
vn -1.0341130485562108e-13 0.999997615814209 0.002184694167226553 
vn -1.0341130485562108e-13 0.999997615814209 0.002184694167226553 
vn -1.0341130485562108e-13 0.999997615814209 0.002184694167226553 
vn -1.0341130485562108e-13 0.999997615814209 0.002184694167226553 
vn -1.0341130485562108e-13 0.999997615814209 0.002184694167226553 
vn -1.0341130485562108e-13 0.999997615814209 0.002184694167226553 
vn -8.606192879656235e-14 0.8322274088859558 -0.5544344186782837 
vn -8.606192879656235e-14 0.8322274088859558 -0.5544344186782837 
vn -8.606192879656235e-14 0.8322274088859558 -0.5544344186782837 
vn -8.606192879656235e-14 0.8322274088859558 -0.5544344186782837 
vn 3.097898456858039e-13 -0.999997615814209 0.002184694167226553 
vn 3.097898456858039e-13 -0.999997615814209 0.002184694167226553 
vn 3.097898456858039e-13 -0.999997615814209 0.002184694167226553 
vn 3.097898456858039e-13 -0.999997615814209 0.002184694167226553 
vn -1.0339945994688668e-13 0.9998830556869507 -0.0152922747656703 
vn -1.0339945994688668e-13 0.9998830556869507 -0.0152922747656703 
vn -1.0339945994688668e-13 0.9998830556869507 -0.0152922747656703 
vn -1.0339945994688668e-13 0.9998830556869507 -0.0152922747656703 
vn 0.5555689334869385 0.8314676284790039 -0.002184694167226553 
vn 0.5555689334869385 0.8314676284790039 -0.002184694167226553 
vn 0.5555689334869385 0.8314676284790039 -0.002184694167226553 
vn 0.5555689334869385 0.8314676284790039 -0.002184694167226553 
vn 0.19508986175060272 0.9807829260826111 -0.002184694167226553 
vn 0.19508986175060272 0.9807829260826111 -0.002184694167226553 
vn 0.19508986175060272 0.9807829260826111 -0.002184694167226553 
vn 0.19508986175060272 0.9807829260826111 -0.002184694167226553 
vn -1.0124504858620431e-13 0.9811564087867737 -0.19321508705615997 
vn -1.0124504858620431e-13 0.9811564087867737 -0.19321508705615997 
vn -1.0124504858620431e-13 0.9811564087867737 -0.19321508705615997 
vn -1.0124504858620431e-13 0.9811564087867737 -0.19321508705615997 
vn 0.8314676284790039 0.5555689334869385 -0.002184694167226553 
vn 0.8314676284790039 0.5555689334869385 -0.002184694167226553 
vn 0.8314676284790039 0.5555689334869385 -0.002184694167226553 
vn 0.8314676284790039 0.5555689334869385 -0.002184694167226553 
vn -0.0018859562696889043 -0.9641103148460388 0.26549527049064636 
vn -0.0018859562696889043 -0.9641103148460388 0.26549527049064636 
vn -0.0018859562696889043 -0.9641103148460388 0.26549527049064636 
vn -0.0018859562696889043 -0.9641103148460388 0.26549527049064636 
vn 0.00378825468942523 0.19532142579555511 -0.9807319641113281 
vn 0.00378825468942523 0.19532142579555511 -0.9807319641113281 
vn 0.00378825468942523 0.19532142579555511 -0.9807319641113281 
vn 0.00378825468942523 0.19532142579555511 -0.9807319641113281 
vn 0.00378825468942523 0.19532142579555511 -0.9807319641113281 
vn 0.9807829260826111 0.19508986175060272 0.002184694167226553 
vn 0.9807829260826111 0.19508986175060272 0.002184694167226553 
vn 0.9807829260826111 0.19508986175060272 0.002184694167226553 
vn 0.9807829260826111 0.19508986175060272 0.002184694167226553 
vn -8.606192879656235e-14 0.8322274088859558 -0.5544344186782837 
vn -8.606192879656235e-14 0.8322274088859558 -0.5544344186782837 
vn -8.606192879656235e-14 0.8322274088859558 -0.5544344186782837 
vn -8.606192879656235e-14 0.8322274088859558 -0.5544344186782837 
vn 0.8314676284790039 -0.5555689334869385 0.002184694167226553 
vn 0.8314676284790039 -0.5555689334869385 0.002184694167226553 
vn 0.8314676284790039 -0.5555689334869385 0.002184694167226553 
vn 0.8314676284790039 -0.5555689334869385 0.002184694167226553 
vn 0.5555689334869385 -0.8314676284790039 0.002184694167226553 
vn 0.5555689334869385 -0.8314676284790039 0.002184694167226553 
vn 0.5555689334869385 -0.8314676284790039 0.002184694167226553 
vn 0.5555689334869385 -0.8314676284790039 0.002184694167226553 
vn 0.9807829260826111 -0.19508986175060272 0.002184694167226553 
vn 0.9807829260826111 -0.19508986175060272 0.002184694167226553 
vn 0.9807829260826111 -0.19508986175060272 0.002184694167226553 
vn 0.9807829260826111 -0.19508986175060272 0.002184694167226553 
vn -0.9807829260826111 0.19508986175060272 0.002184694167226553 
vn -0.9807829260826111 0.19508986175060272 0.002184694167226553 
vn -0.9807829260826111 0.19508986175060272 0.002184694167226553 
vn -0.9807829260826111 0.19508986175060272 0.002184694167226553 
vn -0.999997615814209 -2.0682260971124217e-13 0.002184694167226553 
vn -0.999997615814209 -2.0682260971124217e-13 0.002184694167226553 
vn -0.999997615814209 -2.0682260971124217e-13 0.002184694167226553 
vn -0.999997615814209 -2.0682260971124217e-13 0.002184694167226553 
vn 0.19508986175060272 -0.9807829260826111 0.002184694167226553 
vn 0.19508986175060272 -0.9807829260826111 0.002184694167226553 
vn 0.19508986175060272 -0.9807829260826111 0.002184694167226553 
vn 0.19508986175060272 -0.9807829260826111 0.002184694167226553 
vn 0.0018888887716457248 0.7611834406852722 -0.6485338807106018 
vn 0.0018888887716457248 0.7611834406852722 -0.6485338807106018 
vn 0.0018888887716457248 0.7611834406852722 -0.6485338807106018 
vn 0.0018888887716457248 0.7611834406852722 -0.6485338807106018 
vn 0.003782470477744937 -0.5562383532524109 -0.8310141563415527 
vn 0.003782470477744937 -0.5562383532524109 -0.8310141563415527 
vn 0.003782470477744937 -0.5562383532524109 -0.8310141563415527 
vn 0.003782470477744937 -0.5562383532524109 -0.8310141563415527 
vn 0.003782470477744937 -0.5562383532524109 -0.8310141563415527 
vn 0.003782470477744937 -0.5562383532524109 -0.8310141563415527 
vn 0.0018864087760448456 0.9811546206474304 0.19321508705615997 
vn 0.0018864087760448456 0.9811546206474304 0.19321508705615997 
vn 0.0018864087760448456 0.9811546206474304 0.19321508705615997 
vn 0.0018864087760448456 0.9811546206474304 0.19321508705615997 
vn 0.0037707132287323475 0.6025202870368958 0.7980946898460388 
vn 0.0037707132287323475 0.6025202870368958 0.7980946898460388 
vn 0.0037707132287323475 0.6025202870368958 0.7980946898460388 
vn 0.0037707132287323475 0.6025202870368958 0.7980946898460388 
vn 3.048244436813091e-13 -0.9811564087867737 -0.19321508705615997 
vn 3.048244436813091e-13 -0.9811564087867737 -0.19321508705615997 
vn 3.048244436813091e-13 -0.9811564087867737 -0.19321508705615997 
vn 3.048244436813091e-13 -0.9811564087867737 -0.19321508705615997 
vn 3.048244436813091e-13 -0.9811564087867737 -0.19321508705615997 
vn 3.048244436813091e-13 -0.9811564087867737 -0.19321508705615997 
vn 0.0018864087760448456 -0.9811546206474304 0.19321508705615997 
vn 0.0018864087760448456 -0.9811546206474304 0.19321508705615997 
vn 0.0018864087760448456 -0.9811546206474304 0.19321508705615997 
vn 0.0018864087760448456 -0.9811546206474304 0.19321508705615997 
vn 0.0018864087760448456 -0.9811546206474304 0.19321508705615997 
vn 0.0018864087760448456 -0.9811546206474304 0.19321508705615997 
vn -7.191510977217278e-14 0.6954262852668762 0.7185974717140198 
vn -7.191510977217278e-14 0.6954262852668762 0.7185974717140198 
vn -7.191510977217278e-14 0.6954262852668762 0.7185974717140198 
vn -7.191510977217278e-14 0.6954262852668762 0.7185974717140198 
vn 3.0978390967890956e-13 -0.9999785423278809 0.006554040592163801 
vn 3.0978390967890956e-13 -0.9999785423278809 0.006554040592163801 
vn 3.0978390967890956e-13 -0.9999785423278809 0.006554040592163801 
vn 3.0978390967890956e-13 -0.9999785423278809 0.006554040592163801 
vn 0.001886376179754734 -0.8322253227233887 0.5544344186782837 
vn 0.001886376179754734 -0.8322253227233887 0.5544344186782837 
vn 0.001886376179754734 -0.8322253227233887 0.5544344186782837 
vn 0.001886376179754734 -0.8322253227233887 0.5544344186782837 
vn 0.001886376179754734 -0.8322253227233887 0.5544344186782837 
vn 0.001886376179754734 -0.8322253227233887 0.5544344186782837 
vn 6.069362406321138e-14 -0.19535815715789795 0.9807319641113281 
vn 6.069362406321138e-14 -0.19535815715789795 0.9807319641113281 
vn 6.069362406321138e-14 -0.19535815715789795 0.9807319641113281 
vn 6.069362406321138e-14 -0.19535815715789795 0.9807319641113281 
vn 6.069362406321138e-14 -0.19535815715789795 0.9807319641113281 
vn 6.069362406321138e-14 -0.19535815715789795 0.9807319641113281 
vn 0.0018879338167607784 -0.9963706135749817 0.08510008454322815 
vn 0.0018879338167607784 -0.9963706135749817 0.08510008454322815 
vn 0.0018879338167607784 -0.9963706135749817 0.08510008454322815 
vn 0.0018879338167607784 -0.9963706135749817 0.08510008454322815 
vn -1.0124504858620431e-13 0.9811564087867737 -0.19321508705615997 
vn -1.0124504858620431e-13 0.9811564087867737 -0.19321508705615997 
vn -1.0124504858620431e-13 0.9811564087867737 -0.19321508705615997 
vn -1.0124504858620431e-13 0.9811564087867737 -0.19321508705615997 
vn -2.0202289751562567e-14 0.19535815715789795 0.9807319641113281 
vn -2.0202289751562567e-14 0.19535815715789795 0.9807319641113281 
vn -2.0202289751562567e-14 0.19535815715789795 0.9807319641113281 
vn -2.0202289751562567e-14 0.19535815715789795 0.9807319641113281 
vn -2.0202289751562567e-14 0.19535815715789795 0.9807319641113281 
vn -2.0202289751562567e-14 0.19535815715789795 0.9807319641113281 
vn -0.19508986175060272 0.9807829260826111 -0.002184694167226553 
vn -0.19508986175060272 0.9807829260826111 -0.002184694167226553 
vn -0.19508986175060272 0.9807829260826111 -0.002184694167226553 
vn -0.19508986175060272 0.9807829260826111 -0.002184694167226553 
vn -5.752280704714174e-14 0.5562512278556824 0.8310141563415527 
vn -5.752280704714174e-14 0.5562512278556824 0.8310141563415527 
vn -5.752280704714174e-14 0.5562512278556824 0.8310141563415527 
vn -5.752280704714174e-14 0.5562512278556824 0.8310141563415527 
vn -0.0018728610593825579 -0.16095328330993652 0.986960232257843 
vn -0.0018728610593825579 -0.16095328330993652 0.986960232257843 
vn -0.0018728610593825579 -0.16095328330993652 0.986960232257843 
vn -0.0018728610593825579 -0.16095328330993652 0.986960232257843 
vn 0.0018770330352708697 -0.29276028275489807 0.9561840295791626 
vn 0.0018770330352708697 -0.29276028275489807 0.9561840295791626 
vn 0.0018770330352708697 -0.29276028275489807 0.9561840295791626 
vn 0.0018770330352708697 -0.29276028275489807 0.9561840295791626 
vn -0.999997615814209 -2.0682260971124217e-13 0.002184694167226553 
vn -0.999997615814209 -2.0682260971124217e-13 0.002184694167226553 
vn -0.999997615814209 -2.0682260971124217e-13 0.002184694167226553 
vn -0.999997615814209 -2.0682260971124217e-13 0.002184694167226553 
vn -0.999997615814209 -2.0682260971124217e-13 0.002184694167226553 
vn -0.999997615814209 -2.0682260971124217e-13 0.002184694167226553 
vn -0.999997615814209 -2.0682260971124217e-13 0.002184694167226553 
vn -0.999997615814209 -2.0682260971124217e-13 0.002184694167226553 
vn -0.999997615814209 -2.0682260971124217e-13 0.002184694167226553 
vn -0.999997615814209 -2.0682260971124217e-13 0.002184694167226553 
vn -0.999997615814209 -2.0682260971124217e-13 0.002184694167226553 
vn -0.999997615814209 -2.0682260971124217e-13 0.002184694167226553 
vn -0.999997615814209 -2.0682260971124217e-13 0.002184694167226553 
vn -0.999997615814209 -2.0682260971124217e-13 0.002184694167226553 
vn -0.999997615814209 -2.0682260971124217e-13 0.002184694167226553 
vn -0.999997615814209 -2.0682260971124217e-13 0.002184694167226553 
vn -0.999997615814209 -2.0682260971124217e-13 0.002184694167226553 
vn -0.999997615814209 -2.0682260971124217e-13 0.002184694167226553 
vn -0.999997615814209 -2.0682260971124217e-13 0.002184694167226553 
vn -0.999997615814209 -2.0682260971124217e-13 0.002184694167226553 
vn -0.999997615814209 -2.0682260971124217e-13 0.002184694167226553 
vn -0.999997615814209 -2.0682260971124217e-13 0.002184694167226553 
vn -0.001887861406430602 0.9987360239028931 0.05022686347365379 
vn -0.001887861406430602 0.9987360239028931 0.05022686347365379 
vn -0.001887861406430602 0.9987360239028931 0.05022686347365379 
vn -0.001887861406430602 0.9987360239028931 0.05022686347365379 
vn 0.003773982636630535 -0.9970709085464478 -0.0763898640871048 
vn 0.003773982636630535 -0.9970709085464478 -0.0763898640871048 
vn 0.003773982636630535 -0.9970709085464478 -0.0763898640871048 
vn 0.003773982636630535 -0.9970709085464478 -0.0763898640871048 
vn -0.0018859562696889043 -0.9641103148460388 0.26549527049064636 
vn -0.0018859562696889043 -0.9641103148460388 0.26549527049064636 
vn -0.0018859562696889043 -0.9641103148460388 0.26549527049064636 
vn -0.0018859562696889043 -0.9641103148460388 0.26549527049064636 
vn -1.0112094809503619e-13 0.97575443983078 0.21886809170246124 
vn -1.0112094809503619e-13 0.97575443983078 0.21886809170246124 
vn -1.0112094809503619e-13 0.97575443983078 0.21886809170246124 
vn -1.0112094809503619e-13 0.97575443983078 0.21886809170246124 
vn 8.835683920627169e-14 -0.2843993604183197 -0.9587059020996094 
vn 8.835683920627169e-14 -0.2843993604183197 -0.9587059020996094 
vn 8.835683920627169e-14 -0.2843993604183197 -0.9587059020996094 
vn 8.835683920627169e-14 -0.2843993604183197 -0.9587059020996094 
vn 8.835683920627169e-14 -0.2843993604183197 -0.9587059020996094 
vn 8.835683920627169e-14 -0.2843993604183197 -0.9587059020996094 
vn 8.835683920627169e-14 -0.2843993604183197 -0.9587059020996094 
vn 8.835683920627169e-14 -0.2843993604183197 -0.9587059020996094 
vn 0.0018903875024989247 -0.5884889960289001 -0.8085030317306519 
vn 0.0018903875024989247 -0.5884889960289001 -0.8085030317306519 
vn 0.0018903875024989247 -0.5884889960289001 -0.8085030317306519 
vn 0.0018903875024989247 -0.5884889960289001 -0.8085030317306519 
vn 0 0 1 
vn 0 0 1 
vn 0 0 1 
vn 0 0 1 
vn 0 0 1 
vn 0 0 1 
vn 0 0 1 
vn 0 0 1 
vn 0 0 1 
vn 0 0 1 
vn 0 0 1 
vn 0 0 1 
vn 0 0 1 
vn 0 0 1 
vn 0 0 1 
vn 0 0 1 
vn -0.19508986175060272 0.9807829260826111 -0.002184694167226553 
vn -0.19508986175060272 0.9807829260826111 -0.002184694167226553 
vn -0.19508986175060272 0.9807829260826111 -0.002184694167226553 
vn -0.19508986175060272 0.9807829260826111 -0.002184694167226553 
vn 0.0037524683866649866 0.3177083432674408 0.9481810927391052 
vn 0.0037524683866649866 0.3177083432674408 0.9481810927391052 
vn 0.0037524683866649866 0.3177083432674408 0.9481810927391052 
vn 0.0037524683866649866 0.3177083432674408 0.9481810927391052 
vn -4.968388219150346e-15 0.048044804483652115 -0.9988451600074768 
vn -4.968388219150346e-15 0.048044804483652115 -0.9988451600074768 
vn -4.968388219150346e-15 0.048044804483652115 -0.9988451600074768 
vn -4.968388219150346e-15 0.048044804483652115 -0.9988451600074768 
vn 0.003765546716749668 0.5489551424980164 0.8358433246612549 
vn 0.003765546716749668 0.5489551424980164 0.8358433246612549 
vn 0.003765546716749668 0.5489551424980164 0.8358433246612549 
vn 0.003765546716749668 0.5489551424980164 0.8358433246612549 
vn -1.0341130485562108e-13 0.999997615814209 0.002184694167226553 
vn -1.0341130485562108e-13 0.999997615814209 0.002184694167226553 
vn -1.0341130485562108e-13 0.999997615814209 0.002184694167226553 
vn -1.0341130485562108e-13 0.999997615814209 0.002184694167226553 
vn -1.0341130485562108e-13 0.999997615814209 0.002184694167226553 
vn -0.0018861618591472507 -0.8441384434700012 0.5361219048500061 
vn -0.0018861618591472507 -0.8441384434700012 0.5361219048500061 
vn -0.0018861618591472507 -0.8441384434700012 0.5361219048500061 
vn -0.0018861618591472507 -0.8441384434700012 0.5361219048500061 
vn -2.0682311115474694e-13 0 -1 
vn -2.0682311115474694e-13 0 -1 
vn -2.0682311115474694e-13 0 -1 
vn -2.0682311115474694e-13 0 -1 
vn 0.0037539536133408546 0.28437456488609314 0.9587059020996094 
vn 0.0037539536133408546 0.28437456488609314 0.9587059020996094 
vn 0.0037539536133408546 0.28437456488609314 0.9587059020996094 
vn 0.0037539536133408546 0.28437456488609314 0.9587059020996094 
vn 0.0037705707363784313 0.7321215867996216 0.681163489818573 
vn 0.0037705707363784313 0.7321215867996216 0.681163489818573 
vn 0.0037705707363784313 0.7321215867996216 0.681163489818573 
vn 0.0037705707363784313 0.7321215867996216 0.681163489818573 
vn -1.0341130485562108e-13 0.999997615814209 0.002184694167226553 
vn -1.0341130485562108e-13 0.999997615814209 0.002184694167226553 
vn -1.0341130485562108e-13 0.999997615814209 0.002184694167226553 
vn -1.0341130485562108e-13 0.999997615814209 0.002184694167226553 
vn -1.0341130485562108e-13 0.999997615814209 0.002184694167226553 
vn 0.999997615814209 0 0.002184694167226553 
vn 0.999997615814209 0 0.002184694167226553 
vn 0.999997615814209 0 0.002184694167226553 
vn 0.999997615814209 0 0.002184694167226553 
vn -1.0341130485562108e-13 0.999997615814209 -0.002184694167226553 
vn -1.0341130485562108e-13 0.999997615814209 -0.002184694167226553 
vn -1.0341130485562108e-13 0.999997615814209 -0.002184694167226553 
vn -1.0341130485562108e-13 0.999997615814209 -0.002184694167226553 
vn 0.999997615814209 0 0.002184694167226553 
vn 0.999997615814209 0 0.002184694167226553 
vn 0.999997615814209 0 0.002184694167226553 
vn 0.999997615814209 0 0.002184694167226553 
vn 0.999997615814209 0 0.002184694167226553 
vn 0.999997615814209 0 0.002184694167226553 
vn 0.999997615814209 0 0.002184694167226553 
vn 0.999997615814209 0 0.002184694167226553 
vn 0.00188484659884125 0.6827587485313416 0.7306414246559143 
vn 0.00188484659884125 0.6827587485313416 0.7306414246559143 
vn 0.00188484659884125 0.6827587485313416 0.7306414246559143 
vn 0.00188484659884125 0.6827587485313416 0.7306414246559143 
vn 1.723213856764244e-13 -0.5562512278556824 0.8310141563415527 
vn 1.723213856764244e-13 -0.5562512278556824 0.8310141563415527 
vn 1.723213856764244e-13 -0.5562512278556824 0.8310141563415527 
vn 1.723213856764244e-13 -0.5562512278556824 0.8310141563415527 
vn 1.723213856764244e-13 -0.5562512278556824 0.8310141563415527 
vn 1.723213856764244e-13 -0.5562512278556824 0.8310141563415527 
vn 0.999997615814209 0 0.002184694167226553 
vn 0.999997615814209 0 0.002184694167226553 
vn 0.999997615814209 0 0.002184694167226553 
vn 0.999997615814209 0 0.002184694167226553 
vn 0.999997615814209 0 0.002184694167226553 
vn 0.999997615814209 0 0.002184694167226553 
vn 0.999997615814209 0 0.002184694167226553 
vn 0.999997615814209 0 0.002184694167226553 
vn 0.999997615814209 0 0.002184694167226553 
vn 0.999997615814209 0 0.002184694167226553 
vn 0.999997615814209 0 0.002184694167226553 
vn 0.999997615814209 0 0.002184694167226553 
vn 0.999997615814209 0 0.002184694167226553 
vn 0.999997615814209 0 0.002184694167226553 
vn 0.999997615814209 0 0.002184694167226553 
vn 0.999997615814209 0 0.002184694167226553 
vn 0.003785097738727927 -0.3301100730895996 -0.9439348578453064 
vn 0.003785097738727927 -0.3301100730895996 -0.9439348578453064 
vn 0.003785097738727927 -0.3301100730895996 -0.9439348578453064 
vn 0.003785097738727927 -0.3301100730895996 -0.9439348578453064 
vn 0.999997615814209 0 0.002184694167226553 
vn 0.999997615814209 0 0.002184694167226553 
vn 0.999997615814209 0 0.002184694167226553 
vn 0.999997615814209 0 0.002184694167226553 
vn 0.999997615814209 0 0.002184694167226553 
vn 0.999997615814209 0 0.002184694167226553 
vn 0.999997615814209 0 0.002184694167226553 
vn 0.999997615814209 0 0.002184694167226553 
vn 0.999997615814209 0 0.002184694167226553 
vn 0.999997615814209 0 0.002184694167226553 
vn 0.999997615814209 0 0.002184694167226553 
vn 0.999997615814209 0 0.002184694167226553 
vn 0.999997615814209 0 0.002184694167226553 
vn 0.999997615814209 0 0.002184694167226553 
vn 0.999997615814209 0 0.002184694167226553 
vn 0.999997615814209 0 0.002184694167226553 
vn -2.0682311115474694e-13 0 -1 
vn -2.0682311115474694e-13 0 -1 
vn -2.0682311115474694e-13 0 -1 
vn -2.0682311115474694e-13 0 -1 
vn 0.0018831990892067552 0.6198199987411499 0.7847417593002319 
vn 0.0018831990892067552 0.6198199987411499 0.7847417593002319 
vn 0.0018831990892067552 0.6198199987411499 0.7847417593002319 
vn 0.0018831990892067552 0.6198199987411499 0.7847417593002319 
vn -0.5555689334869385 0.8314676284790039 -0.002184694167226553 
vn -0.5555689334869385 0.8314676284790039 -0.002184694167226553 
vn -0.5555689334869385 0.8314676284790039 -0.002184694167226553 
vn -0.5555689334869385 0.8314676284790039 -0.002184694167226553 
vn -4.5796848843586424e-14 0.44286009669303894 -0.8965907096862793 
vn -4.5796848843586424e-14 0.44286009669303894 -0.8965907096862793 
vn -4.5796848843586424e-14 0.44286009669303894 -0.8965907096862793 
vn -4.5796848843586424e-14 0.44286009669303894 -0.8965907096862793 
vn 0.00188929692376405 0.6795597672462463 -0.7336177229881287 
vn 0.00188929692376405 0.6795597672462463 -0.7336177229881287 
vn 0.00188929692376405 0.6795597672462463 -0.7336177229881287 
vn 0.00188929692376405 0.6795597672462463 -0.7336177229881287 
vn 0.0018882700242102146 -0.9580804109573364 -0.2864931523799896 
vn 0.0018882700242102146 -0.9580804109573364 -0.2864931523799896 
vn 0.0018882700242102146 -0.9580804109573364 -0.2864931523799896 
vn 0.0018882700242102146 -0.9580804109573364 -0.2864931523799896 
vn 3.097898456858039e-13 -0.999997615814209 -0.002184694167226553 
vn 3.097898456858039e-13 -0.999997615814209 -0.002184694167226553 
vn 3.097898456858039e-13 -0.999997615814209 -0.002184694167226553 
vn 3.097898456858039e-13 -0.999997615814209 -0.002184694167226553 
vn 2.972640579870789e-13 -0.9568213224411011 -0.29067665338516235 
vn 2.972640579870789e-13 -0.9568213224411011 -0.29067665338516235 
vn 2.972640579870789e-13 -0.9568213224411011 -0.29067665338516235 
vn 2.972640579870789e-13 -0.9568213224411011 -0.29067665338516235 
vn -0.999997615814209 -2.0682260971124217e-13 0.002184694167226553 
vn -0.999997615814209 -2.0682260971124217e-13 0.002184694167226553 
vn -0.999997615814209 -2.0682260971124217e-13 0.002184694167226553 
vn -0.999997615814209 -2.0682260971124217e-13 0.002184694167226553 
vn -0.999997615814209 -2.0682260971124217e-13 0.002184694167226553 
vn -0.999997615814209 -2.0682260971124217e-13 0.002184694167226553 
vn -0.999997615814209 -2.0682260971124217e-13 0.002184694167226553 
vn -0.999997615814209 -2.0682260971124217e-13 0.002184694167226553 
vn -0.999997615814209 -2.0682260971124217e-13 0.002184694167226553 
vn -0.999997615814209 -2.0682260971124217e-13 0.002184694167226553 
vn -0.999997615814209 -2.0682260971124217e-13 0.002184694167226553 
vn -0.999997615814209 -2.0682260971124217e-13 0.002184694167226553 
vn -0.999997615814209 -2.0682260971124217e-13 0.002184694167226553 
vn -0.999997615814209 -2.0682260971124217e-13 0.002184694167226553 
vn -0.999997615814209 -2.0682260971124217e-13 0.002184694167226553 
vn -0.999997615814209 -2.0682260971124217e-13 0.002184694167226553 
vn -0.999997615814209 -2.0682260971124217e-13 0.002184694167226553 
vn -0.999997615814209 -2.0682260971124217e-13 0.002184694167226553 
vn -0.999997615814209 -2.0682260971124217e-13 0.002184694167226553 
vn -0.999997615814209 -2.0682260971124217e-13 0.002184694167226553 
vn 0.999997615814209 0 0.002184694167226553 
vn 0.999997615814209 0 0.002184694167226553 
vn 0.999997615814209 0 0.002184694167226553 
vn 0.999997615814209 0 0.002184694167226553 
vn -4.968388219150346e-15 0.048044804483652115 -0.9988451600074768 
vn -4.968388219150346e-15 0.048044804483652115 -0.9988451600074768 
vn -4.968388219150346e-15 0.048044804483652115 -0.9988451600074768 
vn -4.968388219150346e-15 0.048044804483652115 -0.9988451600074768 
vn 0.0018879338167607784 -0.9963706135749817 0.08510008454322815 
vn 0.0018879338167607784 -0.9963706135749817 0.08510008454322815 
vn 0.0018879338167607784 -0.9963706135749817 0.08510008454322815 
vn 0.0018879338167607784 -0.9963706135749817 0.08510008454322815 
vn 0.0037788832560181618 0.8877022862434387 -0.46040233969688416 
vn 0.0037788832560181618 0.8877022862434387 -0.46040233969688416 
vn 0.0037788832560181618 0.8877022862434387 -0.46040233969688416 
vn 0.0037788832560181618 0.8877022862434387 -0.46040233969688416 
vn 0.0018875868991017342 0.9529271721839905 0.30319350957870483 
vn 0.0018875868991017342 0.9529271721839905 0.30319350957870483 
vn 0.0018875868991017342 0.9529271721839905 0.30319350957870483 
vn 0.0018875868991017342 0.9529271721839905 0.30319350957870483 
vn -0.0018851791974157095 0.7860917448997498 0.6181069612503052 
vn -0.0018851791974157095 0.7860917448997498 0.6181069612503052 
vn -0.0018851791974157095 0.7860917448997498 0.6181069612503052 
vn -0.0018851791974157095 0.7860917448997498 0.6181069612503052 
vn -0.0018766504945233464 -0.30942681431770325 0.9509214162826538 
vn -0.0018766504945233464 -0.30942681431770325 0.9509214162826538 
vn -0.0018766504945233464 -0.30942681431770325 0.9509214162826538 
vn -0.0018766504945233464 -0.30942681431770325 0.9509214162826538 
vn -0.0018924816977232695 0.2927601933479309 -0.9561840295791626 
vn -0.0018924816977232695 0.2927601933479309 -0.9561840295791626 
vn -0.0018924816977232695 0.2927601933479309 -0.9561840295791626 
vn -0.0018924816977232695 0.2927601933479309 -0.9561840295791626 
vn -2.0682311115474694e-13 0 -1 
vn -2.0682311115474694e-13 0 -1 
vn -2.0682311115474694e-13 0 -1 
vn -2.0682311115474694e-13 0 -1 
vn 2.9479519411505783e-13 -0.95159512758255 -0.30735430121421814 
vn 2.9479519411505783e-13 -0.95159512758255 -0.30735430121421814 
vn 2.9479519411505783e-13 -0.95159512758255 -0.30735430121421814 
vn 2.9479519411505783e-13 -0.95159512758255 -0.30735430121421814 
vn 0.999997615814209 0 0.002184694167226553 
vn 0.999997615814209 0 0.002184694167226553 
vn 0.999997615814209 0 0.002184694167226553 
vn 0.999997615814209 0 0.002184694167226553 
vn -0.0018897876143455505 -0.10465624928474426 -0.9945066571235657 
vn -0.0018897876143455505 -0.10465624928474426 -0.9945066571235657 
vn -0.0018897876143455505 -0.10465624928474426 -0.9945066571235657 
vn -0.0018897876143455505 -0.10465624928474426 -0.9945066571235657 
vn -0.9807829260826111 -0.19508986175060272 0.002184694167226553 
vn -0.9807829260826111 -0.19508986175060272 0.002184694167226553 
vn -0.9807829260826111 -0.19508986175060272 0.002184694167226553 
vn -0.9807829260826111 -0.19508986175060272 0.002184694167226553 
vn 0.0037799933925271034 -0.7291382551193237 -0.6843559741973877 
vn 0.0037799933925271034 -0.7291382551193237 -0.6843559741973877 
vn 0.0037799933925271034 -0.7291382551193237 -0.6843559741973877 
vn 0.0037799933925271034 -0.7291382551193237 -0.6843559741973877 
vn 1.3719388580919756e-13 -0.44286009669303894 -0.8965907096862793 
vn 1.3719388580919756e-13 -0.44286009669303894 -0.8965907096862793 
vn 1.3719388580919756e-13 -0.44286009669303894 -0.8965907096862793 
vn 1.3719388580919756e-13 -0.44286009669303894 -0.8965907096862793 
vn 0.0037779659032821655 -0.45455867052078247 -0.8907088041305542 
vn 0.0037779659032821655 -0.45455867052078247 -0.8907088041305542 
vn 0.0037779659032821655 -0.45455867052078247 -0.8907088041305542 
vn 0.0037779659032821655 -0.45455867052078247 -0.8907088041305542 
vn 0.0018863676814362407 0.8994719982147217 0.43697428703308105 
vn 0.0018863676814362407 0.8994719982147217 0.43697428703308105 
vn 0.0018863676814362407 0.8994719982147217 0.43697428703308105 
vn 0.0018863676814362407 0.8994719982147217 0.43697428703308105 
vn -1.0340933296291988e-13 0.9999785423278809 -0.006554040592163801 
vn -1.0340933296291988e-13 0.9999785423278809 -0.006554040592163801 
vn -1.0340933296291988e-13 0.9999785423278809 -0.006554040592163801 
vn -1.0340933296291988e-13 0.9999785423278809 -0.006554040592163801 
vn -0.8314676284790039 -0.5555689334869385 0.002184694167226553 
vn -0.8314676284790039 -0.5555689334869385 0.002184694167226553 
vn -0.8314676284790039 -0.5555689334869385 0.002184694167226553 
vn -0.8314676284790039 -0.5555689334869385 0.002184694167226553 
vn 0.00188929692376405 -0.6795597672462463 -0.7336177229881287 
vn 0.00188929692376405 -0.6795597672462463 -0.7336177229881287 
vn 0.00188929692376405 -0.6795597672462463 -0.7336177229881287 
vn 0.00188929692376405 -0.6795597672462463 -0.7336177229881287 
vn -2.0682311115474694e-13 0 -1 
vn -2.0682311115474694e-13 0 -1 
vn -2.0682311115474694e-13 0 -1 
vn -2.0682311115474694e-13 0 -1 
vn -2.0682311115474694e-13 0 -1 
vn -2.0682311115474694e-13 0 -1 
vn -2.0682311115474694e-13 0 -1 
vn -2.0682311115474694e-13 0 -1 
vn -2.0682311115474694e-13 0 -1 
vn -2.0682311115474694e-13 0 -1 
vn -2.0682311115474694e-13 0 -1 
vn -2.0682311115474694e-13 0 -1 
vn -2.0682311115474694e-13 0 -1 
vn -2.0682311115474694e-13 0 -1 
vn -2.0682311115474694e-13 0 -1 
vn -2.0682311115474694e-13 0 -1 
vn -0.0037766085006296635 0.9641047716140747 -0.26549527049064636 
vn -0.0037766085006296635 0.9641047716140747 -0.26549527049064636 
vn -0.0037766085006296635 0.9641047716140747 -0.26549527049064636 
vn -0.0037766085006296635 0.9641047716140747 -0.26549527049064636 
vn -2.0682311115474694e-13 0 -1 
vn -2.0682311115474694e-13 0 -1 
vn -2.0682311115474694e-13 0 -1 
vn -2.0682311115474694e-13 0 -1 
vn -2.0682311115474694e-13 0 -1 
vn -2.0682311115474694e-13 0 -1 
vn -2.0682311115474694e-13 0 -1 
vn -2.0682311115474694e-13 0 -1 
vn -2.0682311115474694e-13 0 -1 
vn -2.0682311115474694e-13 0 -1 
vn -2.0682311115474694e-13 0 -1 
vn -2.0682311115474694e-13 0 -1 
vn -2.0682311115474694e-13 0 -1 
vn -2.0682311115474694e-13 0 -1 
vn -2.0682311115474694e-13 0 -1 
vn -2.0682311115474694e-13 0 -1 
vn 0 0 1 
vn 0 0 1 
vn 0 0 1 
vn 0 0 1 
vn 3.097898456858039e-13 -0.999997615814209 0.002184694167226553 
vn 3.097898456858039e-13 -0.999997615814209 0.002184694167226553 
vn 3.097898456858039e-13 -0.999997615814209 0.002184694167226553 
vn 3.097898456858039e-13 -0.999997615814209 0.002184694167226553 
vn 3.097898456858039e-13 -0.999997615814209 0.002184694167226553 
vn 0.0018770330352708697 -0.29276028275489807 0.9561840295791626 
vn 0.0018770330352708697 -0.29276028275489807 0.9561840295791626 
vn 0.0018770330352708697 -0.29276028275489807 0.9561840295791626 
vn 0.0018770330352708697 -0.29276028275489807 0.9561840295791626 
vn 0 0 1 
vn 0 0 1 
vn 0 0 1 
vn 0 0 1 
vn 3.097898456858039e-13 -0.999997615814209 0.002184694167226553 
vn 3.097898456858039e-13 -0.999997615814209 0.002184694167226553 
vn 3.097898456858039e-13 -0.999997615814209 0.002184694167226553 
vn 3.097898456858039e-13 -0.999997615814209 0.002184694167226553 
vn 3.097898456858039e-13 -0.999997615814209 0.002184694167226553 
vn 3.097898456858039e-13 -0.999997615814209 0.002184694167226553 
vn 0.999997615814209 0 -0.002184694167226553 
vn 0.999997615814209 0 -0.002184694167226553 
vn 0.999997615814209 0 -0.002184694167226553 
vn 0.999997615814209 0 -0.002184694167226553 
vn 0.0018857847899198532 0.956819474697113 0.29067665338516235 
vn 0.0018857847899198532 0.956819474697113 0.29067665338516235 
vn 0.0018857847899198532 0.956819474697113 0.29067665338516235 
vn 0.0018857847899198532 0.956819474697113 0.29067665338516235 
vn -2.7673027172721298e-14 0.2676009237766266 0.9635298252105713 
vn -2.7673027172721298e-14 0.2676009237766266 0.9635298252105713 
vn -2.7673027172721298e-14 0.2676009237766266 0.9635298252105713 
vn -2.7673027172721298e-14 0.2676009237766266 0.9635298252105713 
vn -2.7673027172721298e-14 0.2676009237766266 0.9635298252105713 
vn -2.7673027172721298e-14 0.2676009237766266 0.9635298252105713 
vn -2.7673027172721298e-14 0.2676009237766266 0.9635298252105713 
vn -2.7673027172721298e-14 0.2676009237766266 0.9635298252105713 
vn 3.0978390967890956e-13 -0.9999785423278809 0.006554040592163801 
vn 3.0978390967890956e-13 -0.9999785423278809 0.006554040592163801 
vn 3.0978390967890956e-13 -0.9999785423278809 0.006554040592163801 
vn 3.0978390967890956e-13 -0.9999785423278809 0.006554040592163801 
vn -0.0018859562696889043 -0.9641103148460388 0.26549527049064636 
vn -0.0018859562696889043 -0.9641103148460388 0.26549527049064636 
vn -0.0018859562696889043 -0.9641103148460388 0.26549527049064636 
vn -0.0018859562696889043 -0.9641103148460388 0.26549527049064636 
vn -0.003786779474467039 -0.26757413148880005 -0.9635298252105713 
vn -0.003786779474467039 -0.26757413148880005 -0.9635298252105713 
vn -0.003786779474467039 -0.26757413148880005 -0.9635298252105713 
vn -0.003786779474467039 -0.26757413148880005 -0.9635298252105713 
vn -0.999997615814209 -2.0682260971124217e-13 -0.002184694167226553 
vn -0.999997615814209 -2.0682260971124217e-13 -0.002184694167226553 
vn -0.999997615814209 -2.0682260971124217e-13 -0.002184694167226553 
vn -0.999997615814209 -2.0682260971124217e-13 -0.002184694167226553 
vn -0.999997615814209 -2.0682260971124217e-13 0.002184694167226553 
vn -0.999997615814209 -2.0682260971124217e-13 0.002184694167226553 
vn -0.999997615814209 -2.0682260971124217e-13 0.002184694167226553 
vn -0.999997615814209 -2.0682260971124217e-13 0.002184694167226553 
vn -0.999997615814209 -2.0682260971124217e-13 0.002184694167226553 
vn -0.999997615814209 -2.0682260971124217e-13 0.002184694167226553 
vn -0.999997615814209 -2.0682260971124217e-13 0.002184694167226553 
vn -0.999997615814209 -2.0682260971124217e-13 0.002184694167226553 
vn -0.999997615814209 -2.0682260971124217e-13 -0.002184694167226553 
vn -0.999997615814209 -2.0682260971124217e-13 -0.002184694167226553 
vn -0.999997615814209 -2.0682260971124217e-13 -0.002184694167226553 
vn -0.999997615814209 -2.0682260971124217e-13 -0.002184694167226553 
vn 0.0018891289364546537 -0.6025291085243225 -0.7980946898460388 
vn 0.0018891289364546537 -0.6025291085243225 -0.7980946898460388 
vn 0.0018891289364546537 -0.6025291085243225 -0.7980946898460388 
vn 0.0018891289364546537 -0.6025291085243225 -0.7980946898460388 
vn -0.0037766085006296635 0.9641047716140747 -0.26549527049064636 
vn -0.0037766085006296635 0.9641047716140747 -0.26549527049064636 
vn -0.0037766085006296635 0.9641047716140747 -0.26549527049064636 
vn -0.0037766085006296635 0.9641047716140747 -0.26549527049064636 
vn -0.0037766085006296635 0.9641047716140747 -0.26549527049064636 
vn -0.0037766085006296635 0.9641047716140747 -0.26549527049064636 
vn -0.0037766085006296635 0.9641047716140747 -0.26549527049064636 
vn -0.0037766085006296635 0.9641047716140747 -0.26549527049064636 
vn 0.001886376179754734 0.8322253227233887 0.5544344186782837 
vn 0.001886376179754734 0.8322253227233887 0.5544344186782837 
vn 0.001886376179754734 0.8322253227233887 0.5544344186782837 
vn 0.001886376179754734 0.8322253227233887 0.5544344186782837 
vn -0.999997615814209 -2.0682260971124217e-13 -0.002184694167226553 
vn -0.999997615814209 -2.0682260971124217e-13 -0.002184694167226553 
vn -0.999997615814209 -2.0682260971124217e-13 -0.002184694167226553 
vn -0.999997615814209 -2.0682260971124217e-13 -0.002184694167226553 
vn -0.999997615814209 -2.0682260971124217e-13 0.002184694167226553 
vn -0.999997615814209 -2.0682260971124217e-13 0.002184694167226553 
vn -0.999997615814209 -2.0682260971124217e-13 0.002184694167226553 
vn -0.999997615814209 -2.0682260971124217e-13 0.002184694167226553 
vn 3.097898456858039e-13 -0.999997615814209 0.002184694167226553 
vn 3.097898456858039e-13 -0.999997615814209 0.002184694167226553 
vn 3.097898456858039e-13 -0.999997615814209 0.002184694167226553 
vn 3.097898456858039e-13 -0.999997615814209 0.002184694167226553 
vn -0.003786779474467039 -0.26757413148880005 -0.9635298252105713 
vn -0.003786779474467039 -0.26757413148880005 -0.9635298252105713 
vn -0.003786779474467039 -0.26757413148880005 -0.9635298252105713 
vn -0.003786779474467039 -0.26757413148880005 -0.9635298252105713 
vn -0.19508986175060272 -0.9807829260826111 0.002184694167226553 
vn -0.19508986175060272 -0.9807829260826111 0.002184694167226553 
vn -0.19508986175060272 -0.9807829260826111 0.002184694167226553 
vn -0.19508986175060272 -0.9807829260826111 0.002184694167226553 
vn 0 0 1 
vn 0 0 1 
vn 0 0 1 
vn 0 0 1 
vn -0.0018859562696889043 -0.9641103148460388 0.26549527049064636 
vn -0.0018859562696889043 -0.9641103148460388 0.26549527049064636 
vn -0.0018859562696889043 -0.9641103148460388 0.26549527049064636 
vn -0.0018859562696889043 -0.9641103148460388 0.26549527049064636 
vn -2.7673027172721298e-14 0.2676009237766266 0.9635298252105713 
vn -2.7673027172721298e-14 0.2676009237766266 0.9635298252105713 
vn -2.7673027172721298e-14 0.2676009237766266 0.9635298252105713 
vn -2.7673027172721298e-14 0.2676009237766266 0.9635298252105713 
vn -0.0018859562696889043 -0.9641103148460388 0.26549527049064636 
vn -0.0018859562696889043 -0.9641103148460388 0.26549527049064636 
vn -0.0018859562696889043 -0.9641103148460388 0.26549527049064636 
vn -0.0018859562696889043 -0.9641103148460388 0.26549527049064636 
vn 0 0 1 
vn 0 0 1 
vn 0 0 1 
vn 0 0 1 
vn 0 0 1 
vn 0 0 1 
vn 0 0 1 
vn 0 0 1 
vn 0.0037788832560181618 -0.8877022862434387 -0.46040233969688416 
vn 0.0037788832560181618 -0.8877022862434387 -0.46040233969688416 
vn 0.0037788832560181618 -0.8877022862434387 -0.46040233969688416 
vn 0.0037788832560181618 -0.8877022862434387 -0.46040233969688416 
vn 0.003765546716749668 0.5489551424980164 0.8358433246612549 
vn 0.003765546716749668 0.5489551424980164 0.8358433246612549 
vn 0.003765546716749668 0.5489551424980164 0.8358433246612549 
vn 0.003765546716749668 0.5489551424980164 0.8358433246612549 
vn -0.0037707132287323475 0.6025202870368958 0.7980946898460388 
vn -0.0037707132287323475 0.6025202870368958 0.7980946898460388 
vn -0.0037707132287323475 0.6025202870368958 0.7980946898460388 
vn -0.0037707132287323475 0.6025202870368958 0.7980946898460388 
vn -0.0018861618591472507 -0.8441384434700012 0.5361219048500061 
vn -0.0018861618591472507 -0.8441384434700012 0.5361219048500061 
vn -0.0018861618591472507 -0.8441384434700012 0.5361219048500061 
vn -0.0018861618591472507 -0.8441384434700012 0.5361219048500061 
vn 0.0018831990892067552 -0.6198199987411499 0.7847417593002319 
vn 0.0018831990892067552 -0.6198199987411499 0.7847417593002319 
vn 0.0018831990892067552 -0.6198199987411499 0.7847417593002319 
vn 0.0018831990892067552 -0.6198199987411499 0.7847417593002319 
vn -0.5555689334869385 -0.8314676284790039 0.002184694167226553 
vn -0.5555689334869385 -0.8314676284790039 0.002184694167226553 
vn -0.5555689334869385 -0.8314676284790039 0.002184694167226553 
vn -0.5555689334869385 -0.8314676284790039 0.002184694167226553 
vn 0.003786779474467039 -0.26757413148880005 -0.9635298252105713 
vn 0.003786779474467039 -0.26757413148880005 -0.9635298252105713 
vn 0.003786779474467039 -0.26757413148880005 -0.9635298252105713 
vn 0.003786779474467039 -0.26757413148880005 -0.9635298252105713 
vn 0.00188929692376405 -0.6795597672462463 -0.7336177229881287 
vn 0.00188929692376405 -0.6795597672462463 -0.7336177229881287 
vn 0.00188929692376405 -0.6795597672462463 -0.7336177229881287 
vn 0.00188929692376405 -0.6795597672462463 -0.7336177229881287 
vn 0.999997615814209 0 0.002184694167226553 
vn 0.999997615814209 0 0.002184694167226553 
vn 0.999997615814209 0 0.002184694167226553 
vn 0.999997615814209 0 0.002184694167226553 
vn 0.999997615814209 0 0.002184694167226553 
vn 0.999997615814209 0 0.002184694167226553 
vn 0.999997615814209 0 0.002184694167226553 
vn 0.999997615814209 0 0.002184694167226553 
vn 0.999997615814209 0 0.002184694167226553 
vn 0.999997615814209 0 0.002184694167226553 
vn 0.999997615814209 0 0.002184694167226553 
vn 0.999997615814209 0 0.002184694167226553 
vn 0.999997615814209 0 0.002184694167226553 
vn 0.999997615814209 0 0.002184694167226553 
vn 0.999997615814209 0 0.002184694167226553 
vn 0.999997615814209 0 0.002184694167226553 
vn -0.003786779474467039 -0.26757413148880005 -0.9635298252105713 
vn -0.003786779474467039 -0.26757413148880005 -0.9635298252105713 
vn -0.003786779474467039 -0.26757413148880005 -0.9635298252105713 
vn -0.003786779474467039 -0.26757413148880005 -0.9635298252105713 
vn -0.003777687903493643 0.844132125377655 -0.5361219048500061 
vn -0.003777687903493643 0.844132125377655 -0.5361219048500061 
vn -0.003777687903493643 0.844132125377655 -0.5361219048500061 
vn -0.003777687903493643 0.844132125377655 -0.5361219048500061 
vn -1.0339945994688668e-13 0.9998830556869507 -0.0152922747656703 
vn -1.0339945994688668e-13 0.9998830556869507 -0.0152922747656703 
vn -1.0339945994688668e-13 0.9998830556869507 -0.0152922747656703 
vn -1.0339945994688668e-13 0.9998830556869507 -0.0152922747656703 
vn 0.0037788832560181618 0.8877022862434387 -0.46040233969688416 
vn 0.0037788832560181618 0.8877022862434387 -0.46040233969688416 
vn 0.0037788832560181618 0.8877022862434387 -0.46040233969688416 
vn 0.0037788832560181618 0.8877022862434387 -0.46040233969688416 
vn 3.097898456858039e-13 -0.999997615814209 0.002184694167226553 
vn 3.097898456858039e-13 -0.999997615814209 0.002184694167226553 
vn 3.097898456858039e-13 -0.999997615814209 0.002184694167226553 
vn 3.097898456858039e-13 -0.999997615814209 0.002184694167226553 
vn 3.097898456858039e-13 -0.999997615814209 0.002184694167226553 
vn 3.097898456858039e-13 -0.999997615814209 0.002184694167226553 
vn 0.003782470477744937 0.5562383532524109 -0.8310141563415527 
vn 0.003782470477744937 0.5562383532524109 -0.8310141563415527 
vn 0.003782470477744937 0.5562383532524109 -0.8310141563415527 
vn 0.003782470477744937 0.5562383532524109 -0.8310141563415527 
vn 0.003782470477744937 0.5562383532524109 -0.8310141563415527 
vn 0.003782470477744937 0.5562383532524109 -0.8310141563415527 
vn -0.19508986175060272 -0.9807829260826111 0.002184694167226553 
vn -0.19508986175060272 -0.9807829260826111 0.002184694167226553 
vn -0.19508986175060272 -0.9807829260826111 0.002184694167226553 
vn -0.19508986175060272 -0.9807829260826111 0.002184694167226553 
vn 0.19508986175060272 -0.9807829260826111 0.002184694167226553 
vn 0.19508986175060272 -0.9807829260826111 0.002184694167226553 
vn 0.19508986175060272 -0.9807829260826111 0.002184694167226553 
vn 0.19508986175060272 -0.9807829260826111 0.002184694167226553 
vn 0.5555689334869385 -0.8314676284790039 0.002184694167226553 
vn 0.5555689334869385 -0.8314676284790039 0.002184694167226553 
vn 0.5555689334869385 -0.8314676284790039 0.002184694167226553 
vn 0.5555689334869385 -0.8314676284790039 0.002184694167226553 
vn -0.0018897876143455505 0.10465624928474426 -0.9945066571235657 
vn -0.0018897876143455505 0.10465624928474426 -0.9945066571235657 
vn -0.0018897876143455505 0.10465624928474426 -0.9945066571235657 
vn -0.0018897876143455505 0.10465624928474426 -0.9945066571235657 
vn 0.8314676284790039 -0.5555689334869385 0.002184694167226553 
vn 0.8314676284790039 -0.5555689334869385 0.002184694167226553 
vn 0.8314676284790039 -0.5555689334869385 0.002184694167226553 
vn 0.8314676284790039 -0.5555689334869385 0.002184694167226553 
vn -0.0018610621336847544 -0.122023805975914 0.9925254583358765 
vn -0.0018610621336847544 -0.122023805975914 0.9925254583358765 
vn -0.0018610621336847544 -0.122023805975914 0.9925254583358765 
vn -0.0018610621336847544 -0.122023805975914 0.9925254583358765 
vn 0.9807829260826111 -0.19508986175060272 0.002184694167226553 
vn 0.9807829260826111 -0.19508986175060272 0.002184694167226553 
vn 0.9807829260826111 -0.19508986175060272 0.002184694167226553 
vn 0.9807829260826111 -0.19508986175060272 0.002184694167226553 
vn 2.160541710816144e-13 -0.6954262852668762 0.7185974717140198 
vn 2.160541710816144e-13 -0.6954262852668762 0.7185974717140198 
vn 2.160541710816144e-13 -0.6954262852668762 0.7185974717140198 
vn 2.160541710816144e-13 -0.6954262852668762 0.7185974717140198 
vn 0.9807829260826111 0.19508986175060272 0.002184694167226553 
vn 0.9807829260826111 0.19508986175060272 0.002184694167226553 
vn 0.9807829260826111 0.19508986175060272 0.002184694167226553 
vn 0.9807829260826111 0.19508986175060272 0.002184694167226553 
vn 0.0018863676814362407 -0.8994719982147217 0.43697428703308105 
vn 0.0018863676814362407 -0.8994719982147217 0.43697428703308105 
vn 0.0018863676814362407 -0.8994719982147217 0.43697428703308105 
vn 0.0018863676814362407 -0.8994719982147217 0.43697428703308105 
vn 0.8314676284790039 0.5555689334869385 0.002184694167226553 
vn 0.8314676284790039 0.5555689334869385 0.002184694167226553 
vn 0.8314676284790039 0.5555689334869385 0.002184694167226553 
vn 0.8314676284790039 0.5555689334869385 0.002184694167226553 
vn 3.097898456858039e-13 -0.999997615814209 -0.002184694167226553 
vn 3.097898456858039e-13 -0.999997615814209 -0.002184694167226553 
vn 3.097898456858039e-13 -0.999997615814209 -0.002184694167226553 
vn 3.097898456858039e-13 -0.999997615814209 -0.002184694167226553 
vn 0.5555689334869385 0.8314676284790039 -0.002184694167226553 
vn 0.5555689334869385 0.8314676284790039 -0.002184694167226553 
vn 0.5555689334869385 0.8314676284790039 -0.002184694167226553 
vn 0.5555689334869385 0.8314676284790039 -0.002184694167226553 
vn -1.0339156559981827e-13 0.9998067021369934 -0.01966099627315998 
vn -1.0339156559981827e-13 0.9998067021369934 -0.01966099627315998 
vn -1.0339156559981827e-13 0.9998067021369934 -0.01966099627315998 
vn -1.0339156559981827e-13 0.9998067021369934 -0.01966099627315998 
vn -0.999997615814209 -2.0682260971124217e-13 0.002184694167226553 
vn -0.999997615814209 -2.0682260971124217e-13 0.002184694167226553 
vn -0.999997615814209 -2.0682260971124217e-13 0.002184694167226553 
vn -0.999997615814209 -2.0682260971124217e-13 0.002184694167226553 
vn 0.19508986175060272 0.9807829260826111 -0.002184694167226553 
vn 0.19508986175060272 0.9807829260826111 -0.002184694167226553 
vn 0.19508986175060272 0.9807829260826111 -0.002184694167226553 
vn 0.19508986175060272 0.9807829260826111 -0.002184694167226553 
vn -5.752280704714174e-14 0.5562512278556824 0.8310141563415527 
vn -5.752280704714174e-14 0.5562512278556824 0.8310141563415527 
vn -5.752280704714174e-14 0.5562512278556824 0.8310141563415527 
vn -5.752280704714174e-14 0.5562512278556824 0.8310141563415527 
vn 0.0018882700242102146 -0.9580804109573364 -0.2864931523799896 
vn 0.0018882700242102146 -0.9580804109573364 -0.2864931523799896 
vn 0.0018882700242102146 -0.9580804109573364 -0.2864931523799896 
vn 0.0018882700242102146 -0.9580804109573364 -0.2864931523799896 
vn -2.417389849223e-14 0.23376400768756866 0.9722933769226074 
vn -2.417389849223e-14 0.23376400768756866 0.9722933769226074 
vn -2.417389849223e-14 0.23376400768756866 0.9722933769226074 
vn -2.417389849223e-14 0.23376400768756866 0.9722933769226074 
vn -0.0018728610593825579 -0.16095328330993652 0.986960232257843 
vn -0.0018728610593825579 -0.16095328330993652 0.986960232257843 
vn -0.0018728610593825579 -0.16095328330993652 0.986960232257843 
vn -0.0018728610593825579 -0.16095328330993652 0.986960232257843 
vn 0.003785097738727927 0.3301100730895996 -0.9439348578453064 
vn 0.003785097738727927 0.3301100730895996 -0.9439348578453064 
vn 0.003785097738727927 0.3301100730895996 -0.9439348578453064 
vn 0.003785097738727927 0.3301100730895996 -0.9439348578453064 
vn 0.0018864087760448456 0.9811546206474304 0.19321508705615997 
vn 0.0018864087760448456 0.9811546206474304 0.19321508705615997 
vn 0.0018864087760448456 0.9811546206474304 0.19321508705615997 
vn 0.0018864087760448456 0.9811546206474304 0.19321508705615997 
vn 0.0037766085006296635 0.9641047716140747 -0.26549527049064636 
vn 0.0037766085006296635 0.9641047716140747 -0.26549527049064636 
vn 0.0037766085006296635 0.9641047716140747 -0.26549527049064636 
vn 0.0037766085006296635 0.9641047716140747 -0.26549527049064636 
vn 0 0 1 
vn 0 0 1 
vn 0 0 1 
vn 0 0 1 
vn 0 0 1 
vn 0 0 1 
vn 0 0 1 
vn 0 0 1 
vn 0 0 1 
vn 0 0 1 
vn 0 0 1 
vn 0 0 1 
vn 0 0 1 
vn 0 0 1 
vn 0 0 1 
vn 0 0 1 
vn -4.5796848843586424e-14 0.44286009669303894 -0.8965907096862793 
vn -4.5796848843586424e-14 0.44286009669303894 -0.8965907096862793 
vn -4.5796848843586424e-14 0.44286009669303894 -0.8965907096862793 
vn -4.5796848843586424e-14 0.44286009669303894 -0.8965907096862793 
vn -7.191510977217278e-14 0.6954262852668762 0.7185974717140198 
vn -7.191510977217278e-14 0.6954262852668762 0.7185974717140198 
vn -7.191510977217278e-14 0.6954262852668762 0.7185974717140198 
vn -7.191510977217278e-14 0.6954262852668762 0.7185974717140198 
vn 0.00188929692376405 0.6795597672462463 -0.7336177229881287 
vn 0.00188929692376405 0.6795597672462463 -0.7336177229881287 
vn 0.00188929692376405 0.6795597672462463 -0.7336177229881287 
vn 0.00188929692376405 0.6795597672462463 -0.7336177229881287 
vn -0.0018851791974157095 0.7860917448997498 0.6181069612503052 
vn -0.0018851791974157095 0.7860917448997498 0.6181069612503052 
vn -0.0018851791974157095 0.7860917448997498 0.6181069612503052 
vn -0.0018851791974157095 0.7860917448997498 0.6181069612503052 
vn 2.160541710816144e-13 -0.6954262852668762 0.7185974717140198 
vn 2.160541710816144e-13 -0.6954262852668762 0.7185974717140198 
vn 2.160541710816144e-13 -0.6954262852668762 0.7185974717140198 
vn 2.160541710816144e-13 -0.6954262852668762 0.7185974717140198 
vn 0.0037779659032821655 -0.45455867052078247 -0.8907088041305542 
vn 0.0037779659032821655 -0.45455867052078247 -0.8907088041305542 
vn 0.0037779659032821655 -0.45455867052078247 -0.8907088041305542 
vn 0.0037779659032821655 -0.45455867052078247 -0.8907088041305542 
vn 0.003785097738727927 0.3301100730895996 -0.9439348578453064 
vn 0.003785097738727927 0.3301100730895996 -0.9439348578453064 
vn 0.003785097738727927 0.3301100730895996 -0.9439348578453064 
vn 0.003785097738727927 0.3301100730895996 -0.9439348578453064 
vn -2.7673027172721298e-14 0.2676009237766266 0.9635298252105713 
vn -2.7673027172721298e-14 0.2676009237766266 0.9635298252105713 
vn -2.7673027172721298e-14 0.2676009237766266 0.9635298252105713 
vn -2.7673027172721298e-14 0.2676009237766266 0.9635298252105713 
vn 0.0037524683866649866 0.3177083432674408 0.9481810927391052 
vn 0.0037524683866649866 0.3177083432674408 0.9481810927391052 
vn 0.0037524683866649866 0.3177083432674408 0.9481810927391052 
vn 0.0037524683866649866 0.3177083432674408 0.9481810927391052 
vn -1.0112094809503619e-13 0.97575443983078 0.21886809170246124 
vn -1.0112094809503619e-13 0.97575443983078 0.21886809170246124 
vn -1.0112094809503619e-13 0.97575443983078 0.21886809170246124 
vn -1.0112094809503619e-13 0.97575443983078 0.21886809170246124 
vn 0.003773982636630535 -0.9970709085464478 -0.0763898640871048 
vn 0.003773982636630535 -0.9970709085464478 -0.0763898640871048 
vn 0.003773982636630535 -0.9970709085464478 -0.0763898640871048 
vn 0.003773982636630535 -0.9970709085464478 -0.0763898640871048 
vn 0.0018863676814362407 -0.8994719982147217 0.43697428703308105 
vn 0.0018863676814362407 -0.8994719982147217 0.43697428703308105 
vn 0.0018863676814362407 -0.8994719982147217 0.43697428703308105 
vn 0.0018863676814362407 -0.8994719982147217 0.43697428703308105 
vn -0.999997615814209 -2.0682260971124217e-13 0.002184694167226553 
vn -0.999997615814209 -2.0682260971124217e-13 0.002184694167226553 
vn -0.999997615814209 -2.0682260971124217e-13 0.002184694167226553 
vn -0.999997615814209 -2.0682260971124217e-13 0.002184694167226553 
vn -0.999997615814209 -2.0682260971124217e-13 0.002184694167226553 
vn -0.999997615814209 -2.0682260971124217e-13 0.002184694167226553 
vn -0.999997615814209 -2.0682260971124217e-13 0.002184694167226553 
vn -0.999997615814209 -2.0682260971124217e-13 0.002184694167226553 
vn -0.999997615814209 -2.0682260971124217e-13 0.002184694167226553 
vn -0.999997615814209 -2.0682260971124217e-13 0.002184694167226553 
vn -0.999997615814209 -2.0682260971124217e-13 0.002184694167226553 
vn -0.999997615814209 -2.0682260971124217e-13 0.002184694167226553 
vn -0.999997615814209 -2.0682260971124217e-13 0.002184694167226553 
vn -0.999997615814209 -2.0682260971124217e-13 0.002184694167226553 
vn -0.999997615814209 -2.0682260971124217e-13 0.002184694167226553 
vn -0.999997615814209 -2.0682260971124217e-13 0.002184694167226553 
vn -1.0341130485562108e-13 0.999997615814209 0.002184694167226553 
vn -1.0341130485562108e-13 0.999997615814209 0.002184694167226553 
vn -1.0341130485562108e-13 0.999997615814209 0.002184694167226553 
vn -1.0341130485562108e-13 0.999997615814209 0.002184694167226553 
vn -1.0341130485562108e-13 0.999997615814209 0.002184694167226553 
vn -1.0341130485562108e-13 0.999997615814209 0.002184694167226553 
vn 0.0018863676814362407 0.8994719982147217 0.43697428703308105 
vn 0.0018863676814362407 0.8994719982147217 0.43697428703308105 
vn 0.0018863676814362407 0.8994719982147217 0.43697428703308105 
vn 0.0018863676814362407 0.8994719982147217 0.43697428703308105 
vn -0.0018859562696889043 -0.9641103148460388 0.26549527049064636 
vn -0.0018859562696889043 -0.9641103148460388 0.26549527049064636 
vn -0.0018859562696889043 -0.9641103148460388 0.26549527049064636 
vn -0.0018859562696889043 -0.9641103148460388 0.26549527049064636 
vn 0.00188484659884125 0.6827587485313416 0.7306414246559143 
vn 0.00188484659884125 0.6827587485313416 0.7306414246559143 
vn 0.00188484659884125 0.6827587485313416 0.7306414246559143 
vn 0.00188484659884125 0.6827587485313416 0.7306414246559143 
vn -0.001887861406430602 0.9987360239028931 0.05022686347365379 
vn -0.001887861406430602 0.9987360239028931 0.05022686347365379 
vn -0.001887861406430602 0.9987360239028931 0.05022686347365379 
vn -0.001887861406430602 0.9987360239028931 0.05022686347365379 
vn 8.835683920627169e-14 -0.2843993604183197 -0.9587059020996094 
vn 8.835683920627169e-14 -0.2843993604183197 -0.9587059020996094 
vn 8.835683920627169e-14 -0.2843993604183197 -0.9587059020996094 
vn 8.835683920627169e-14 -0.2843993604183197 -0.9587059020996094 
vn 2.972640579870789e-13 -0.9568213224411011 -0.29067665338516235 
vn 2.972640579870789e-13 -0.9568213224411011 -0.29067665338516235 
vn 2.972640579870789e-13 -0.9568213224411011 -0.29067665338516235 
vn 2.972640579870789e-13 -0.9568213224411011 -0.29067665338516235 
vn 0.0037779659032821655 0.45455867052078247 -0.8907088041305542 
vn 0.0037779659032821655 0.45455867052078247 -0.8907088041305542 
vn 0.0037779659032821655 0.45455867052078247 -0.8907088041305542 
vn 0.0037779659032821655 0.45455867052078247 -0.8907088041305542 
vn -0.0018610621336847544 0.122023805975914 0.9925254583358765 
vn -0.0018610621336847544 0.122023805975914 0.9925254583358765 
vn -0.0018610621336847544 0.122023805975914 0.9925254583358765 
vn -0.0018610621336847544 0.122023805975914 0.9925254583358765 
vn -0.0037766085006296635 0.9641047716140747 -0.26549527049064636 
vn -0.0037766085006296635 0.9641047716140747 -0.26549527049064636 
vn -0.0037766085006296635 0.9641047716140747 -0.26549527049064636 
vn -0.0037766085006296635 0.9641047716140747 -0.26549527049064636 
vn 0.0018831990892067552 0.6198199987411499 0.7847417593002319 
vn 0.0018831990892067552 0.6198199987411499 0.7847417593002319 
vn 0.0018831990892067552 0.6198199987411499 0.7847417593002319 
vn 0.0018831990892067552 0.6198199987411499 0.7847417593002319 
vn 0.0018903466407209635 0.2081880271434784 -0.9780870079994202 
vn 0.0018903466407209635 0.2081880271434784 -0.9780870079994202 
vn 0.0018903466407209635 0.2081880271434784 -0.9780870079994202 
vn 0.0018903466407209635 0.2081880271434784 -0.9780870079994202 
vn -0.003786779474467039 -0.26757413148880005 -0.9635298252105713 
vn -0.003786779474467039 -0.26757413148880005 -0.9635298252105713 
vn -0.003786779474467039 -0.26757413148880005 -0.9635298252105713 
vn -0.003786779474467039 -0.26757413148880005 -0.9635298252105713 
vn 0.0037788832560181618 -0.8877022862434387 -0.46040233969688416 
vn 0.0037788832560181618 -0.8877022862434387 -0.46040233969688416 
vn 0.0037788832560181618 -0.8877022862434387 -0.46040233969688416 
vn 0.0037788832560181618 -0.8877022862434387 -0.46040233969688416 
vn 2.578162021978775e-13 -0.8322274088859558 -0.5544344186782837 
vn 2.578162021978775e-13 -0.8322274088859558 -0.5544344186782837 
vn 2.578162021978775e-13 -0.8322274088859558 -0.5544344186782837 
vn 2.578162021978775e-13 -0.8322274088859558 -0.5544344186782837 
vn 2.578162021978775e-13 -0.8322274088859558 -0.5544344186782837 
vn 2.578162021978775e-13 -0.8322274088859558 -0.5544344186782837 
vn 0.0018825703300535679 0.46620675921440125 0.8846737742424011 
vn 0.0018825703300535679 0.46620675921440125 0.8846737742424011 
vn 0.0018825703300535679 0.46620675921440125 0.8846737742424011 
vn 0.0018825703300535679 0.46620675921440125 0.8846737742424011 
vn -0.9807829260826111 0.19508986175060272 0.002184694167226553 
vn -0.9807829260826111 0.19508986175060272 0.002184694167226553 
vn -0.9807829260826111 0.19508986175060272 0.002184694167226553 
vn -0.9807829260826111 0.19508986175060272 0.002184694167226553 
vn 0.0037799933925271034 -0.7291382551193237 -0.6843559741973877 
vn 0.0037799933925271034 -0.7291382551193237 -0.6843559741973877 
vn 0.0037799933925271034 -0.7291382551193237 -0.6843559741973877 
vn 0.0037799933925271034 -0.7291382551193237 -0.6843559741973877 
vn -1.0341130485562108e-13 0.999997615814209 -0.002184694167226553 
vn -1.0341130485562108e-13 0.999997615814209 -0.002184694167226553 
vn -1.0341130485562108e-13 0.999997615814209 -0.002184694167226553 
vn -1.0341130485562108e-13 0.999997615814209 -0.002184694167226553 
vn 2.0682311115474694e-13 4.2775797696334704e-26 -1 
vn 2.0682311115474694e-13 4.2775797696334704e-26 -1 
vn 2.0682311115474694e-13 4.2775797696334704e-26 -1 
vn 2.0682311115474694e-13 4.2775797696334704e-26 -1 
vn 0.999997615814209 0 0.002184694167226553 
vn 0.999997615814209 0 0.002184694167226553 
vn 0.999997615814209 0 0.002184694167226553 
vn 0.999997615814209 0 0.002184694167226553 
vn 0.999997615814209 0 0.002184694167226553 
vn 0.999997615814209 0 0.002184694167226553 
vn 0.999997615814209 0 0.002184694167226553 
vn 0.999997615814209 0 0.002184694167226553 
vn 0.999997615814209 0 0.002184694167226553 
vn 0.999997615814209 0 0.002184694167226553 
vn 0.999997615814209 0 0.002184694167226553 
vn 0.999997615814209 0 0.002184694167226553 
vn 0.999997615814209 0 0.002184694167226553 
vn 0.999997615814209 0 0.002184694167226553 
vn 0.999997615814209 0 0.002184694167226553 
vn 0.999997615814209 0 0.002184694167226553 
vn 0.999997615814209 0 0.002184694167226553 
vn 0.999997615814209 0 0.002184694167226553 
vn 0.999997615814209 0 0.002184694167226553 
vn 0.999997615814209 0 0.002184694167226553 
vn 0.999997615814209 0 0.002184694167226553 
vn 0.999997615814209 0 0.002184694167226553 
vn -0.0018897876143455505 0.10465624928474426 -0.9945066571235657 
vn -0.0018897876143455505 0.10465624928474426 -0.9945066571235657 
vn -0.0018897876143455505 0.10465624928474426 -0.9945066571235657 
vn -0.0018897876143455505 0.10465624928474426 -0.9945066571235657 
vn 0.0018825703300535679 -0.46620675921440125 0.8846737742424011 
vn 0.0018825703300535679 -0.46620675921440125 0.8846737742424011 
vn 0.0018825703300535679 -0.46620675921440125 0.8846737742424011 
vn 0.0018825703300535679 -0.46620675921440125 0.8846737742424011 
vn 0.0037539536133408546 0.28437456488609314 0.9587059020996094 
vn 0.0037539536133408546 0.28437456488609314 0.9587059020996094 
vn 0.0037539536133408546 0.28437456488609314 0.9587059020996094 
vn 0.0037539536133408546 0.28437456488609314 0.9587059020996094 
vn 0.0018825703300535679 0.46620675921440125 0.8846737742424011 
vn 0.0018825703300535679 0.46620675921440125 0.8846737742424011 
vn 0.0018825703300535679 0.46620675921440125 0.8846737742424011 
vn 0.0018825703300535679 0.46620675921440125 0.8846737742424011 
vn 0.0018903875024989247 -0.5884889960289001 -0.8085030317306519 
vn 0.0018903875024989247 -0.5884889960289001 -0.8085030317306519 
vn 0.0018903875024989247 -0.5884889960289001 -0.8085030317306519 
vn 0.0018903875024989247 -0.5884889960289001 -0.8085030317306519 
vn -0.0018610621336847544 0.122023805975914 0.9925254583358765 
vn -0.0018610621336847544 0.122023805975914 0.9925254583358765 
vn -0.0018610621336847544 0.122023805975914 0.9925254583358765 
vn -0.0018610621336847544 0.122023805975914 0.9925254583358765 
vn 0.0018831990892067552 -0.6198199987411499 0.7847417593002319 
vn 0.0018831990892067552 -0.6198199987411499 0.7847417593002319 
vn 0.0018831990892067552 -0.6198199987411499 0.7847417593002319 
vn 0.0018831990892067552 -0.6198199987411499 0.7847417593002319 
vn 8.835683920627169e-14 -0.2843993604183197 -0.9587059020996094 
vn 8.835683920627169e-14 -0.2843993604183197 -0.9587059020996094 
vn 8.835683920627169e-14 -0.2843993604183197 -0.9587059020996094 
vn 8.835683920627169e-14 -0.2843993604183197 -0.9587059020996094 
vn 0.003785097738727927 -0.3301100730895996 -0.9439348578453064 
vn 0.003785097738727927 -0.3301100730895996 -0.9439348578453064 
vn 0.003785097738727927 -0.3301100730895996 -0.9439348578453064 
vn 0.003785097738727927 -0.3301100730895996 -0.9439348578453064 
vn -0.0018610621336847544 -0.122023805975914 0.9925254583358765 
vn -0.0018610621336847544 -0.122023805975914 0.9925254583358765 
vn -0.0018610621336847544 -0.122023805975914 0.9925254583358765 
vn -0.0018610621336847544 -0.122023805975914 0.9925254583358765 
vn -0.0018766504945233464 0.30942681431770325 0.9509214162826538 
vn -0.0018766504945233464 0.30942681431770325 0.9509214162826538 
vn -0.0018766504945233464 0.30942681431770325 0.9509214162826538 
vn -0.0018766504945233464 0.30942681431770325 0.9509214162826538 
vn 0.999997615814209 0 0.002184694167226553 
vn 0.999997615814209 0 0.002184694167226553 
vn 0.999997615814209 0 0.002184694167226553 
vn 0.999997615814209 0 0.002184694167226553 
vn 0.999997615814209 0 0.002184694167226553 
vn 0.999997615814209 0 0.002184694167226553 
vn 0.999997615814209 0 0.002184694167226553 
vn 0.999997615814209 0 0.002184694167226553 
vn 0.999997615814209 0 0.002184694167226553 
vn 0.999997615814209 0 0.002184694167226553 
vn 0.999997615814209 0 0.002184694167226553 
vn 0.999997615814209 0 0.002184694167226553 
vn 0.999997615814209 0 0.002184694167226553 
vn 0.999997615814209 0 0.002184694167226553 
vn 0.999997615814209 0 0.002184694167226553 
vn 0.999997615814209 0 0.002184694167226553 
vn 0.999997615814209 0 0.002184694167226553 
vn 0.999997615814209 0 0.002184694167226553 
vn 0.999997615814209 0 0.002184694167226553 
vn 0.999997615814209 0 0.002184694167226553 
vn 7.262550614063959e-14 -0.23376400768756866 0.9722933769226074 
vn 7.262550614063959e-14 -0.23376400768756866 0.9722933769226074 
vn 7.262550614063959e-14 -0.23376400768756866 0.9722933769226074 
vn 7.262550614063959e-14 -0.23376400768756866 0.9722933769226074 
vn 0.0018857847899198532 0.956819474697113 0.29067665338516235 
vn 0.0018857847899198532 0.956819474697113 0.29067665338516235 
vn 0.0018857847899198532 0.956819474697113 0.29067665338516235 
vn 0.0018857847899198532 0.956819474697113 0.29067665338516235 
vn 1.3719388580919756e-13 -0.44286009669303894 -0.8965907096862793 
vn 1.3719388580919756e-13 -0.44286009669303894 -0.8965907096862793 
vn 1.3719388580919756e-13 -0.44286009669303894 -0.8965907096862793 
vn 1.3719388580919756e-13 -0.44286009669303894 -0.8965907096862793 
vn -0.8314676284790039 0.5555689334869385 -0.002184694167226553 
vn -0.8314676284790039 0.5555689334869385 -0.002184694167226553 
vn -0.8314676284790039 0.5555689334869385 -0.002184694167226553 
vn -0.8314676284790039 0.5555689334869385 -0.002184694167226553 
vn -0.0018766504945233464 0.30942681431770325 0.9509214162826538 
vn -0.0018766504945233464 0.30942681431770325 0.9509214162826538 
vn -0.0018766504945233464 0.30942681431770325 0.9509214162826538 
vn -0.0018766504945233464 0.30942681431770325 0.9509214162826538 
vn 0.999997615814209 0 0.002184694167226553 
vn 0.999997615814209 0 0.002184694167226553 
vn 0.999997615814209 0 0.002184694167226553 
vn 0.999997615814209 0 0.002184694167226553 
vn 0.999997615814209 0 0.002184694167226553 
vn 0.999997615814209 0 0.002184694167226553 
vn 0.999997615814209 0 0.002184694167226553 
vn 0.999997615814209 0 0.002184694167226553 
vn 0.999997615814209 0 0.002184694167226553 
vn 0.999997615814209 0 0.002184694167226553 
vn 0.999997615814209 0 0.002184694167226553 
vn 0.999997615814209 0 0.002184694167226553 
vn 0.999997615814209 0 0.002184694167226553 
vn 0.999997615814209 0 0.002184694167226553 
vn 0.999997615814209 0 0.002184694167226553 
vn 0.999997615814209 0 0.002184694167226553 
vn 0.999997615814209 0 0.002184694167226553 
vn 0.999997615814209 0 0.002184694167226553 
vn 0.999997615814209 0 0.002184694167226553 
vn 0.999997615814209 0 0.002184694167226553 
vn 0.999997615814209 0 0.002184694167226553 
vn 0.999997615814209 0 0.002184694167226553 
vn 0.0018825703300535679 -0.46620675921440125 0.8846737742424011 
vn 0.0018825703300535679 -0.46620675921440125 0.8846737742424011 
vn 0.0018825703300535679 -0.46620675921440125 0.8846737742424011 
vn 0.0018825703300535679 -0.46620675921440125 0.8846737742424011 
vn -0.0018766504945233464 -0.30942681431770325 0.9509214162826538 
vn -0.0018766504945233464 -0.30942681431770325 0.9509214162826538 
vn -0.0018766504945233464 -0.30942681431770325 0.9509214162826538 
vn -0.0018766504945233464 -0.30942681431770325 0.9509214162826538 
vn 0.0018903466407209635 -0.2081880271434784 -0.9780870079994202 
vn 0.0018903466407209635 -0.2081880271434784 -0.9780870079994202 
vn 0.0018903466407209635 -0.2081880271434784 -0.9780870079994202 
vn 0.0018903466407209635 -0.2081880271434784 -0.9780870079994202 
vn 0.0037766085006296635 0.9641047716140747 -0.26549527049064636 
vn 0.0037766085006296635 0.9641047716140747 -0.26549527049064636 
vn 0.0037766085006296635 0.9641047716140747 -0.26549527049064636 
vn 0.0037766085006296635 0.9641047716140747 -0.26549527049064636 
vn -0.5555689334869385 0.8314676284790039 -0.002184694167226553 
vn -0.5555689334869385 0.8314676284790039 -0.002184694167226553 
vn -0.5555689334869385 0.8314676284790039 -0.002184694167226553 
vn -0.5555689334869385 0.8314676284790039 -0.002184694167226553 
vn -0.8314676284790039 0.5555689334869385 0.002184694167226553 
vn -0.8314676284790039 0.5555689334869385 0.002184694167226553 
vn -0.8314676284790039 0.5555689334869385 0.002184694167226553 
vn -0.8314676284790039 0.5555689334869385 0.002184694167226553 
vn 0.0018903466407209635 -0.2081880271434784 -0.9780870079994202 
vn 0.0018903466407209635 -0.2081880271434784 -0.9780870079994202 
vn 0.0018903466407209635 -0.2081880271434784 -0.9780870079994202 
vn 0.0018903466407209635 -0.2081880271434784 -0.9780870079994202 
vn -2.417389849223e-14 0.23376400768756866 0.9722933769226074 
vn -2.417389849223e-14 0.23376400768756866 0.9722933769226074 
vn -2.417389849223e-14 0.23376400768756866 0.9722933769226074 
vn -2.417389849223e-14 0.23376400768756866 0.9722933769226074 
vn 3.097898456858039e-13 -0.999997615814209 0.002184694167226553 
vn 3.097898456858039e-13 -0.999997615814209 0.002184694167226553 
vn 0.00378825468942523 -0.19532142579555511 -0.9807319641113281 
vn 0.00378825468942523 0.19532142579555511 -0.9807319641113281 
vn -1.0341130485562108e-13 0.999997615814209 0.002184694167226553 
vn -1.0341130485562108e-13 0.999997615814209 0.002184694167226553 
s on 
f 1//1 2//2 3//3 
f 2//2 4//4 3//3 
f 3//3 4//4 4//4 
f 4//4 5//5 4//4 
f 4//4 5//5 5//5 
f 5//5 6//6 5//5 
f 5//5 6//6 7//7 
f 6//6 8//8 7//7 
f 7//7 8//8 8//8 
f 8//8 6//6 8//8 
f 8//8 6//6 6//6 
f 6//6 9//9 6//6 
f 6//6 9//9 8//8 
f 9//9 10//10 8//8 
f 8//8 10//10 10//10 
f 10//10 9//9 10//10 
f 10//10 9//9 9//9 
f 9//9 11//11 9//9 
f 9//9 11//11 10//10 
f 11//11 12//12 10//10 
f 10//10 12//12 12//12 
f 12//12 11//11 12//12 
f 12//12 11//11 11//11 
f 11//11 13//13 11//11 
f 11//11 13//13 12//12 
f 13//13 14//14 12//12 
f 12//12 14//14 14//14 
f 14//14 13//13 14//14 
f 14//14 13//13 13//13 
f 13//13 15//15 13//13 
f 13//13 15//15 14//14 
f 15//15 16//16 14//14 
f 14//14 16//16 16//16 
f 16//16 15//15 16//16 
f 16//16 15//15 15//15 
f 15//15 17//17 15//15 
f 15//15 17//17 16//16 
f 17//17 18//18 16//16 
f 16//16 18//18 18//18 
f 18//18 17//17 18//18 
f 18//18 17//17 17//17 
f 17//17 19//19 17//17 
f 17//17 19//19 18//18 
f 19//19 20//20 18//18 
f 18//18 20//20 20//20 
f 20//20 19//19 20//20 
f 20//20 19//19 19//19 
f 19//19 21//21 19//19 
f 19//19 21//21 20//20 
f 21//21 22//22 20//20 
f 20//20 22//22 22//22 
f 22//22 21//21 22//22 
f 22//22 21//21 21//21 
f 21//21 23//23 21//21 
f 21//21 23//23 22//22 
f 23//23 24//24 22//22 
f 22//22 24//24 24//24 
f 24//24 25//25 24//24 
f 24//24 25//25 25//25 
f 25//25 26//26 25//25 
f 25//25 26//26 27//27 
f 26//26 28//28 27//27 
f 27//27 28//28 28//28 
f 28//28 26//26 28//28 
f 28//28 26//26 26//26 
f 26//26 29//29 26//26 
f 26//26 29//29 28//28 
f 29//29 30//30 28//28 
f 28//28 30//30 30//30 
f 30//30 29//29 30//30 
f 30//30 29//29 29//29 
f 29//29 31//31 29//29 
f 29//29 31//31 30//30 
f 31//31 32//32 30//30 
f 30//30 32//32 32//32 
f 32//32 31//31 32//32 
f 32//32 31//31 31//31 
f 31//31 33//33 31//31 
f 31//31 33//33 32//32 
f 33//33 34//34 32//32 
f 32//32 34//34 34//34 
f 34//34 33//33 34//34 
f 34//34 33//33 33//33 
f 33//33 35//35 33//33 
f 33//33 35//35 34//34 
f 35//35 36//36 34//34 
f 34//34 36//36 36//36 
f 36//36 35//35 36//36 
f 36//36 35//35 35//35 
f 35//35 37//37 35//35 
f 35//35 37//37 36//36 
f 37//37 38//38 36//36 
f 36//36 38//38 38//38 
f 38//38 37//37 38//38 
f 38//38 37//37 37//37 
f 37//37 39//39 37//37 
f 37//37 39//39 38//38 
f 39//39 40//40 38//38 
f 38//38 40//40 40//40 
f 40//40 39//39 40//40 
f 40//40 39//39 39//39 
f 39//39 41//41 39//39 
f 39//39 41//41 40//40 
f 41//41 42//42 40//40 
f 40//40 42//42 42//42 
f 42//42 41//41 42//42 
f 42//42 41//41 41//41 
f 41//41 43//43 41//41 
f 41//41 43//43 42//42 
f 43//43 44//44 42//42 
f 42//42 44//44 44//44 
f 44//44 45//45 44//44 
f 44//44 45//45 45//45 
f 45//45 46//46 45//45 
f 45//45 46//46 47//47 
f 46//46 48//48 47//47 
f 47//47 48//48 48//48 
f 48//48 49//49 48//48 
f 48//48 49//49 49//49 
f 49//49 50//50 49//49 
f 49//49 50//50 51//51 
f 50//50 52//52 51//51 
f 51//51 52//52 52//52 
f 52//52 53//53 52//52 
f 52//52 53//53 53//53 
f 53//53 54//54 53//53 
f 53//53 54//54 55//55 
f 54//54 56//56 55//55 
f 55//55 56//56 56//56 
f 56//56 57//57 56//56 
f 56//56 57//57 57//57 
f 57//57 58//58 57//57 
f 57//57 58//58 59//59 
f 58//58 60//60 59//59 
f 59//59 60//60 60//60 
f 60//60 61//61 60//60 
f 60//60 61//61 61//61 
f 61//61 62//62 61//61 
f 61//61 62//62 63//63 
f 62//62 64//64 63//63 
f 63//63 64//64 64//64 
f 64//64 65//65 64//64 
f 64//64 65//65 65//65 
f 65//65 66//66 65//65 
f 65//65 66//66 67//67 
f 66//66 68//68 67//67 
f 67//67 68//68 69//69 
f 68//68 69//69 69//69 
f 69//69 69//69 70//70 
f 69//69 70//70 70//70 
f 70//70 70//70 70//70 
f 70//70 71//71 70//70 
f 70//70 71//71 72//72 
f 71//71 73//73 72//72 
f 72//72 73//73 74//74 
f 73//73 75//75 74//74 
f 74//74 75//75 76//76 
f 75//75 77//77 76//76 
f 76//76 77//77 78//78 
f 77//77 79//79 78//78 
f 78//78 79//79 80//80 
f 79//79 81//81 80//80 
f 80//80 81//81 82//82 
f 81//81 83//83 82//82 
f 82//82 83//83 84//84 
f 83//83 85//85 84//84 
f 84//84 85//85 85//85 
f 85//85 86//86 85//85 
f 85//85 86//86 86//86 
f 86//86 87//87 86//86 
f 86//86 87//87 88//88 
f 87//87 89//89 88//88 
f 88//88 89//89 89//89 
f 89//89 90//90 89//89 
f 89//89 90//90 90//90 
f 90//90 91//91 90//90 
f 90//90 91//91 92//92 
f 91//91 93//93 92//92 
f 92//92 93//93 93//93 
f 93//93 94//94 93//93 
f 93//93 94//94 94//94 
f 94//94 95//95 94//94 
f 94//94 95//95 96//96 
f 95//95 97//97 96//96 
f 96//96 97//97 97//97 
f 97//97 98//98 97//97 
f 97//97 98//98 98//98 
f 98//98 99//99 98//98 
f 98//98 99//99 100//100 
f 99//99 101//101 100//100 
f 100//100 101//101 102//102 
f 101//101 103//103 102//102 
f 102//102 103//103 104//104 
f 103//103 105//105 104//104 
f 104//104 105//105 106//106 
f 105//105 107//107 106//106 
f 106//106 107//107 108//108 
f 107//107 109//109 108//108 
f 108//108 109//109 110//110 
f 109//109 111//111 110//110 
f 110//110 111//111 112//112 
f 111//111 113//113 112//112 
f 112//112 113//113 114//114 
f 113//113 115//115 114//114 
f 114//114 115//115 116//116 
f 115//115 117//117 116//116 
f 116//116 117//117 118//118 
f 117//117 119//119 118//118 
f 118//118 119//119 119//119 
f 119//119 120//120 119//119 
f 119//119 120//120 120//120 
f 120//120 121//121 120//120 
f 120//120 121//121 122//122 
f 121//121 123//123 122//122 
f 122//122 123//123 123//123 
f 123//123 124//124 123//123 
f 123//123 124//124 124//124 
f 124//124 125//125 124//124 
f 124//124 125//125 126//126 
f 125//125 127//127 126//126 
f 126//126 127//127 127//127 
f 127//127 128//128 127//127 
f 127//127 128//128 128//128 
f 128//128 129//129 128//128 
f 128//128 129//129 130//130 
f 129//129 131//131 130//130 
f 130//130 131//131 132//132 
f 131//131 133//133 132//132 
f 132//132 133//133 134//134 
f 133//133 135//135 134//134 
f 134//134 135//135 136//136 
f 135//135 137//137 136//136 
f 136//136 137//137 138//138 
f 137//137 139//139 138//138 
f 138//138 139//139 140//140 
f 139//139 141//141 140//140 
f 140//140 141//141 142//142 
f 141//141 143//143 142//142 
f 142//142 143//143 143//143 
f 143//143 144//144 143//143 
f 143//143 144//144 144//144 
f 144//144 145//145 144//144 
f 144//144 145//145 146//146 
f 145//145 147//147 146//146 
f 146//146 147//147 147//147 
f 147//147 148//148 147//147 
f 147//147 148//148 148//148 
f 148//148 149//149 148//148 
f 148//148 149//149 150//150 
f 149//149 151//151 150//150 
f 150//150 151//151 151//151 
f 151//151 152//152 151//151 
f 151//151 152//152 152//152 
f 152//152 153//153 152//152 
f 152//152 153//153 154//154 
f 153//153 155//155 154//154 
f 154//154 155//155 155//155 
f 155//155 156//156 155//155 
f 155//155 156//156 156//156 
f 156//156 157//157 156//156 
f 156//156 157//157 158//158 
f 157//157 159//159 158//158 
f 158//158 159//159 159//159 
f 159//159 160//160 159//159 
f 159//159 160//160 160//160 
f 160//160 161//161 160//160 
f 160//160 161//161 162//162 
f 161//161 163//163 162//162 
f 162//162 163//163 163//163 
f 163//163 164//164 163//163 
f 163//163 164//164 164//164 
f 164//164 165//165 164//164 
f 164//164 165//165 166//166 
f 165//165 167//167 166//166 
f 166//166 167//167 167//167 
f 167//167 168//168 167//167 
f 167//167 168//168 168//168 
f 168//168 169//169 168//168 
f 168//168 169//169 170//170 
f 169//169 171//171 170//170 
f 170//170 171//171 171//171 
f 171//171 172//172 171//171 
f 171//171 172//172 172//172 
f 172//172 173//173 172//172 
f 172//172 173//173 174//174 
f 173//173 175//175 174//174 
f 174//174 175//175 175//175 
f 175//175 176//176 175//175 
f 175//175 176//176 176//176 
f 176//176 177//177 176//176 
f 176//176 177//177 178//178 
f 177//177 179//179 178//178 
f 178//178 179//179 179//179 
f 179//179 180//180 179//179 
f 179//179 180//180 180//180 
f 180//180 181//181 180//180 
f 180//180 181//181 182//182 
f 181//181 183//183 182//182 
f 182//182 183//183 184//184 
f 183//183 184//184 184//184 
f 184//184 184//184 185//185 
f 184//184 185//185 185//185 
f 185//185 185//185 185//185 
f 185//185 186//186 185//185 
f 185//185 186//186 187//187 
f 186//186 188//188 187//187 
f 187//187 188//188 188//188 
f 188//188 189//189 188//188 
f 188//188 189//189 189//189 
f 189//189 190//190 189//189 
f 189//189 190//190 191//191 
f 190//190 192//192 191//191 
f 191//191 192//192 192//192 
f 192//192 193//193 192//192 
f 192//192 193//193 193//193 
f 193//193 194//194 193//193 
f 193//193 194//194 195//195 
f 194//194 196//196 195//195 
f 195//195 196//196 196//196 
f 196//196 197//197 196//196 
f 196//196 197//197 197//197 
f 197//197 198//198 197//197 
f 197//197 198//198 199//199 
f 198//198 200//200 199//199 
f 199//199 200//200 200//200 
f 200//200 201//201 200//200 
f 200//200 201//201 201//201 
f 201//201 202//202 201//201 
f 201//201 202//202 203//203 
f 202//202 204//204 203//203 
f 203//203 204//204 204//204 
f 204//204 205//205 204//204 
f 204//204 205//205 205//205 
f 205//205 206//206 205//205 
f 205//205 206//206 207//207 
f 206//206 208//208 207//207 
f 207//207 208//208 208//208 
f 208//208 209//209 208//208 
f 208//208 209//209 209//209 
f 209//209 210//210 209//209 
f 209//209 210//210 211//211 
f 210//210 212//212 211//211 
f 211//211 212//212 212//212 
f 212//212 213//213 212//212 
f 212//212 213//213 213//213 
f 213//213 214//214 213//213 
f 213//213 214//214 215//215 
f 214//214 216//216 215//215 
f 215//215 216//216 216//216 
f 216//216 217//217 216//216 
f 216//216 217//217 217//217 
f 217//217 218//218 217//217 
f 217//217 218//218 219//219 
f 218//218 220//220 219//219 
f 219//219 220//220 220//220 
f 220//220 221//221 220//220 
f 220//220 221//221 221//221 
f 221//221 222//222 221//221 
f 221//221 222//222 223//223 
f 222//222 224//224 223//223 
f 223//223 224//224 224//224 
f 224//224 225//225 224//224 
f 224//224 225//225 225//225 
f 225//225 226//226 225//225 
f 225//225 226//226 227//227 
f 226//226 228//228 227//227 
f 227//227 228//228 228//228 
f 228//228 229//229 228//228 
f 228//228 229//229 229//229 
f 229//229 230//230 229//229 
f 229//229 230//230 231//231 
f 230//230 232//232 231//231 
f 231//231 232//232 232//232 
f 232//232 233//233 232//232 
f 232//232 233//233 233//233 
f 233//233 234//234 233//233 
f 233//233 234//234 235//235 
f 234//234 236//236 235//235 
f 235//235 236//236 236//236 
f 236//236 237//237 236//236 
f 236//236 237//237 237//237 
f 237//237 238//238 237//237 
f 237//237 238//238 239//239 
f 238//238 240//240 239//239 
f 239//239 240//240 240//240 
f 240//240 241//241 240//240 
f 240//240 241//241 241//241 
f 241//241 242//242 241//241 
f 241//241 242//242 243//243 
f 242//242 244//244 243//243 
f 243//243 244//244 244//244 
f 244//244 245//245 244//244 
f 244//244 245//245 245//245 
f 245//245 246//246 245//245 
f 245//245 246//246 247//247 
f 246//246 248//248 247//247 
f 247//247 248//248 248//248 
f 248//248 249//249 248//248 
f 248//248 249//249 249//249 
f 249//249 250//250 249//249 
f 249//249 250//250 251//251 
f 250//250 252//252 251//251 
f 251//251 252//252 252//252 
f 252//252 253//253 252//252 
f 252//252 253//253 253//253 
f 253//253 254//254 253//253 
f 253//253 254//254 255//255 
f 254//254 256//256 255//255 
f 255//255 256//256 256//256 
f 256//256 257//257 256//256 
f 256//256 257//257 257//257 
f 257//257 258//258 257//257 
f 257//257 258//258 259//259 
f 258//258 260//260 259//259 
f 259//259 260//260 260//260 
f 260//260 261//261 260//260 
f 260//260 261//261 261//261 
f 261//261 262//262 261//261 
f 261//261 262//262 263//263 
f 262//262 264//264 263//263 
f 263//263 264//264 264//264 
f 264//264 265//265 264//264 
f 264//264 265//265 265//265 
f 265//265 266//266 265//265 
f 265//265 266//266 267//267 
f 266//266 268//268 267//267 
f 267//267 268//268 268//268 
f 268//268 269//269 268//268 
f 268//268 269//269 269//269 
f 269//269 270//270 269//269 
f 269//269 270//270 271//271 
f 270//270 272//272 271//271 
f 271//271 272//272 272//272 
f 272//272 273//273 272//272 
f 272//272 273//273 273//273 
f 273//273 274//274 273//273 
f 273//273 274//274 275//275 
f 274//274 276//276 275//275 
f 275//275 276//276 276//276 
f 276//276 277//277 276//276 
f 276//276 277//277 277//277 
f 277//277 278//278 277//277 
f 277//277 278//278 279//279 
f 278//278 280//280 279//279 
f 279//279 280//280 280//280 
f 280//280 281//281 280//280 
f 280//280 281//281 281//281 
f 281//281 282//282 281//281 
f 281//281 282//282 283//283 
f 282//282 284//284 283//283 
f 283//283 284//284 284//284 
f 284//284 285//285 284//284 
f 284//284 285//285 285//285 
f 285//285 286//286 285//285 
f 285//285 286//286 287//287 
f 286//286 288//288 287//287 
f 287//287 288//288 288//288 
f 288//288 286//286 288//288 
f 288//288 286//286 289//289 
f 286//286 290//290 289//289 
f 289//289 290//290 290//290 
f 290//290 291//291 290//290 
f 290//290 291//291 291//291 
f 291//291 292//292 291//291 
f 291//291 292//292 293//293 
f 292//292 294//294 293//293 
f 293//293 294//294 294//294 
f 294//294 295//295 294//294 
f 294//294 295//295 295//295 
f 295//295 296//296 295//295 
f 295//295 296//296 297//297 
f 296//296 298//298 297//297 
f 297//297 298//298 298//298 
f 298//298 299//299 298//298 
f 298//298 299//299 299//299 
f 299//299 300//300 299//299 
f 299//299 300//300 301//301 
f 300//300 302//302 301//301 
f 301//301 302//302 302//302 
f 302//302 303//303 302//302 
f 302//302 303//303 303//303 
f 303//303 304//304 303//303 
f 303//303 304//304 305//305 
f 304//304 306//306 305//305 
f 305//305 306//306 306//306 
f 306//306 307//307 306//306 
f 306//306 307//307 307//307 
f 307//307 308//308 307//307 
f 307//307 308//308 309//309 
f 308//308 310//310 309//309 
f 309//309 310//310 310//310 
f 310//310 311//311 310//310 
f 310//310 311//311 311//311 
f 311//311 312//312 311//311 
f 311//311 312//312 313//313 
f 312//312 314//314 313//313 
f 313//313 314//314 314//314 
f 314//314 315//315 314//314 
f 314//314 315//315 315//315 
f 315//315 316//316 315//315 
f 315//315 316//316 317//317 
f 316//316 318//318 317//317 
f 317//317 318//318 318//318 
f 318//318 319//319 318//318 
f 318//318 319//319 319//319 
f 319//319 320//320 319//319 
f 319//319 320//320 321//321 
f 320//320 322//322 321//321 
f 321//321 322//322 322//322 
f 322//322 323//323 322//322 
f 322//322 323//323 323//323 
f 323//323 324//324 323//323 
f 323//323 324//324 325//325 
f 324//324 326//326 325//325 
f 325//325 326//326 327//327 
f 326//326 327//327 327//327 
f 327//327 327//327 328//328 
f 327//327 328//328 328//328 
f 328//328 328//328 328//328 
f 328//328 329//329 328//328 
f 328//328 329//329 330//330 
f 329//329 331//331 330//330 
f 330//330 331//331 331//331 
f 331//331 332//332 331//331 
f 331//331 332//332 332//332 
f 332//332 333//333 332//332 
f 332//332 333//333 334//334 
f 333//333 335//335 334//334 
f 334//334 335//335 335//335 
f 335//335 336//336 335//335 
f 335//335 336//336 336//336 
f 336//336 337//337 336//336 
f 336//336 337//337 338//338 
f 337//337 339//339 338//338 
f 338//338 339//339 339//339 
f 339//339 340//340 339//339 
f 339//339 340//340 340//340 
f 340//340 341//341 340//340 
f 340//340 341//341 342//342 
f 341//341 343//343 342//342 
f 342//342 343//343 343//343 
f 343//343 344//344 343//343 
f 343//343 344//344 344//344 
f 344//344 345//345 344//344 
f 344//344 345//345 346//346 
f 345//345 347//347 346//346 
f 346//346 347//347 347//347 
f 347//347 348//348 347//347 
f 347//347 348//348 348//348 
f 348//348 349//349 348//348 
f 348//348 349//349 350//350 
f 349//349 351//351 350//350 
f 350//350 351//351 351//351 
f 351//351 352//352 351//351 
f 351//351 352//352 352//352 
f 352//352 353//353 352//352 
f 352//352 353//353 354//354 
f 353//353 355//355 354//354 
f 354//354 355//355 355//355 
f 355//355 356//356 355//355 
f 355//355 356//356 356//356 
f 356//356 357//357 356//356 
f 356//356 357//357 358//358 
f 357//357 359//359 358//358 
f 358//358 359//359 359//359 
f 359//359 360//360 359//359 
f 359//359 360//360 360//360 
f 360//360 361//361 360//360 
f 360//360 361//361 362//362 
f 361//361 363//363 362//362 
f 362//362 363//363 363//363 
f 363//363 364//364 363//363 
f 363//363 364//364 364//364 
f 364//364 365//365 364//364 
f 364//364 365//365 366//366 
f 365//365 367//367 366//366 
f 366//366 367//367 367//367 
f 367//367 365//365 367//367 
f 367//367 365//365 368//368 
f 365//365 369//369 368//368 
f 368//368 369//369 369//369 
f 369//369 370//370 369//369 
f 369//369 370//370 370//370 
f 370//370 371//371 370//370 
f 370//370 371//371 372//372 
f 371//371 373//373 372//372 
f 372//372 373//373 373//373 
f 373//373 374//374 373//373 
f 373//373 374//374 374//374 
f 374//374 375//375 374//374 
f 374//374 375//375 376//376 
f 375//375 377//377 376//376 
f 376//376 377//377 377//377 
f 377//377 378//378 377//377 
f 377//377 378//378 378//378 
f 378//378 379//379 378//378 
f 378//378 379//379 380//380 
f 379//379 381//381 380//380 
f 380//380 381//381 381//381 
f 381//381 379//379 381//381 
f 381//381 379//379 382//382 
f 379//379 383//383 382//382 
f 382//382 383//383 383//383 
f 383//383 384//384 383//383 
f 383//383 384//384 384//384 
f 384//384 385//385 384//384 
f 384//384 385//385 386//386 
f 385//385 387//387 386//386 
f 386//386 387//387 387//387 
f 387//387 385//385 387//387 
f 387//387 385//385 388//388 
f 385//385 389//389 388//388 
f 388//388 389//389 389//389 
f 389//389 390//390 389//389 
f 389//389 390//390 390//390 
f 390//390 391//391 390//390 
f 390//390 391//391 392//392 
f 391//391 393//393 392//392 
f 392//392 393//393 393//393 
f 393//393 394//394 393//393 
f 393//393 394//394 394//394 
f 394//394 395//395 394//394 
f 394//394 395//395 396//396 
f 395//395 397//397 396//396 
f 396//396 397//397 397//397 
f 397//397 398//398 397//397 
f 397//397 398//398 398//398 
f 398//398 399//399 398//398 
f 398//398 399//399 400//400 
f 399//399 401//401 400//400 
f 400//400 401//401 401//401 
f 401//401 399//399 401//401 
f 401//401 399//399 402//402 
f 399//399 403//403 402//402 
f 402//402 403//403 403//403 
f 403//403 404//404 403//403 
f 403//403 404//404 404//404 
f 404//404 405//405 404//404 
f 404//404 405//405 406//406 
f 405//405 407//407 406//406 
f 406//406 407//407 407//407 
f 407//407 405//405 407//407 
f 407//407 405//405 408//408 
f 405//405 409//409 408//408 
f 408//408 409//409 409//409 
f 409//409 410//410 409//409 
f 409//409 410//410 410//410 
f 410//410 411//411 410//410 
f 410//410 411//411 412//412 
f 411//411 413//413 412//412 
f 412//412 413//413 413//413 
f 413//413 414//414 413//413 
f 413//413 414//414 414//414 
f 414//414 415//415 414//414 
f 414//414 415//415 416//416 
f 415//415 417//417 416//416 
f 416//416 417//417 417//417 
f 417//417 418//418 417//417 
f 417//417 418//418 418//418 
f 418//418 419//419 418//418 
f 418//418 419//419 420//420 
f 419//419 421//421 420//420 
f 420//420 421//421 421//421 
f 421//421 419//419 421//421 
f 421//421 419//419 422//422 
f 419//419 423//423 422//422 
f 422//422 423//423 423//423 
f 423//423 424//424 423//423 
f 423//423 424//424 424//424 
f 424//424 425//425 424//424 
f 424//424 425//425 426//426 
f 425//425 427//427 426//426 
f 426//426 427//427 427//427 
f 427//427 428//428 427//427 
f 427//427 428//428 428//428 
f 428//428 429//429 428//428 
f 428//428 429//429 430//430 
f 429//429 431//431 430//430 
f 430//430 431//431 431//431 
f 431//431 432//432 431//431 
f 431//431 432//432 432//432 
f 432//432 433//433 432//432 
f 432//432 433//433 434//434 
f 433//433 435//435 434//434 
f 434//434 435//435 435//435 
f 435//435 436//436 435//435 
f 435//435 436//436 436//436 
f 436//436 437//437 436//436 
f 436//436 437//437 438//438 
f 437//437 439//439 438//438 
f 438//438 439//439 439//439 
f 439//439 440//440 439//439 
f 439//439 440//440 440//440 
f 440//440 441//441 440//440 
f 440//440 441//441 442//442 
f 441//441 443//443 442//442 
f 442//442 443//443 443//443 
f 443//443 441//441 443//443 
f 443//443 441//441 441//441 
f 441//441 444//444 441//441 
f 441//441 444//444 443//443 
f 444//444 445//445 443//443 
f 443//443 445//445 445//445 
f 445//445 444//444 445//445 
f 445//445 444//444 444//444 
f 444//444 446//446 444//444 
f 444//444 446//446 445//445 
f 446//446 447//447 445//445 
f 445//445 447//447 447//447 
f 447//447 446//446 447//447 
f 447//447 446//446 446//446 
f 446//446 448//448 446//446 
f 446//446 448//448 447//447 
f 448//448 449//449 447//447 
f 447//447 449//449 449//449 
f 449//449 448//448 449//449 
f 449//449 448//448 448//448 
f 448//448 450//450 448//448 
f 448//448 450//450 449//449 
f 450//450 451//451 449//449 
f 449//449 451//451 451//451 
f 451//451 450//450 451//451 
f 451//451 450//450 450//450 
f 450//450 452//452 450//450 
f 450//450 452//452 451//451 
f 452//452 453//453 451//451 
f 451//451 453//453 453//453 
f 453//453 452//452 453//453 
f 453//453 452//452 452//452 
f 452//452 454//454 452//452 
f 452//452 454//454 453//453 
f 454//454 455//455 453//453 
f 453//453 455//455 455//455 
f 455//455 454//454 455//455 
f 455//455 454//454 454//454 
f 454//454 456//456 454//454 
f 454//454 456//456 455//455 
f 456//456 457//457 455//455 
f 455//455 457//457 457//457 
f 457//457 456//456 457//457 
f 457//457 456//456 456//456 
f 456//456 458//458 456//456 
f 456//456 458//458 457//457 
f 458//458 459//459 457//457 
f 457//457 459//459 459//459 
f 459//459 458//458 459//459 
f 459//459 458//458 458//458 
f 458//458 460//460 458//458 
f 458//458 460//460 459//459 
f 460//460 461//461 459//459 
f 459//459 461//461 461//461 
f 461//461 462//462 461//461 
f 461//461 462//462 462//462 
f 462//462 463//463 462//462 
f 462//462 463//463 464//464 
f 463//463 465//465 464//464 
f 464//464 465//465 465//465 
f 465//465 466//466 465//465 
f 465//465 466//466 466//466 
f 466//466 467//467 466//466 
f 466//466 467//467 468//468 
f 467//467 469//469 468//468 
f 468//468 469//469 469//469 
f 469//469 470//470 469//469 
f 469//469 470//470 470//470 
f 470//470 471//471 470//470 
f 470//470 471//471 472//472 
f 471//471 473//473 472//472 
f 472//472 473//473 473//473 
f 473//473 474//474 473//473 
f 473//473 474//474 474//474 
f 474//474 475//475 474//474 
f 474//474 475//475 476//476 
f 475//475 477//477 476//476 
f 476//476 477//477 477//477 
f 477//477 478//478 477//477 
f 477//477 478//478 478//478 
f 478//478 479//479 478//478 
f 478//478 479//479 480//480 
f 479//479 481//481 480//480 
f 480//480 481//481 481//481 
f 481//481 482//482 481//481 
f 481//481 482//482 482//482 
f 482//482 483//483 482//482 
f 482//482 483//483 484//484 
f 483//483 485//485 484//484 
f 484//484 485//485 485//485 
f 485//485 486//486 485//485 
f 485//485 486//486 486//486 
f 486//486 487//487 486//486 
f 486//486 487//487 488//488 
f 487//487 489//489 488//488 
f 488//488 489//489 489//489 
f 489//489 490//490 489//489 
f 489//489 490//490 490//490 
f 490//490 491//491 490//490 
f 490//490 491//491 492//492 
f 491//491 493//493 492//492 
f 492//492 493//493 494//494 
f 493//493 495//495 494//494 
f 494//494 495//495 496//496 
f 495//495 497//497 496//496 
f 496//496 497//497 498//498 
f 497//497 499//499 498//498 
f 498//498 499//499 500//500 
f 499//499 501//501 500//500 
f 500//500 501//501 502//502 
f 501//501 503//503 502//502 
f 502//502 503//503 504//504 
f 503//503 505//505 504//504 
f 504//504 505//505 505//505 
f 505//505 506//506 505//505 
f 505//505 506//506 506//506 
f 506//506 507//507 506//506 
f 506//506 507//507 508//508 
f 507//507 509//509 508//508 
f 508//508 509//509 509//509 
f 509//509 510//510 509//509 
f 509//509 510//510 510//510 
f 510//510 511//511 510//510 
f 510//510 511//511 512//512 
f 511//511 513//513 512//512 
f 512//512 513//513 513//513 
f 513//513 514//514 513//513 
f 513//513 514//514 514//514 
f 514//514 515//515 514//514 
f 514//514 515//515 516//516 
f 515//515 517//517 516//516 
f 516//516 517//517 517//517 
f 517//517 518//518 517//517 
f 517//517 518//518 518//518 
f 518//518 519//519 518//518 
f 518//518 519//519 520//520 
f 519//519 521//521 520//520 
f 520//520 521//521 521//521 
f 521//521 522//522 521//521 
f 521//521 522//522 522//522 
f 522//522 523//523 522//522 
f 522//522 523//523 524//524 
f 523//523 525//525 524//524 
f 524//524 525//525 526//526 
f 525//525 526//526 526//526 
f 526//526 526//526 527//527 
f 526//526 527//527 527//527 
f 527//527 527//527 527//527 
f 527//527 528//528 527//527 
f 527//527 528//528 529//529 
f 528//528 530//530 529//529 
f 529//529 530//530 530//530 
f 530//530 531//531 530//530 
f 530//530 531//531 531//531 
f 531//531 532//532 531//531 
f 531//531 532//532 533//533 
f 532//532 534//534 533//533 
f 533//533 534//534 534//534 
f 534//534 535//535 534//534 
f 534//534 535//535 535//535 
f 535//535 536//536 535//535 
f 535//535 536//536 537//537 
f 536//536 538//538 537//537 
f 537//537 538//538 538//538 
f 538//538 539//539 538//538 
f 538//538 539//539 539//539 
f 539//539 540//540 539//539 
f 539//539 540//540 541//541 
f 540//540 542//542 541//541 
f 541//541 542//542 542//542 
f 542//542 543//543 542//542 
f 542//542 543//543 543//543 
f 543//543 544//544 543//543 
f 543//543 544//544 545//545 
f 544//544 546//546 545//545 
f 545//545 546//546 547//547 
f 546//546 547//547 547//547 
f 547//547 547//547 548//548 
f 547//547 548//548 548//548 
f 548//548 548//548 548//548 
f 548//548 549//549 548//548 
f 548//548 549//549 550//550 
f 549//549 551//551 550//550 
f 550//550 551//551 551//551 
f 551//551 552//552 551//551 
f 551//551 552//552 552//552 
f 552//552 553//553 552//552 
f 552//552 553//553 554//554 
f 553//553 555//555 554//554 
f 554//554 555//555 555//555 
f 555//555 556//556 555//555 
f 555//555 556//556 556//556 
f 556//556 557//557 556//556 
f 556//556 557//557 558//558 
f 557//557 559//559 558//558 
f 558//558 559//559 559//559 
f 559//559 560//560 559//559 
f 559//559 560//560 560//560 
f 560//560 561//561 560//560 
f 560//560 561//561 562//562 
f 561//561 563//563 562//562 
f 562//562 563//563 563//563 
f 563//563 564//564 563//563 
f 563//563 564//564 564//564 
f 564//564 565//565 564//564 
f 564//564 565//565 566//566 
f 565//565 567//567 566//566 
f 566//566 567//567 567//567 
f 567//567 568//568 567//567 
f 567//567 568//568 568//568 
f 568//568 569//569 568//568 
f 568//568 569//569 570//570 
f 569//569 571//571 570//570 
f 570//570 571//571 571//571 
f 571//571 569//569 571//571 
f 571//571 569//569 572//572 
f 569//569 573//573 572//572 
f 572//572 573//573 573//573 
f 573//573 574//574 573//573 
f 573//573 574//574 574//574 
f 574//574 575//575 574//574 
f 574//574 575//575 576//576 
f 575//575 577//577 576//576 
f 576//576 577//577 578//578 
f 577//577 579//579 578//578 
f 578//578 579//579 580//580 
f 579//579 581//581 580//580 
f 580//580 581//581 582//582 
f 581//581 583//583 582//582 
f 582//582 583//583 584//584 
f 583//583 585//585 584//584 
f 584//584 585//585 586//586 
f 585//585 587//587 586//586 
f 586//586 587//587 588//588 
f 587//587 589//589 588//588 
f 588//588 589//589 589//589 
f 589//589 590//590 589//589 
f 589//589 590//590 590//590 
f 590//590 591//591 590//590 
f 590//590 591//591 592//592 
f 591//591 593//593 592//592 
f 592//592 593//593 593//593 
f 593//593 594//594 593//593 
f 593//593 594//594 594//594 
f 594//594 595//595 594//594 
f 594//594 595//595 596//596 
f 595//595 597//597 596//596 
f 596//596 597//597 598//598 
f 597//597 599//599 598//598 
f 598//598 599//599 600//600 
f 599//599 601//601 600//600 
f 600//600 601//601 602//602 
f 601//601 603//603 602//602 
f 602//602 603//603 604//604 
f 603//603 605//605 604//604 
f 604//604 605//605 606//606 
f 605//605 607//607 606//606 
f 606//606 607//607 608//608 
f 607//607 609//609 608//608 
f 608//608 609//609 609//609 
f 609//609 610//610 609//609 
f 609//609 610//610 610//610 
f 610//610 611//611 610//610 
f 610//610 611//611 612//612 
f 611//611 613//613 612//612 
f 612//612 613//613 613//613 
f 613//613 614//614 613//613 
f 613//613 614//614 614//614 
f 614//614 615//615 614//614 
f 614//614 615//615 616//616 
f 615//615 617//617 616//616 
f 616//616 617//617 617//617 
f 617//617 618//618 617//617 
f 617//617 618//618 618//618 
f 618//618 619//619 618//618 
f 618//618 619//619 620//620 
f 619//619 621//621 620//620 
f 620//620 621//621 621//621 
f 621//621 622//622 621//621 
f 621//621 622//622 622//622 
f 622//622 623//623 622//622 
f 622//622 623//623 624//624 
f 623//623 625//625 624//624 
f 624//624 625//625 625//625 
f 625//625 626//626 625//625 
f 625//625 626//626 626//626 
f 626//626 627//627 626//626 
f 626//626 627//627 628//628 
f 627//627 629//629 628//628 
f 628//628 629//629 629//629 
f 629//629 630//630 629//629 
f 629//629 630//630 630//630 
f 630//630 631//631 630//630 
f 630//630 631//631 632//632 
f 631//631 633//633 632//632 
f 632//632 633//633 633//633 
f 633//633 634//634 633//633 
f 633//633 634//634 634//634 
f 634//634 635//635 634//634 
f 634//634 635//635 636//636 
f 635//635 637//637 636//636 
f 636//636 637//637 637//637 
f 637//637 638//638 637//637 
f 637//637 638//638 638//638 
f 638//638 639//639 638//638 
f 638//638 639//639 640//640 
f 639//639 641//641 640//640 
f 640//640 641//641 641//641 
f 641//641 642//642 641//641 
f 641//641 642//642 642//642 
f 642//642 643//643 642//642 
f 642//642 643//643 644//644 
f 643//643 645//645 644//644 
f 644//644 645//645 646//646 
f 645//645 647//647 646//646 
f 646//646 647//647 648//648 
f 647//647 649//649 648//648 
f 648//648 649//649 650//650 
f 649//649 651//651 650//650 
f 650//650 651//651 652//652 
f 651//651 653//653 652//652 
f 652//652 653//653 654//654 
f 653//653 655//655 654//654 
f 654//654 655//655 656//656 
f 655//655 657//657 656//656 
f 656//656 657//657 658//658 
f 657//657 659//659 658//658 
f 658//658 659//659 660//660 
f 659//659 661//661 660//660 
f 660//660 661//661 661//661 
f 661//661 662//662 661//661 
f 661//661 662//662 662//662 
f 662//662 663//663 662//662 
f 662//662 663//663 664//664 
f 663//663 665//665 664//664 
f 664//664 665//665 665//665 
f 665//665 666//666 665//665 
f 665//665 666//666 666//666 
f 666//666 667//667 666//666 
f 666//666 667//667 668//668 
f 667//667 669//669 668//668 
f 668//668 669//669 669//669 
f 669//669 670//670 669//669 
f 669//669 670//670 670//670 
f 670//670 671//671 670//670 
f 670//670 671//671 672//672 
f 671//671 673//673 672//672 
f 672//672 673//673 673//673 
f 673//673 674//674 673//673 
f 673//673 674//674 674//674 
f 674//674 675//675 674//674 
f 674//674 675//675 676//676 
f 675//675 677//677 676//676 
f 676//676 677//677 677//677 
f 677//677 678//678 677//677 
f 677//677 678//678 678//678 
f 678//678 679//679 678//678 
f 678//678 679//679 680//680 
f 679//679 681//681 680//680 
f 680//680 681//681 681//681 
f 681//681 682//682 681//681 
f 681//681 682//682 682//682 
f 682//682 683//683 682//682 
f 682//682 683//683 684//684 
f 683//683 685//685 684//684 
f 684//684 685//685 685//685 
f 685//685 686//686 685//685 
f 685//685 686//686 686//686 
f 686//686 687//687 686//686 
f 686//686 687//687 688//688 
f 687//687 689//689 688//688 
f 688//688 689//689 689//689 
f 689//689 690//690 689//689 
f 689//689 690//690 690//690 
f 690//690 691//691 690//690 
f 690//690 691//691 692//692 
f 691//691 693//693 692//692 
f 692//692 693//693 693//693 
f 693//693 694//694 693//693 
f 693//693 694//694 694//694 
f 694//694 695//695 694//694 
f 694//694 695//695 696//696 
f 695//695 697//697 696//696 
f 696//696 697//697 697//697 
f 697//697 698//698 697//697 
f 697//697 698//698 698//698 
f 698//698 699//699 698//698 
f 698//698 699//699 700//700 
f 699//699 701//701 700//700 
f 700//700 701//701 701//701 
f 701//701 702//702 701//701 
f 701//701 702//702 702//702 
f 702//702 703//703 702//702 
f 702//702 703//703 704//704 
f 703//703 705//705 704//704 
f 704//704 705//705 705//705 
f 705//705 706//706 705//705 
f 705//705 706//706 706//706 
f 706//706 707//707 706//706 
f 706//706 707//707 708//708 
f 707//707 709//709 708//708 
f 708//708 709//709 709//709 
f 709//709 710//710 709//709 
f 709//709 710//710 710//710 
f 710//710 711//711 710//710 
f 710//710 711//711 712//712 
f 711//711 713//713 712//712 
f 712//712 713//713 713//713 
f 713//713 714//714 713//713 
f 713//713 714//714 714//714 
f 714//714 715//715 714//714 
f 714//714 715//715 716//716 
f 715//715 717//717 716//716 
f 716//716 717//717 717//717 
f 717//717 718//718 717//717 
f 717//717 718//718 718//718 
f 718//718 719//719 718//718 
f 718//718 719//719 720//720 
f 719//719 721//721 720//720 
f 720//720 721//721 721//721 
f 721//721 722//722 721//721 
f 721//721 722//722 722//722 
f 722//722 723//723 722//722 
f 722//722 723//723 724//724 
f 723//723 725//725 724//724 
f 724//724 725//725 725//725 
f 725//725 726//726 725//725 
f 725//725 726//726 726//726 
f 726//726 727//727 726//726 
f 726//726 727//727 728//728 
f 727//727 729//729 728//728 
f 728//728 729//729 729//729 
f 729//729 730//730 729//729 
f 729//729 730//730 730//730 
f 730//730 731//731 730//730 
f 730//730 731//731 732//732 
f 731//731 733//733 732//732 
f 732//732 733//733 733//733 
f 733//733 734//734 733//733 
f 733//733 734//734 734//734 
f 734//734 735//735 734//734 
f 734//734 735//735 736//736 
f 735//735 737//737 736//736 
f 736//736 737//737 737//737 
f 737//737 738//738 737//737 
f 737//737 738//738 738//738 
f 738//738 739//739 738//738 
f 738//738 739//739 740//740 
f 739//739 741//741 740//740 
f 740//740 741//741 741//741 
f 741//741 742//742 741//741 
f 741//741 742//742 742//742 
f 742//742 743//743 742//742 
f 742//742 743//743 744//744 
f 743//743 745//745 744//744 
f 744//744 745//745 746//746 
f 745//745 747//747 746//746 
f 746//746 747//747 748//748 
f 747//747 749//749 748//748 
f 748//748 749//749 750//750 
f 749//749 751//751 750//750 
f 750//750 751//751 752//752 
f 751//751 753//753 752//752 
f 752//752 753//753 754//754 
f 753//753 755//755 754//754 
f 754//754 755//755 756//756 
f 755//755 757//757 756//756 
f 756//756 757//757 757//757 
f 757//757 758//758 757//757 
f 757//757 758//758 758//758 
f 758//758 759//759 758//758 
f 758//758 759//759 760//760 
f 759//759 761//761 760//760 
f 760//760 761//761 761//761 
f 761//761 762//762 761//761 
f 761//761 762//762 762//762 
f 762//762 763//763 762//762 
f 762//762 763//763 764//764 
f 763//763 765//765 764//764 
f 764//764 765//765 766//766 
f 765//765 767//767 766//766 
f 766//766 767//767 768//768 
f 767//767 769//769 768//768 
f 768//768 769//769 770//770 
f 769//769 771//771 770//770 
f 770//770 771//771 772//772 
f 771//771 773//773 772//772 
f 772//772 773//773 774//774 
f 773//773 775//775 774//774 
f 774//774 775//775 776//776 
f 775//775 777//777 776//776 
f 776//776 777//777 777//777 
f 777//777 778//778 777//777 
f 777//777 778//778 778//778 
f 778//778 779//779 778//778 
f 778//778 779//779 780//780 
f 779//779 781//781 780//780 
f 780//780 781//781 781//781 
f 781//781 782//782 781//781 
f 781//781 782//782 782//782 
f 782//782 783//783 782//782 
f 782//782 783//783 784//784 
f 783//783 785//785 784//784 
f 784//784 785//785 786//786 
f 785//785 786//786 786//786 
f 786//786 786//786 787//787 
f 786//786 787//787 787//787 
f 787//787 787//787 787//787 
f 787//787 788//788 787//787 
f 787//787 788//788 789//789 
f 788//788 790//790 789//789 
f 789//789 790//790 790//790 
f 790//790 791//791 790//790 
f 790//790 791//791 791//791 
f 791//791 792//792 791//791 
f 791//791 792//792 793//793 
f 792//792 794//794 793//793 
f 793//793 794//794 794//794 
f 794//794 795//795 794//794 
f 794//794 795//795 795//795 
f 795//795 796//796 795//795 
f 795//795 796//796 797//797 
f 796//796 798//798 797//797 
f 797//797 798//798 798//798 
f 798//798 796//796 798//798 
f 798//798 796//796 799//799 
f 796//796 800//800 799//799 
f 799//799 800//800 800//800 
f 800//800 801//801 800//800 
f 800//800 801//801 801//801 
f 801//801 802//802 801//801 
f 801//801 802//802 803//803 
f 802//802 804//804 803//803 
f 803//803 804//804 804//804 
f 804//804 805//805 804//804 
f 804//804 805//805 805//805 
f 805//805 806//806 805//805 
f 805//805 806//806 807//807 
f 806//806 808//808 807//807 
f 807//807 808//808 808//808 
f 808//808 809//809 808//808 
f 808//808 809//809 809//809 
f 809//809 810//810 809//809 
f 809//809 810//810 811//811 
f 810//810 812//812 811//811 
f 811//811 812//812 812//812 
f 812//812 813//813 812//812 
f 812//812 813//813 813//813 
f 813//813 814//814 813//813 
f 813//813 814//814 815//815 
f 814//814 816//816 815//815 
f 815//815 816//816 816//816 
f 816//816 817//817 816//816 
f 816//816 817//817 817//817 
f 817//817 818//818 817//817 
f 817//817 818//818 819//819 
f 818//818 820//820 819//819 
f 819//819 820//820 820//820 
f 820//820 821//821 820//820 
f 820//820 821//821 821//821 
f 821//821 822//822 821//821 
f 821//821 822//822 823//823 
f 822//822 824//824 823//823 
f 823//823 824//824 824//824 
f 824//824 825//825 824//824 
f 824//824 825//825 825//825 
f 825//825 826//826 825//825 
f 825//825 826//826 827//827 
f 826//826 828//828 827//827 
f 827//827 828//828 828//828 
f 828//828 829//829 828//828 
f 828//828 829//829 829//829 
f 829//829 830//830 829//829 
f 829//829 830//830 831//831 
f 830//830 832//832 831//831 
f 831//831 832//832 832//832 
f 832//832 833//833 832//832 
f 832//832 833//833 833//833 
f 833//833 834//834 833//833 
f 833//833 834//834 835//835 
f 834//834 836//836 835//835 
f 835//835 836//836 836//836 
f 836//836 837//837 836//836 
f 836//836 837//837 837//837 
f 837//837 838//838 837//837 
f 837//837 838//838 839//839 
f 838//838 840//840 839//839 
f 839//839 840//840 840//840 
f 840//840 841//841 840//840 
f 840//840 841//841 841//841 
f 841//841 842//842 841//841 
f 841//841 842//842 843//843 
f 842//842 844//844 843//843 
f 843//843 844//844 844//844 
f 844//844 845//845 844//844 
f 844//844 845//845 845//845 
f 845//845 846//846 845//845 
f 845//845 846//846 847//847 
f 846//846 848//848 847//847 
f 847//847 848//848 848//848 
f 848//848 849//849 848//848 
f 848//848 849//849 849//849 
f 849//849 850//850 849//849 
f 849//849 850//850 851//851 
f 850//850 852//852 851//851 
f 851//851 852//852 852//852 
f 852//852 853//853 852//852 
f 852//852 853//853 853//853 
f 853//853 854//854 853//853 
f 853//853 854//854 855//855 
f 854//854 856//856 855//855 
f 855//855 856//856 856//856 
f 856//856 857//857 856//856 
f 856//856 857//857 857//857 
f 857//857 858//858 857//857 
f 857//857 858//858 859//859 
f 858//858 860//860 859//859 
f 859//859 860//860 860//860 
f 860//860 861//861 860//860 
f 860//860 861//861 861//861 
f 861//861 862//862 861//861 
f 861//861 862//862 863//863 
f 862//862 864//864 863//863 
f 863//863 864//864 864//864 
f 864//864 865//865 864//864 
f 864//864 865//865 865//865 
f 865//865 866//866 865//865 
f 865//865 866//866 867//867 
f 866//866 868//868 867//867 
f 867//867 868//868 868//868 
f 868//868 869//869 868//868 
f 868//868 869//869 869//869 
f 869//869 870//870 869//869 
f 869//869 870//870 871//871 
f 870//870 872//872 871//871 
f 871//871 872//872 872//872 
f 872//872 873//873 872//872 
f 872//872 873//873 873//873 
f 873//873 874//874 873//873 
f 873//873 874//874 875//875 
f 874//874 876//876 875//875 
f 875//875 876//876 876//876 
f 876//876 877//877 876//876 
f 876//876 877//877 877//877 
f 877//877 878//878 877//877 
f 877//877 878//878 879//879 
f 878//878 880//880 879//879 
f 879//879 880//880 880//880 
f 880//880 881//881 880//880 
f 880//880 881//881 881//881 
f 881//881 882//882 881//881 
f 881//881 882//882 883//883 
f 882//882 884//884 883//883 
f 883//883 884//884 884//884 
f 884//884 885//885 884//884 
f 884//884 885//885 885//885 
f 885//885 886//886 885//885 
f 885//885 886//886 887//887 
f 886//886 888//888 887//887 
f 887//887 888//888 888//888 
f 888//888 889//889 888//888 
f 888//888 889//889 889//889 
f 889//889 890//890 889//889 
f 889//889 890//890 891//891 
f 890//890 892//892 891//891 
f 891//891 892//892 892//892 
f 892//892 893//893 892//892 
f 892//892 893//893 893//893 
f 893//893 894//894 893//893 
f 893//893 894//894 895//895 
f 894//894 896//896 895//895 
f 895//895 896//896 896//896 
f 896//896 897//897 896//896 
f 896//896 897//897 897//897 
f 897//897 898//898 897//897 
f 897//897 898//898 899//899 
f 898//898 900//900 899//899 
f 899//899 900//900 900//900 
f 900//900 901//901 900//900 
f 900//900 901//901 901//901 
f 901//901 902//902 901//901 
f 901//901 902//902 903//903 
f 902//902 904//904 903//903 
f 903//903 904//904 904//904 
f 904//904 905//905 904//904 
f 904//904 905//905 905//905 
f 905//905 906//906 905//905 
f 905//905 906//906 907//907 
f 906//906 908//908 907//907 
f 907//907 908//908 908//908 
f 908//908 909//909 908//908 
f 908//908 909//909 909//909 
f 909//909 910//910 909//909 
f 909//909 910//910 911//911 
f 910//910 912//912 911//911 
f 911//911 912//912 912//912 
f 912//912 913//913 912//912 
f 912//912 913//913 913//913 
f 913//913 914//914 913//913 
f 913//913 914//914 915//915 
f 914//914 916//916 915//915 
f 915//915 916//916 916//916 
f 916//916 917//917 916//916 
f 916//916 917//917 917//917 
f 917//917 918//918 917//917 
f 917//917 918//918 919//919 
f 918//918 920//920 919//919 
f 919//919 920//920 920//920 
f 920//920 921//921 920//920 
f 920//920 921//921 921//921 
f 921//921 922//922 921//921 
f 921//921 922//922 923//923 
f 922//922 924//924 923//923 
f 923//923 924//924 924//924 
f 924//924 925//925 924//924 
f 924//924 925//925 925//925 
f 925//925 926//926 925//925 
f 925//925 926//926 927//927 
f 926//926 928//928 927//927 
f 927//927 928//928 928//928 
f 928//928 929//929 928//928 
f 928//928 929//929 929//929 
f 929//929 930//930 929//929 
f 929//929 930//930 931//931 
f 930//930 932//932 931//931 
f 931//931 932//932 932//932 
f 932//932 933//933 932//932 
f 932//932 933//933 933//933 
f 933//933 934//934 933//933 
f 933//933 934//934 935//935 
f 934//934 936//936 935//935 
f 935//935 936//936 936//936 
f 936//936 937//937 936//936 
f 936//936 937//937 937//937 
f 937//937 938//938 937//937 
f 937//937 938//938 939//939 
f 938//938 940//940 939//939 
f 939//939 940//940 940//940 
f 940//940 938//938 940//940 
f 940//940 938//938 938//938 
f 938//938 941//941 938//938 
f 938//938 941//941 940//940 
f 941//941 942//942 940//940 
f 940//940 942//942 942//942 
f 942//942 941//941 942//942 
f 942//942 941//941 941//941 
f 941//941 943//943 941//941 
f 941//941 943//943 942//942 
f 943//943 944//944 942//942 
f 942//942 944//944 944//944 
f 944//944 943//943 944//944 
f 944//944 943//943 943//943 
f 943//943 945//945 943//943 
f 943//943 945//945 944//944 
f 945//945 946//946 944//944 
f 944//944 946//946 946//946 
f 946//946 945//945 946//946 
f 946//946 945//945 945//945 
f 945//945 947//947 945//945 
f 945//945 947//947 946//946 
f 947//947 948//948 946//946 
f 946//946 948//948 948//948 
f 948//948 947//947 948//948 
f 948//948 947//947 947//947 
f 947//947 949//949 947//947 
f 947//947 949//949 948//948 
f 949//949 950//950 948//948 
f 948//948 950//950 950//950 
f 950//950 949//949 950//950 
f 950//950 949//949 949//949 
f 949//949 951//951 949//949 
f 949//949 951//951 950//950 
f 951//951 952//952 950//950 
f 950//950 952//952 952//952 
f 952//952 953//953 952//952 
f 952//952 953//953 953//953 
f 953//953 954//954 953//953 
f 953//953 954//954 955//955 
f 954//954 956//956 955//955 
f 955//955 956//956 956//956 
f 956//956 957//957 956//956 
f 956//956 957//957 957//957 
f 957//957 958//958 957//957 
f 957//957 958//958 959//959 
f 958//958 960//960 959//959 
f 959//959 960//960 960//960 
f 960//960 961//961 960//960 
f 960//960 961//961 961//961 
f 961//961 962//962 961//961 
f 961//961 962//962 963//963 
f 962//962 964//964 963//963 
f 963//963 964//964 964//964 
f 964//964 965//965 964//964 
f 964//964 965//965 965//965 
f 965//965 966//966 965//965 
f 965//965 966//966 967//967 
f 966//966 968//968 967//967 
f 967//967 968//968 968//968 
f 968//968 969//969 968//968 
f 968//968 969//969 969//969 
f 969//969 970//970 969//969 
f 969//969 970//970 971//971 
f 970//970 972//972 971//971 
f 971//971 972//972 972//972 
f 972//972 970//970 972//972 
f 972//972 970//970 973//973 
f 970//970 974//974 973//973 
f 973//973 974//974 974//974 
f 974//974 975//975 974//974 
f 974//974 975//975 975//975 
f 975//975 976//976 975//975 
f 975//975 976//976 977//977 
f 976//976 978//978 977//977 
f 977//977 978//978 978//978 
f 978//978 976//976 978//978 
f 978//978 976//976 979//979 
f 976//976 980//980 979//979 
f 979//979 980//980 980//980 
f 980//980 981//981 980//980 
f 980//980 981//981 981//981 
f 981//981 982//982 981//981 
f 981//981 982//982 983//983 
f 982//982 984//984 983//983 
f 983//983 984//984 984//984 
f 984//984 985//985 984//984 
f 984//984 985//985 985//985 
f 985//985 986//986 985//985 
f 985//985 986//986 987//987 
f 986//986 988//988 987//987 
f 987//987 988//988 988//988 
f 988//988 989//989 988//988 
f 988//988 989//989 989//989 
f 989//989 990//990 989//989 
f 989//989 990//990 991//991 
f 990//990 992//992 991//991 
f 991//991 992//992 992//992 
f 992//992 993//993 992//992 
f 992//992 993//993 993//993 
f 993//993 994//994 993//993 
f 993//993 994//994 995//995 
f 994//994 996//996 995//995 
f 995//995 996//996 996//996 
f 996//996 997//997 996//996 
f 996//996 997//997 997//997 
f 997//997 998//998 997//997 
f 997//997 998//998 999//999 
f 998//998 1000//1000 999//999 
f 999//999 1000//1000 1000//1000 
f 1000//1000 1001//1001 1000//1000 
f 1000//1000 1001//1001 1001//1001 
f 1001//1001 1002//1002 1001//1001 
f 1001//1001 1002//1002 1003//1003 
f 1002//1002 1004//1004 1003//1003 
f 1003//1003 1004//1004 1004//1004 
f 1004//1004 1005//1005 1004//1004 
f 1004//1004 1005//1005 1005//1005 
f 1005//1005 1006//1006 1005//1005 
f 1005//1005 1006//1006 1007//1007 
f 1006//1006 1008//1008 1007//1007 
f 1007//1007 1008//1008 1008//1008 
f 1008//1008 1009//1009 1008//1008 
f 1008//1008 1009//1009 1009//1009 
f 1009//1009 1010//1010 1009//1009 
f 1009//1009 1010//1010 1011//1011 
f 1010//1010 1012//1012 1011//1011 
f 1011//1011 1012//1012 1012//1012 
f 1012//1012 1013//1013 1012//1012 
f 1012//1012 1013//1013 1013//1013 
f 1013//1013 1014//1014 1013//1013 
f 1013//1013 1014//1014 1015//1015 
f 1014//1014 1016//1016 1015//1015 
f 1015//1015 1016//1016 1016//1016 
f 1016//1016 1017//1017 1016//1016 
f 1016//1016 1017//1017 1017//1017 
f 1017//1017 1018//1018 1017//1017 
f 1017//1017 1018//1018 1019//1019 
f 1018//1018 1020//1020 1019//1019 
f 1019//1019 1020//1020 1020//1020 
f 1020//1020 1021//1021 1020//1020 
f 1020//1020 1021//1021 1021//1021 
f 1021//1021 1022//1022 1021//1021 
f 1021//1021 1022//1022 1023//1023 
f 1022//1022 1024//1024 1023//1023 
f 1023//1023 1024//1024 1024//1024 
f 1024//1024 1025//1025 1024//1024 
f 1024//1024 1025//1025 1025//1025 
f 1025//1025 1026//1026 1025//1025 
f 1025//1025 1026//1026 1027//1027 
f 1026//1026 1028//1028 1027//1027 
f 1027//1027 1028//1028 1028//1028 
f 1028//1028 1029//1029 1028//1028 
f 1028//1028 1029//1029 1029//1029 
f 1029//1029 1030//1030 1029//1029 
f 1029//1029 1030//1030 1031//1031 
f 1030//1030 1032//1032 1031//1031 
f 1031//1031 1032//1032 1032//1032 
f 1032//1032 1033//1033 1032//1032 
f 1032//1032 1033//1033 1033//1033 
f 1033//1033 1034//1034 1033//1033 
f 1033//1033 1034//1034 1035//1035 
f 1034//1034 1036//1036 1035//1035 
f 1035//1035 1036//1036 1036//1036 
f 1036//1036 1037//1037 1036//1036 
f 1036//1036 1037//1037 1037//1037 
f 1037//1037 1038//1038 1037//1037 
f 1037//1037 1038//1038 1039//1039 
f 1038//1038 1040//1040 1039//1039 
f 1039//1039 1040//1040 1040//1040 
f 1040//1040 1041//1041 1040//1040 
f 1040//1040 1041//1041 1041//1041 
f 1041//1041 1042//1042 1041//1041 
f 1041//1041 1042//1042 1043//1043 
f 1042//1042 1044//1044 1043//1043 
f 1043//1043 1044//1044 1044//1044 
f 1044//1044 1045//1045 1044//1044 
f 1044//1044 1045//1045 1045//1045 
f 1045//1045 1046//1046 1045//1045 
f 1045//1045 1046//1046 1047//1047 
f 1046//1046 1048//1048 1047//1047 
f 1047//1047 1048//1048 1048//1048 
f 1048//1048 1049//1049 1048//1048 
f 1048//1048 1049//1049 1049//1049 
f 1049//1049 1050//1050 1049//1049 
f 1049//1049 1050//1050 1051//1051 
f 1050//1050 1052//1052 1051//1051 
f 1051//1051 1052//1052 1052//1052 
f 1052//1052 1053//1053 1052//1052 
f 1052//1052 1053//1053 1053//1053 
f 1053//1053 1054//1054 1053//1053 
f 1053//1053 1054//1054 1055//1055 
f 1054//1054 1056//1056 1055//1055 
f 1055//1055 1056//1056 1056//1056 
f 1056//1056 1057//1057 1056//1056 
f 1056//1056 1057//1057 1057//1057 
f 1057//1057 1058//1058 1057//1057 
f 1057//1057 1058//1058 1059//1059 
f 1058//1058 1060//1060 1059//1059 
f 1059//1059 1060//1060 1060//1060 
f 1060//1060 1061//1061 1060//1060 
f 1060//1060 1061//1061 1061//1061 
f 1061//1061 1062//1062 1061//1061 
f 1061//1061 1062//1062 1063//1063 
f 1062//1062 1064//1064 1063//1063 
f 1063//1063 1064//1064 1064//1064 
f 1064//1064 1065//1065 1064//1064 
f 1064//1064 1065//1065 1065//1065 
f 1065//1065 1066//1066 1065//1065 
f 1065//1065 1066//1066 1067//1067 
f 1066//1066 1068//1068 1067//1067 
f 1067//1067 1068//1068 1068//1068 
f 1068//1068 1069//1069 1068//1068 
f 1068//1068 1069//1069 1069//1069 
f 1069//1069 1070//1070 1069//1069 
f 1069//1069 1070//1070 1071//1071 
f 1070//1070 1072//1072 1071//1071 
f 1071//1071 1072//1072 1072//1072 
f 1072//1072 1073//1073 1072//1072 
f 1072//1072 1073//1073 1073//1073 
f 1073//1073 1074//1074 1073//1073 
f 1073//1073 1074//1074 1075//1075 
f 1074//1074 1076//1076 1075//1075 
f 1075//1075 1076//1076 1077//1077 
f 1076//1076 1078//1078 1077//1077 
f 1077//1077 1078//1078 1079//1079 
f 1078//1078 1080//1080 1079//1079 
f 1079//1079 1080//1080 1081//1081 
f 1080//1080 1082//1082 1081//1081 
f 1081//1081 1082//1082 1083//1083 
f 1082//1082 1084//1084 1083//1083 
f 1083//1083 1084//1084 1085//1085 
f 1084//1084 1086//1086 1085//1085 
f 1085//1085 1086//1086 1087//1087 
f 1086//1086 1088//1088 1087//1087 
f 1087//1087 1088//1088 1088//1088 
f 1088//1088 1089//1089 1088//1088 
f 1088//1088 1089//1089 1089//1089 
f 1089//1089 1090//1090 1089//1089 
f 1089//1089 1090//1090 1091//1091 
f 1090//1090 1092//1092 1091//1091 
f 1091//1091 1092//1092 1092//1092 
f 1092//1092 1093//1093 1092//1092 
f 1092//1092 1093//1093 1093//1093 
f 1093//1093 1094//1094 1093//1093 
f 1093//1093 1094//1094 1095//1095 
f 1094//1094 1096//1096 1095//1095 
f 1095//1095 1096//1096 1096//1096 
f 1096//1096 1097//1097 1096//1096 
f 1096//1096 1097//1097 1097//1097 
f 1097//1097 1098//1098 1097//1097 
f 1097//1097 1098//1098 1099//1099 
f 1098//1098 1100//1100 1099//1099 
f 1099//1099 1100//1100 1100//1100 
f 1100//1100 1101//1101 1100//1100 
f 1100//1100 1101//1101 1101//1101 
f 1101//1101 1102//1102 1101//1101 
f 1101//1101 1102//1102 1103//1103 
f 1102//1102 1104//1104 1103//1103 
f 1103//1103 1104//1104 1104//1104 
f 1104//1104 1105//1105 1104//1104 
f 1104//1104 1105//1105 1105//1105 
f 1105//1105 1106//1106 1105//1105 
f 1105//1105 1106//1106 1107//1107 
f 1106//1106 1108//1108 1107//1107 
f 1107//1107 1108//1108 1108//1108 
f 1108//1108 1109//1109 1108//1108 
f 1108//1108 1109//1109 1109//1109 
f 1109//1109 1110//1110 1109//1109 
f 1109//1109 1110//1110 1111//1111 
f 1110//1110 1112//1112 1111//1111 
f 1111//1111 1112//1112 1112//1112 
f 1112//1112 1113//1113 1112//1112 
f 1112//1112 1113//1113 1113//1113 
f 1113//1113 1114//1114 1113//1113 
f 1113//1113 1114//1114 1115//1115 
f 1114//1114 1116//1116 1115//1115 
f 1115//1115 1116//1116 1116//1116 
f 1116//1116 1117//1117 1116//1116 
f 1116//1116 1117//1117 1117//1117 
f 1117//1117 1118//1118 1117//1117 
f 1117//1117 1118//1118 1119//1119 
f 1118//1118 1120//1120 1119//1119 
f 1119//1119 1120//1120 1120//1120 
f 1120//1120 1121//1121 1120//1120 
f 1120//1120 1121//1121 1121//1121 
f 1121//1121 1122//1122 1121//1121 
f 1121//1121 1122//1122 1123//1123 
f 1122//1122 1124//1124 1123//1123 
f 1123//1123 1124//1124 1124//1124 
f 1124//1124 1125//1125 1124//1124 
f 1124//1124 1125//1125 1125//1125 
f 1125//1125 1126//1126 1125//1125 
f 1125//1125 1126//1126 1127//1127 
f 1126//1126 1128//1128 1127//1127 
f 1127//1127 1128//1128 1128//1128 
f 1128//1128 1129//1129 1128//1128 
f 1128//1128 1129//1129 1129//1129 
f 1129//1129 1130//1130 1129//1129 
f 1129//1129 1130//1130 1131//1131 
f 1130//1130 1132//1132 1131//1131 
f 1131//1131 1132//1132 1132//1132 
f 1132//1132 1133//1133 1132//1132 
f 1132//1132 1133//1133 1133//1133 
f 1133//1133 1134//1134 1133//1133 
f 1133//1133 1134//1134 1135//1135 
f 1134//1134 1136//1136 1135//1135 
f 1135//1135 1136//1136 1136//1136 
f 1136//1136 1137//1137 1136//1136 
f 1136//1136 1137//1137 1137//1137 
f 1137//1137 1138//1138 1137//1137 
f 1137//1137 1138//1138 1139//1139 
f 1138//1138 1140//1140 1139//1139 
f 1139//1139 1140//1140 1140//1140 
f 1140//1140 1138//1138 1140//1140 
f 1140//1140 1138//1138 1138//1138 
f 1138//1138 1141//1141 1138//1138 
f 1138//1138 1141//1141 1140//1140 
f 1141//1141 1142//1142 1140//1140 
f 1140//1140 1142//1142 1142//1142 
f 1142//1142 1141//1141 1142//1142 
f 1142//1142 1141//1141 1141//1141 
f 1141//1141 1143//1143 1141//1141 
f 1141//1141 1143//1143 1142//1142 
f 1143//1143 1144//1144 1142//1142 
f 1142//1142 1144//1144 1144//1144 
f 1144//1144 1143//1143 1144//1144 
f 1144//1144 1143//1143 1143//1143 
f 1143//1143 1145//1145 1143//1143 
f 1143//1143 1145//1145 1144//1144 
f 1145//1145 1146//1146 1144//1144 
f 1144//1144 1146//1146 1146//1146 
f 1146//1146 1145//1145 1146//1146 
f 1146//1146 1145//1145 1145//1145 
f 1145//1145 1147//1147 1145//1145 
f 1145//1145 1147//1147 1146//1146 
f 1147//1147 1148//1148 1146//1146 
f 1146//1146 1148//1148 1148//1148 
f 1148//1148 1147//1147 1148//1148 
f 1148//1148 1147//1147 1147//1147 
f 1147//1147 1149//1149 1147//1147 
f 1147//1147 1149//1149 1148//1148 
f 1149//1149 1150//1150 1148//1148 
f 1148//1148 1150//1150 1150//1150 
f 1150//1150 1149//1149 1150//1150 
f 1150//1150 1149//1149 1149//1149 
f 1149//1149 1151//1151 1149//1149 
f 1149//1149 1151//1151 1150//1150 
f 1151//1151 1152//1152 1150//1150 
f 1150//1150 1152//1152 1152//1152 
f 1152//1152 1153//1153 1152//1152 
f 1152//1152 1153//1153 1153//1153 
f 1153//1153 1154//1154 1153//1153 
f 1153//1153 1154//1154 1155//1155 
f 1154//1154 1156//1156 1155//1155 
f 1155//1155 1156//1156 1156//1156 
f 1156//1156 1154//1154 1156//1156 
f 1156//1156 1154//1154 1157//1157 
f 1154//1154 1158//1158 1157//1157 
f 1157//1157 1158//1158 1158//1158 
f 1158//1158 1159//1159 1158//1158 
f 1158//1158 1159//1159 1159//1159 
f 1159//1159 1160//1160 1159//1159 
f 1159//1159 1160//1160 1161//1161 
f 1160//1160 1162//1162 1161//1161 
f 1161//1161 1162//1162 1162//1162 
f 1162//1162 1163//1163 1162//1162 
f 1162//1162 1163//1163 1163//1163 
f 1163//1163 1164//1164 1163//1163 
f 1163//1163 1164//1164 1165//1165 
f 1164//1164 1166//1166 1165//1165 
f 1165//1165 1166//1166 1166//1166 
f 1166//1166 1167//1167 1166//1166 
f 1166//1166 1167//1167 1167//1167 
f 1167//1167 1168//1168 1167//1167 
f 1167//1167 1168//1168 1169//1169 
f 1168//1168 1170//1170 1169//1169 
f 1169//1169 1170//1170 1170//1170 
f 1170//1170 1171//1171 1170//1170 
f 1170//1170 1171//1171 1171//1171 
f 1171//1171 1172//1172 1171//1171 
f 1171//1171 1172//1172 1173//1173 
f 1172//1172 1174//1174 1173//1173 
f 1173//1173 1174//1174 1174//1174 
f 1174//1174 1175//1175 1174//1174 
f 1174//1174 1175//1175 1175//1175 
f 1175//1175 1176//1176 1175//1175 
f 1175//1175 1176//1176 1177//1177 
f 1176//1176 1178//1178 1177//1177 
f 1177//1177 1178//1178 1178//1178 
f 1178//1178 1179//1179 1178//1178 
f 1178//1178 1179//1179 1179//1179 
f 1179//1179 1180//1180 1179//1179 
f 1179//1179 1180//1180 1181//1181 
f 1180//1180 1182//1182 1181//1181 
f 1181//1181 1182//1182 1182//1182 
f 1182//1182 1183//1183 1182//1182 
f 1182//1182 1183//1183 1183//1183 
f 1183//1183 1184//1184 1183//1183 
f 1183//1183 1184//1184 1185//1185 
f 1184//1184 1186//1186 1185//1185 
f 1185//1185 1186//1186 1186//1186 
f 1186//1186 1187//1187 1186//1186 
f 1186//1186 1187//1187 1187//1187 
f 1187//1187 1188//1188 1187//1187 
f 1187//1187 1188//1188 1189//1189 
f 1188//1188 1190//1190 1189//1189 
f 1189//1189 1190//1190 1190//1190 
f 1190//1190 1191//1191 1190//1190 
f 1190//1190 1191//1191 1191//1191 
f 1191//1191 1192//1192 1191//1191 
f 1191//1191 1192//1192 1193//1193 
f 1192//1192 1194//1194 1193//1193 
f 1193//1193 1194//1194 1194//1194 
f 1194//1194 1195//1195 1194//1194 
f 1194//1194 1195//1195 1195//1195 
f 1195//1195 1196//1196 1195//1195 
f 1195//1195 1196//1196 1197//1197 
f 1196//1196 1198//1198 1197//1197 
f 1197//1197 1198//1198 1198//1198 
f 1198//1198 1199//1199 1198//1198 
f 1198//1198 1199//1199 1199//1199 
f 1199//1199 1200//1200 1199//1199 
f 1199//1199 1200//1200 1201//1201 
f 1200//1200 1202//1202 1201//1201 
f 1201//1201 1202//1202 1202//1202 
f 1202//1202 1203//1203 1202//1202 
f 1202//1202 1203//1203 1203//1203 
f 1203//1203 1204//1204 1203//1203 
f 1203//1203 1204//1204 1205//1205 
f 1204//1204 1206//1206 1205//1205 
f 1205//1205 1206//1206 1206//1206 
f 1206//1206 1207//1207 1206//1206 
f 1206//1206 1207//1207 1207//1207 
f 1207//1207 1208//1208 1207//1207 
f 1207//1207 1208//1208 1209//1209 
f 1208//1208 1210//1210 1209//1209 
f 1209//1209 1210//1210 1210//1210 
f 1210//1210 1211//1211 1210//1210 
f 1210//1210 1211//1211 1211//1211 
f 1211//1211 1212//1212 1211//1211 
f 1211//1211 1212//1212 1213//1213 
f 1212//1212 1214//1214 1213//1213 
f 1213//1213 1214//1214 1214//1214 
f 1214//1214 1212//1212 1214//1214 
f 1214//1214 1212//1212 1215//1215 
f 1212//1212 1216//1216 1215//1215 
f 1215//1215 1216//1216 1216//1216 
f 1216//1216 1217//1217 1216//1216 
f 1216//1216 1217//1217 1217//1217 
f 1217//1217 1218//1218 1217//1217 
f 1217//1217 1218//1218 1219//1219 
f 1218//1218 1220//1220 1219//1219 
f 1219//1219 1220//1220 1220//1220 
f 1220//1220 1221//1221 1220//1220 
f 1220//1220 1221//1221 1221//1221 
f 1221//1221 1222//1222 1221//1221 
f 1221//1221 1222//1222 1223//1223 
f 1222//1222 1224//1224 1223//1223 
f 1223//1223 1224//1224 1224//1224 
f 1224//1224 1225//1225 1224//1224 
f 1224//1224 1225//1225 1225//1225 
f 1225//1225 1226//1226 1225//1225 
f 1225//1225 1226//1226 1227//1227 
f 1226//1226 1228//1228 1227//1227 
f 1227//1227 1228//1228 1228//1228 
f 1228//1228 1229//1229 1228//1228 
f 1228//1228 1229//1229 1229//1229 
f 1229//1229 1230//1230 1229//1229 
f 1229//1229 1230//1230 1231//1231 
f 1230//1230 1232//1232 1231//1231 
f 1231//1231 1232//1232 1232//1232 
f 1232//1232 1233//1233 1232//1232 
f 1232//1232 1233//1233 1233//1233 
f 1233//1233 1234//1234 1233//1233 
f 1233//1233 1234//1234 1235//1235 
f 1234//1234 1236//1236 1235//1235 
f 1235//1235 1236//1236 1236//1236 
f 1236//1236 1237//1237 1236//1236 
f 1236//1236 1237//1237 1237//1237 
f 1237//1237 1238//1238 1237//1237 
f 1237//1237 1238//1238 1239//1239 
f 1238//1238 1240//1240 1239//1239 
f 1239//1239 1240//1240 1240//1240 
f 1240//1240 1238//1238 1240//1240 
f 1240//1240 1238//1238 1238//1238 
f 1238//1238 1241//1241 1238//1238 
f 1238//1238 1241//1241 1240//1240 
f 1241//1241 1242//1242 1240//1240 
f 1240//1240 1242//1242 1242//1242 
f 1242//1242 1241//1241 1242//1242 
f 1242//1242 1241//1241 1241//1241 
f 1241//1241 1243//1243 1241//1241 
f 1241//1241 1243//1243 1242//1242 
f 1243//1243 1244//1244 1242//1242 
f 1242//1242 1244//1244 1244//1244 
f 1244//1244 1243//1243 1244//1244 
f 1244//1244 1243//1243 1243//1243 
f 1243//1243 1245//1245 1243//1243 
f 1243//1243 1245//1245 1244//1244 
f 1245//1245 1246//1246 1244//1244 
f 1244//1244 1246//1246 1246//1246 
f 1246//1246 1245//1245 1246//1246 
f 1246//1246 1245//1245 1245//1245 
f 1245//1245 1247//1247 1245//1245 
f 1245//1245 1247//1247 1246//1246 
f 1247//1247 1248//1248 1246//1246 
f 1246//1246 1248//1248 1248//1248 
f 1248//1248 1247//1247 1248//1248 
f 1248//1248 1247//1247 1247//1247 
f 1247//1247 1249//1249 1247//1247 
f 1247//1247 1249//1249 1248//1248 
f 1249//1249 1250//1250 1248//1248 
f 1248//1248 1250//1250 1250//1250 
f 1250//1250 1249//1249 1250//1250 
f 1250//1250 1249//1249 1249//1249 
f 1249//1249 1251//1251 1249//1249 
f 1249//1249 1251//1251 1250//1250 
f 1251//1251 1252//1252 1250//1250 
f 1250//1250 1252//1252 1252//1252 
f 1252//1252 1251//1251 1252//1252 
f 1252//1252 1251//1251 1251//1251 
f 1251//1251 1253//1253 1251//1251 
f 1251//1251 1253//1253 1252//1252 
f 1253//1253 1254//1254 1252//1252 
f 1252//1252 1254//1254 1254//1254 
f 1254//1254 1253//1253 1254//1254 
f 1254//1254 1253//1253 1253//1253 
f 1253//1253 1255//1255 1253//1253 
f 1253//1253 1255//1255 1254//1254 
f 1255//1255 1256//1256 1254//1254 
f 1254//1254 1256//1256 1256//1256 
f 1256//1256 1255//1255 1256//1256 
f 1256//1256 1255//1255 1255//1255 
f 1255//1255 1257//1257 1255//1255 
f 1255//1255 1257//1257 1256//1256 
f 1257//1257 1258//1258 1256//1256 
f 1256//1256 1258//1258 1258//1258 
f 1258//1258 1259//1259 1258//1258 
f 1258//1258 1259//1259 1259//1259 
f 1259//1259 1260//1260 1259//1259 
f 1259//1259 1260//1260 1261//1261 
f 1260//1260 1262//1262 1261//1261 
f 1261//1261 1262//1262 1262//1262 
f 1262//1262 1263//1263 1262//1262 
f 1262//1262 1263//1263 1263//1263 
f 1263//1263 1264//1264 1263//1263 
f 1263//1263 1264//1264 1265//1265 
f 1264//1264 1266//1266 1265//1265 
f 1265//1265 1266//1266 1266//1266 
f 1266//1266 1267//1267 1266//1266 
f 1266//1266 1267//1267 1267//1267 
f 1267//1267 1268//1268 1267//1267 
f 1267//1267 1268//1268 1269//1269 
f 1268//1268 1270//1270 1269//1269 
f 1269//1269 1270//1270 1270//1270 
f 1270//1270 1271//1271 1270//1270 
f 1270//1270 1271//1271 1271//1271 
f 1271//1271 1272//1272 1271//1271 
f 1271//1271 1272//1272 1273//1273 
f 1272//1272 1274//1274 1273//1273 
f 1273//1273 1274//1274 1274//1274 
f 1274//1274 1275//1275 1274//1274 
f 1274//1274 1275//1275 1275//1275 
f 1275//1275 1276//1276 1275//1275 
f 1275//1275 1276//1276 1277//1277 
f 1276//1276 1278//1278 1277//1277 
f 1277//1277 1278//1278 1278//1278 
f 1278//1278 1279//1279 1278//1278 
f 1278//1278 1279//1279 1279//1279 
f 1279//1279 1280//1280 1279//1279 
f 1279//1279 1280//1280 1281//1281 
f 1280//1280 1282//1282 1281//1281 
f 1281//1281 1282//1282 1282//1282 
f 1282//1282 1283//1283 1282//1282 
f 1282//1282 1283//1283 1283//1283 
f 1283//1283 1284//1284 1283//1283 
f 1283//1283 1284//1284 1285//1285 
f 1284//1284 1286//1286 1285//1285 
f 1285//1285 1286//1286 1286//1286 
f 1286//1286 1287//1287 1286//1286 
f 1286//1286 1287//1287 1287//1287 
f 1287//1287 1288//1288 1287//1287 
f 1287//1287 1288//1288 1289//1289 
f 1288//1288 1290//1290 1289//1289 
f 1289//1289 1290//1290 1290//1290 
f 1290//1290 1291//1291 1290//1290 
f 1290//1290 1291//1291 1291//1291 
f 1291//1291 1292//1292 1291//1291 
f 1291//1291 1292//1292 1293//1293 
f 1292//1292 1294//1294 1293//1293 
f 1293//1293 1294//1294 1294//1294 
f 1294//1294 1295//1295 1294//1294 
f 1294//1294 1295//1295 1295//1295 
f 1295//1295 1296//1296 1295//1295 
f 1295//1295 1296//1296 1297//1297 
f 1296//1296 1298//1298 1297//1297 
f 1297//1297 1298//1298 1298//1298 
f 1298//1298 1299//1299 1298//1298 
f 1298//1298 1299//1299 1299//1299 
f 1299//1299 1300//1300 1299//1299 
f 1299//1299 1300//1300 1301//1301 
f 1300//1300 1302//1302 1301//1301 
f 1301//1301 1302//1302 1302//1302 
f 1302//1302 1303//1303 1302//1302 
f 1302//1302 1303//1303 1303//1303 
f 1303//1303 1304//1304 1303//1303 
f 1303//1303 1304//1304 1305//1305 
f 1304//1304 1306//1306 1305//1305 
f 1305//1305 1306//1306 1307//1307 
f 1306//1306 1308//1308 1307//1307 
f 1307//1307 1308//1308 1309//1309 
f 1308//1308 1310//1310 1309//1309 
f 1309//1309 1310//1310 1311//1311 
f 1310//1310 1312//1312 1311//1311 
f 1311//1311 1312//1312 1313//1313 
f 1312//1312 1314//1314 1313//1313 
f 1313//1313 1314//1314 1315//1315 
f 1314//1314 1316//1316 1315//1315 
f 1315//1315 1316//1316 1317//1317 
f 1316//1316 1318//1318 1317//1317 
f 1317//1317 1318//1318 1319//1319 
f 1318//1318 1320//1320 1319//1319 
f 1319//1319 1320//1320 1321//1321 
f 1320//1320 1322//1322 1321//1321 
f 1321//1321 1322//1322 1322//1322 
f 1322//1322 1323//1323 1322//1322 
f 1322//1322 1323//1323 1323//1323 
f 1323//1323 1324//1324 1323//1323 
f 1323//1323 1324//1324 1325//1325 
f 1324//1324 1326//1326 1325//1325 
f 1325//1325 1326//1326 1326//1326 
f 1326//1326 1327//1327 1326//1326 
f 1326//1326 1327//1327 1327//1327 
f 1327//1327 1328//1328 1327//1327 
f 1327//1327 1328//1328 1329//1329 
f 1328//1328 1330//1330 1329//1329 
f 1329//1329 1330//1330 1330//1330 
f 1330//1330 1331//1331 1330//1330 
f 1330//1330 1331//1331 1331//1331 
f 1331//1331 1332//1332 1331//1331 
f 1331//1331 1332//1332 1333//1333 
f 1332//1332 1334//1334 1333//1333 
f 1333//1333 1334//1334 1334//1334 
f 1334//1334 1335//1335 1334//1334 
f 1334//1334 1335//1335 1335//1335 
f 1335//1335 1336//1336 1335//1335 
f 1335//1335 1336//1336 1337//1337 
f 1336//1336 1338//1338 1337//1337 
f 1337//1337 1338//1338 1338//1338 
f 1338//1338 1339//1339 1338//1338 
f 1338//1338 1339//1339 1339//1339 
f 1339//1339 1340//1340 1339//1339 
f 1339//1339 1340//1340 1341//1341 
f 1340//1340 1342//1342 1341//1341 
f 1341//1341 1342//1342 1342//1342 
f 1342//1342 1343//1343 1342//1342 
f 1342//1342 1343//1343 1343//1343 
f 1343//1343 1344//1344 1343//1343 
f 1343//1343 1344//1344 1345//1345 
f 1344//1344 1346//1346 1345//1345 
f 1345//1345 1346//1346 1347//1347 
f 1346//1346 1348//1348 1347//1347 
f 1347//1347 1348//1348 1349//1349 
f 1348//1348 1350//1350 1349//1349 
f 1349//1349 1350//1350 1351//1351 
f 1350//1350 1352//1352 1351//1351 
f 1351//1351 1352//1352 1353//1353 
f 1352//1352 1354//1354 1353//1353 
f 1353//1353 1354//1354 1355//1355 
f 1354//1354 1356//1356 1355//1355 
f 1355//1355 1356//1356 1357//1357 
f 1356//1356 1358//1358 1357//1357 
f 1357//1357 1358//1358 1359//1359 
f 1358//1358 1360//1360 1359//1359 
f 1359//1359 1360//1360 1361//1361 
f 1360//1360 1362//1362 1361//1361 
f 1361//1361 1362//1362 1363//1363 
f 1362//1362 1364//1364 1363//1363 
f 1363//1363 1364//1364 1364//1364 
f 1364//1364 1365//1365 1364//1364 
f 1364//1364 1365//1365 1365//1365 
f 1365//1365 1366//1366 1365//1365 
f 1365//1365 1366//1366 1367//1367 
f 1366//1366 1368//1368 1367//1367 
f 1367//1367 1368//1368 1368//1368 
f 1368//1368 1369//1369 1368//1368 
f 1368//1368 1369//1369 1369//1369 
f 1369//1369 1370//1370 1369//1369 
f 1369//1369 1370//1370 1371//1371 
f 1370//1370 1372//1372 1371//1371 
f 1371//1371 1372//1372 1372//1372 
f 1372//1372 1373//1373 1372//1372 
f 1372//1372 1373//1373 1373//1373 
f 1373//1373 1374//1374 1373//1373 
f 1373//1373 1374//1374 1375//1375 
f 1374//1374 1376//1376 1375//1375 
f 1375//1375 1376//1376 1376//1376 
f 1376//1376 1377//1377 1376//1376 
f 1376//1376 1377//1377 1377//1377 
f 1377//1377 1378//1378 1377//1377 
f 1377//1377 1378//1378 1379//1379 
f 1378//1378 1380//1380 1379//1379 
f 1379//1379 1380//1380 1380//1380 
f 1380//1380 1381//1381 1380//1380 
f 1380//1380 1381//1381 1381//1381 
f 1381//1381 1382//1382 1381//1381 
f 1381//1381 1382//1382 1383//1383 
f 1382//1382 1384//1384 1383//1383 
f 1383//1383 1384//1384 1384//1384 
f 1384//1384 1385//1385 1384//1384 
f 1384//1384 1385//1385 1385//1385 
f 1385//1385 1386//1386 1385//1385 
f 1385//1385 1386//1386 1387//1387 
f 1386//1386 1388//1388 1387//1387 
f 1387//1387 1388//1388 1388//1388 
f 1388//1388 1389//1389 1388//1388 
f 1388//1388 1389//1389 1389//1389 
f 1389//1389 1390//1390 1389//1389 
f 1389//1389 1390//1390 1391//1391 
f 1390//1390 1392//1392 1391//1391 
f 1391//1391 1392//1392 1392//1392 
f 1392//1392 1393//1393 1392//1392 
f 1392//1392 1393//1393 1393//1393 
f 1393//1393 1394//1394 1393//1393 
f 1393//1393 1394//1394 1395//1395 
f 1394//1394 1396//1396 1395//1395 
f 184//184 1397//1397 182//182 
f 786//786 1398//1398 784//784 
f 69//69 1399//1399 67//67 
f 327//327 1400//1400 325//325 
f 526//526 1401//1401 524//524 
f 547//547 1402//1402 545//545 

