mtllib model_0.mtl
o model_0
v -0.11815416812896729 0.07941076904535294 1.1424552202224731 
v -0.12138181924819946 0.07941076904535294 1.1303894519805908 
v -0.12434050440788269 0.10191850364208221 1.1320888996124268 
v -0.13191847503185272 0.10191850364208221 1.1244982481002808 
v -0.12155723571777344 0.10191850364208221 1.1424552202224731 
v -0.12138181924819946 0.07941076904535294 1.154520869255066 
v -0.12434050440788269 0.10191850364208221 1.15282142162323 
v -0.13022278249263763 0.07941076904535294 1.1633576154708862 
v -0.13191847503185272 0.10191850364208221 1.1603931188583374 
v -0.142279714345932 0.07941076904535294 1.1665865182876587 
v -0.142279714345932 0.10191850364208221 1.1631687879562378 
v -0.15434832870960236 0.07941076904535294 1.1633576154708862 
v -0.1526409536600113 0.10191850364208221 1.1603931188583374 
v -0.16317760944366455 0.07941076904535294 1.154520869255066 
v -0.1602306216955185 0.10191850364208221 1.15282142162323 
v -0.1664169579744339 0.07941076904535294 1.1424552202224731 
v -0.16300219297409058 0.10191850364208221 1.1424552202224731 
v -0.16317760944366455 0.07941076904535294 1.1303894519805908 
v -0.1602306216955185 0.10191850364208221 1.1320888996124268 
v -0.15434832870960236 0.07941076904535294 1.1215527057647705 
v -0.1526409536600113 0.10191850364208221 1.1244982481002808 
v -0.142279714345932 0.07941076904535294 1.118323802947998 
v -0.142279714345932 0.10191850364208221 1.1217225790023804 
v -0.142279714345932 0.10191850364208221 1.1217225790023804 
v -0.13022278249263763 0.07941076904535294 1.1215527057647705 
v -0.19159500300884247 -0.019602499902248383 1.3036516904830933 
v -0.19159500300884247 0.08981350809335709 1.3036516904830933 
v -0.1038753092288971 -0.019602499902248383 1.3036516904830933 
v -0.1038753092288971 0.08981350809335709 1.3036516904830933 
v 0.1915954053401947 -0.019602499902248383 1.3036516904830933 
v 0.1915954053401947 0.08981350809335709 1.3036516904830933 
v -0.19159500300884247 -0.019602499902248383 1.057919979095459 
v -0.19159500300884247 -0.019602499902248383 1.2079193592071533 
v -0.1038753092288971 -0.019602499902248383 1.057919979095459 
v -0.1038753092288971 -0.019602499902248383 1.2079193592071533 
v 0.1915954053401947 -0.019602499902248383 1.057919979095459 
v 0.1915954053401947 -0.019602499902248383 1.2079193592071533 
v 0.1915954053401947 -0.019602499902248383 1.3036516904830933 
v -0.1038753092288971 -0.019602499902248383 1.3036516904830933 
v -0.19159500300884247 -0.019602499902248383 1.3036516904830933 
v 0.1915954053401947 -0.019602499902248383 1.057919979095459 
v 0.1915954053401947 -0.019602499902248383 1.2079193592071533 
v 0.1915954053401947 0.08981350809335709 1.057919979095459 
v 0.1915954053401947 0.08981350809335709 1.2079193592071533 
v 0.1915954053401947 0.08981350809335709 1.3036516904830933 
v 0.1915954053401947 -0.019602499902248383 1.3036516904830933 
v 0.0981922298669815 0.08521108329296112 1.0876593589782715 
v 0.0981922298669815 0.08521108329296112 1.0717228651046753 
v 0.1670956313610077 0.08521108329296112 1.0876593589782715 
v 0.1670956313610077 0.08521108329296112 1.0717228651046753 
v -0.19159500300884247 0.08981350809335709 1.057919979095459 
v -0.19159500300884247 0.08981350809335709 1.2079193592071533 
v -0.19159500300884247 -0.019602499902248383 1.057919979095459 
v -0.19159500300884247 -0.019602499902248383 1.2079193592071533 
v -0.19159500300884247 -0.019602499902248383 1.3036516904830933 
v -0.19159500300884247 0.08981350809335709 1.3036516904830933 
v -0.19159500300884247 0.08981350809335709 1.057919979095459 
v -0.10303331166505814 0.08981350809335709 1.057919979095459 
v -0.18437954783439636 0.08981350809335709 1.0640755891799927 
v 0.1843799650669098 0.08981350809335709 1.0640755891799927 
v 0.1915954053401947 0.08981350809335709 1.057919979095459 
v 0.1915954053401947 0.08981350809335709 1.2079193592071533 
v 0.1843799650669098 0.08981350809335709 1.2073718309402466 
v 0.1843799650669098 0.08981350809335709 1.2974960803985596 
v 0.1915954053401947 0.08981350809335709 1.3036516904830933 
v -0.1038753092288971 0.08981350809335709 1.3036516904830933 
v -0.09954837709665298 0.08981350809335709 1.2974960803985596 
v -0.18437954783439636 0.08981350809335709 1.2974960803985596 
v -0.19159500300884247 0.08981350809335709 1.3036516904830933 
v -0.19159500300884247 0.08981350809335709 1.2079193592071533 
v -0.18437954783439636 0.08981350809335709 1.2073718309402466 
v -0.18437954783439636 0.08093131333589554 1.0640755891799927 
v -0.18437954783439636 0.08981350809335709 1.0640755891799927 
v 0.1843799650669098 0.08093131333589554 1.0640755891799927 
v 0.1843799650669098 0.08981350809335709 1.0640755891799927 
v -0.18437954783439636 0.08981350809335709 1.0640755891799927 
v -0.18437954783439636 0.08093131333589554 1.0640755891799927 
v -0.18437954783439636 0.08981350809335709 1.2073718309402466 
v -0.18437954783439636 0.08093131333589554 1.2073718309402466 
v -0.18437954783439636 0.08981350809335709 1.2974960803985596 
v -0.18437954783439636 0.08093131333589554 1.2974960803985596 
v -0.18437954783439636 0.08981350809335709 1.2974960803985596 
v -0.18437954783439636 0.08093131333589554 1.2974960803985596 
v -0.09954837709665298 0.08981350809335709 1.2974960803985596 
v -0.09954837709665298 0.08093131333589554 1.2974960803985596 
v 0.1843799650669098 0.08981350809335709 1.2974960803985596 
v 0.1843799650669098 0.08093131333589554 1.2974960803985596 
v 0.1843799650669098 0.08981350809335709 1.2974960803985596 
v 0.1843799650669098 0.08093131333589554 1.2974960803985596 
v 0.1843799650669098 0.08981350809335709 1.2073718309402466 
v 0.1843799650669098 0.08093131333589554 1.2073718309402466 
v 0.1843799650669098 0.08981350809335709 1.0640755891799927 
v 0.1843799650669098 0.08093131333589554 1.0640755891799927 
v -0.11772147566080093 0.07372171431779861 1.2619032859802246 
v -0.16621814668178558 0.07372171431779861 1.2619032859802246 
v -0.11772147566080093 0.07372171431779861 1.2153589725494385 
v -0.16621814668178558 0.07372171431779861 1.2153589725494385 
v 0.1670956313610077 0.08093131333589554 1.0876593589782715 
v 0.1670956313610077 0.08093131333589554 1.0717228651046753 
v 0.1843799650669098 0.08093131333589554 1.2073718309402466 
v 0.1843799650669098 0.08093131333589554 1.0640755891799927 
v 0.0981922298669815 0.08093131333589554 1.0717228651046753 
v -0.18437954783439636 0.08093131333589554 1.0640755891799927 
v 0.0981922298669815 0.08093131333589554 1.0876593589782715 
v -0.18437954783439636 0.08093131333589554 1.2073718309402466 
v -0.09954837709665298 0.08093131333589554 1.2073718309402466 
v -0.16621814668178558 0.08093131333589554 1.2153589725494385 
v -0.16621814668178558 0.08093131333589554 1.2619032859802246 
v -0.18437954783439636 0.08093131333589554 1.2974960803985596 
v -0.11772147566080093 0.08093131333589554 1.2619032859802246 
v -0.09954837709665298 0.08093131333589554 1.2974960803985596 
v -0.11772147566080093 0.08093131333589554 1.2153589725494385 
v -0.09252004325389862 0.08093131333589554 1.236034870147705 
v -0.09252004325389862 0.08093131333589554 1.268833041191101 
v -0.09954837709665298 0.08093131333589554 1.2974960803985596 
v -0.09116349369287491 0.08093131333589554 1.2782930135726929 
v -0.08710553497076035 0.08093131333589554 1.28505277633667 
v -0.08034617453813553 0.08093131333589554 1.2891124486923218 
v -0.07088540494441986 0.08093131333589554 1.2904719114303589 
v 0.1843799650669098 0.08093131333589554 1.2974960803985596 
v 0.15571698546409607 0.08093131333589554 1.2904719114303589 
v 0.16517776250839233 0.08093131333589554 1.2891124486923218 
v 0.17193712294101715 0.08093131333589554 1.28505277633667 
v 0.1759950816631317 0.08093131333589554 1.2782930135726929 
v 0.17735162377357483 0.08093131333589554 1.268833041191101 
v 0.1843799650669098 0.08093131333589554 1.2974960803985596 
v 0.17735162377357483 0.08093131333589554 1.236034870147705 
v 0.1843799650669098 0.08093131333589554 1.2073718309402466 
v 0.1759950816631317 0.08093131333589554 1.2265748977661133 
v 0.17193712294101715 0.08093131333589554 1.2198151350021362 
v 0.16517776250839233 0.08093131333589554 1.2157554626464844 
v 0.15571698546409607 0.08093131333589554 1.2144148349761963 
v -0.07088540494441986 0.08093131333589554 1.2144148349761963 
v -0.09954837709665298 0.08093131333589554 1.2073718309402466 
v -0.08034617453813553 0.08093131333589554 1.2157554626464844 
v -0.08710553497076035 0.08093131333589554 1.2198151350021362 
v -0.09116349369287491 0.08093131333589554 1.2265748977661133 
v 0.0981922298669815 0.08521108329296112 1.0717228651046753 
v 0.1670956313610077 0.08521108329296112 1.0717228651046753 
v 0.0981922298669815 0.08093131333589554 1.0717228651046753 
v 0.1670956313610077 0.08093131333589554 1.0717228651046753 
v 0.0981922298669815 0.08093131333589554 1.0876593589782715 
v 0.0981922298669815 0.08521108329296112 1.0876593589782715 
v 0.0981922298669815 0.08093131333589554 1.0717228651046753 
v 0.0981922298669815 0.08521108329296112 1.0717228651046753 
v 0.1670956313610077 0.08093131333589554 1.0717228651046753 
v 0.1670956313610077 0.08521108329296112 1.0717228651046753 
v 0.1670956313610077 0.08093131333589554 1.0876593589782715 
v 0.1670956313610077 0.08521108329296112 1.0876593589782715 
v -0.12155723571777344 0.10191850364208221 1.1424552202224731 
v -0.12434050440788269 0.10191850364208221 1.1320888996124268 
v -0.13113495707511902 0.10191850364208221 1.1360163688659668 
v -0.1358477920293808 0.10191850364208221 1.1312958002090454 
v -0.1294041872024536 0.10191850364208221 1.1424552202224731 
v -0.12434050440788269 0.10191850364208221 1.15282142162323 
v -0.13113495707511902 0.10191850364208221 1.14889395236969 
v -0.13191847503185272 0.10191850364208221 1.1603931188583374 
v -0.1358477920293808 0.10191850364208221 1.1535955667495728 
v -0.142279714345932 0.10191850364208221 1.1631687879562378 
v -0.142279714345932 0.10191850364208221 1.1553328037261963 
v -0.1526409536600113 0.10191850364208221 1.1603931188583374 
v -0.14872333407402039 0.10191850364208221 1.1535955667495728 
v -0.1602306216955185 0.10191850364208221 1.15282142162323 
v -0.15343616902828217 0.10191850364208221 1.14889395236969 
v -0.16300219297409058 0.10191850364208221 1.1424552202224731 
v -0.1551552563905716 0.10191850364208221 1.1424552202224731 
v -0.1602306216955185 0.10191850364208221 1.1320888996124268 
v -0.15343616902828217 0.10191850364208221 1.1360163688659668 
v -0.1526409536600113 0.10191850364208221 1.1244982481002808 
v -0.14872333407402039 0.10191850364208221 1.1312958002090454 
v -0.142279714345932 0.10191850364208221 1.1217225790023804 
v -0.142279714345932 0.10191850364208221 1.1295775175094604 
v -0.13191847503185272 0.10191850364208221 1.1244982481002808 
v -0.1294041872024536 0.10191850364208221 1.1424552202224731 
v -0.1327136904001236 0.09870682656764984 1.1369227170944214 
v -0.13113495707511902 0.10191850364208221 1.1360163688659668 
v -0.136759951710701 0.09870682656764984 1.1328818798065186 
v -0.131228506565094 0.09870682656764984 1.1424552202224731 
v -0.13113495707511902 0.10191850364208221 1.14889395236969 
v -0.1327136904001236 0.09870682656764984 1.1479876041412354 
v -0.1358477920293808 0.10191850364208221 1.1535955667495728 
v -0.136759951710701 0.09870682656764984 1.1520284414291382 
v -0.142279714345932 0.10191850364208221 1.1553328037261963 
v -0.142279714345932 0.09870682656764984 1.1535011529922485 
v -0.14872333407402039 0.10191850364208221 1.1535955667495728 
v -0.147811159491539 0.09870682656764984 1.1520284414291382 
v -0.15343616902828217 0.10191850364208221 1.14889395236969 
v -0.1518574357032776 0.09870682656764984 1.1479876041412354 
v -0.1551552563905716 0.10191850364208221 1.1424552202224731 
v -0.1533426195383072 0.09870682656764984 1.1424552202224731 
v -0.15343616902828217 0.10191850364208221 1.1360163688659668 
v -0.1518574357032776 0.09870682656764984 1.1369227170944214 
v -0.14872333407402039 0.10191850364208221 1.1312958002090454 
v -0.147811159491539 0.09870682656764984 1.1328818798065186 
v -0.142279714345932 0.10191850364208221 1.1295775175094604 
v -0.142279714345932 0.09870682656764984 1.1313902139663696 
v -0.1358477920293808 0.10191850364208221 1.1312958002090454 
v -0.1327136904001236 0.09870682656764984 1.1369227170944214 
v -0.131228506565094 0.09870682656764984 1.1424552202224731 
v -0.142279714345932 0.09870682656764984 1.1424552202224731 
v -0.1327136904001236 0.09870682656764984 1.1479876041412354 
v -0.136759951710701 0.09870682656764984 1.1520284414291382 
v -0.142279714345932 0.09870682656764984 1.1535011529922485 
v -0.147811159491539 0.09870682656764984 1.1520284414291382 
v -0.1518574357032776 0.09870682656764984 1.1479876041412354 
v -0.1533426195383072 0.09870682656764984 1.1424552202224731 
v -0.1518574357032776 0.09870682656764984 1.1369227170944214 
v -0.147811159491539 0.09870682656764984 1.1328818798065186 
v -0.142279714345932 0.09870682656764984 1.1313902139663696 
v -0.136759951710701 0.09870682656764984 1.1328818798065186 
v 0.1759950816631317 0.07372171431779861 1.2782930135726929 
v 0.17735162377357483 0.07372171431779861 1.268833041191101 
v 0.17193712294101715 0.07372171431779861 1.28505277633667 
v 0.17735162377357483 0.07372171431779861 1.236034870147705 
v 0.1759950816631317 0.07372171431779861 1.2265748977661133 
v 0.17193712294101715 0.07372171431779861 1.2198151350021362 
v 0.16517776250839233 0.07372171431779861 1.2157554626464844 
v 0.16517776250839233 0.07372171431779861 1.2891124486923218 
v 0.15571698546409607 0.07372171431779861 1.2144148349761963 
v 0.15571698546409607 0.07372171431779861 1.2904719114303589 
v -0.07088540494441986 0.07372171431779861 1.2144148349761963 
v -0.07088540494441986 0.07372171431779861 1.2904719114303589 
v -0.08034617453813553 0.07372171431779861 1.2157554626464844 
v -0.08034617453813553 0.07372171431779861 1.2891124486923218 
v -0.08710553497076035 0.07372171431779861 1.2198151350021362 
v -0.08710553497076035 0.07372171431779861 1.28505277633667 
v -0.09116349369287491 0.07372171431779861 1.2782930135726929 
v -0.09252004325389862 0.07372171431779861 1.268833041191101 
v -0.09252004325389862 0.07372171431779861 1.236034870147705 
v -0.09116349369287491 0.07372171431779861 1.2265748977661133 
v 0.1670956313610077 0.08521108329296112 1.0876593589782715 
v 0.0981922298669815 0.08521108329296112 1.0876593589782715 
v 0.1670956313610077 0.08093131333589554 1.0876593589782715 
v 0.0981922298669815 0.08093131333589554 1.0876593589782715 
v -0.11772147566080093 0.08093131333589554 1.2619032859802246 
v -0.11772147566080093 0.07372171431779861 1.2619032859802246 
v -0.16621814668178558 0.08093131333589554 1.2619032859802246 
v -0.16621814668178558 0.07372171431779861 1.2619032859802246 
v -0.11772147566080093 0.08093131333589554 1.2153589725494385 
v -0.11772147566080093 0.07372171431779861 1.2153589725494385 
v -0.11772147566080093 0.08093131333589554 1.2619032859802246 
v -0.11772147566080093 0.07372171431779861 1.2619032859802246 
v -0.16621814668178558 0.08093131333589554 1.2153589725494385 
v -0.16621814668178558 0.07372171431779861 1.2153589725494385 
v -0.11772147566080093 0.08093131333589554 1.2153589725494385 
v -0.11772147566080093 0.07372171431779861 1.2153589725494385 
v -0.16621814668178558 0.08093131333589554 1.2619032859802246 
v -0.16621814668178558 0.07372171431779861 1.2619032859802246 
v -0.16621814668178558 0.08093131333589554 1.2153589725494385 
v -0.16621814668178558 0.07372171431779861 1.2153589725494385 
v 0.1915954053401947 -0.019602499902248383 1.057919979095459 
v -0.1038753092288971 -0.019602499902248383 1.057919979095459 
v 0.1915954053401947 0.08981350809335709 1.057919979095459 
v -0.10303331166505814 0.08981350809335709 1.057919979095459 
v -0.19159500300884247 -0.019602499902248383 1.057919979095459 
v -0.19159500300884247 0.08981350809335709 1.057919979095459 
v 0.17735162377357483 0.07372171431779861 1.268833041191101 
v 0.17735162377357483 0.07372171431779861 1.236034870147705 
v 0.17735162377357483 0.08093131333589554 1.236034870147705 
v 0.1759950816631317 0.08093131333589554 1.2265748977661133 
v 0.17735162377357483 0.08093131333589554 1.268833041191101 
v 0.1759950816631317 0.07372171431779861 1.2782930135726929 
v 0.1759950816631317 0.08093131333589554 1.2782930135726929 
v 0.17193712294101715 0.07372171431779861 1.28505277633667 
v 0.17193712294101715 0.08093131333589554 1.28505277633667 
v 0.16517776250839233 0.07372171431779861 1.2891124486923218 
v 0.16517776250839233 0.08093131333589554 1.2891124486923218 
v 0.15571698546409607 0.07372171431779861 1.2904719114303589 
v 0.15571698546409607 0.08093131333589554 1.2904719114303589 
v -0.07088540494441986 0.07372171431779861 1.2904719114303589 
v -0.07088540494441986 0.08093131333589554 1.2904719114303589 
v -0.08034617453813553 0.07372171431779861 1.2891124486923218 
v -0.08034617453813553 0.08093131333589554 1.2891124486923218 
v -0.08710553497076035 0.07372171431779861 1.28505277633667 
v -0.08710553497076035 0.08093131333589554 1.28505277633667 
v -0.09116349369287491 0.07372171431779861 1.2782930135726929 
v -0.09116349369287491 0.08093131333589554 1.2782930135726929 
v -0.09252004325389862 0.07372171431779861 1.268833041191101 
v -0.09252004325389862 0.08093131333589554 1.268833041191101 
v -0.09252004325389862 0.07372171431779861 1.236034870147705 
v -0.09252004325389862 0.08093131333589554 1.236034870147705 
v -0.09116349369287491 0.07372171431779861 1.2265748977661133 
v -0.09116349369287491 0.08093131333589554 1.2265748977661133 
v -0.08710553497076035 0.07372171431779861 1.2198151350021362 
v -0.08710553497076035 0.08093131333589554 1.2198151350021362 
v -0.08034617453813553 0.07372171431779861 1.2157554626464844 
v -0.08034617453813553 0.08093131333589554 1.2157554626464844 
v -0.07088540494441986 0.07372171431779861 1.2144148349761963 
v -0.07088540494441986 0.08093131333589554 1.2144148349761963 
v 0.15571698546409607 0.07372171431779861 1.2144148349761963 
v 0.15571698546409607 0.08093131333589554 1.2144148349761963 
v 0.16517776250839233 0.07372171431779861 1.2157554626464844 
v 0.16517776250839233 0.08093131333589554 1.2157554626464844 
v 0.17193712294101715 0.07372171431779861 1.2198151350021362 
v 0.17193712294101715 0.08093131333589554 1.2198151350021362 
v 0.1759950816631317 0.07372171431779861 1.2265748977661133 
v -0.03656233847141266 0.07837976515293121 1.2144148349761963 
v -0.040573518723249435 0.07837976515293121 1.2144148349761963 
v -0.03656233847141266 0.07837976515293121 1.2904719114303589 
v -0.040573518723249435 0.07837976515293121 1.2904719114303589 
v -0.03656233847141266 0.07837976515293121 1.2904719114303589 
v -0.034913428127765656 0.072653628885746 1.2904719114303589 
v -0.03656233847141266 0.07837976515293121 1.2144148349761963 
v -0.034913428127765656 0.072653628885746 1.2144148349761963 
v -0.040573518723249435 0.07837976515293121 1.2144148349761963 
v -0.04222242906689644 0.072653628885746 1.2144148349761963 
v -0.040573518723249435 0.07837976515293121 1.2904719114303589 
v -0.04222242906689644 0.072653628885746 1.2904719114303589 
v -0.13957831263542175 0.07932917773723602 1.073743224143982 
v -0.13998761773109436 0.09490546584129333 1.0760656595230103 
v -0.13174305856227875 0.07932917773723602 1.0773874521255493 
v -0.13326333463191986 0.09490546584129333 1.0792001485824585 
v -0.12678463757038116 0.07932917773723602 1.0844682455062866 
v -0.12900656461715698 0.09490546584129333 1.085280179977417 
v -0.12603619694709778 0.07932917773723602 1.0930784940719604 
v -0.12836338579654694 0.09490546584129333 1.092663049697876 
v -0.12968485057353973 0.07932917773723602 1.1009145975112915 
v -0.13149747252464294 0.09490546584129333 1.099403977394104 
v -0.13677164912223816 0.07932917773723602 1.1058804988861084 
v -0.1375785619020462 0.09490546584129333 1.1036524772644043 
v -0.1453787386417389 0.07932917773723602 1.1066358089447021 
v -0.14496943354606628 0.09490546584129333 1.1042944192886353 
v -0.1532139778137207 0.07932917773723602 1.1029727458953857 
v -0.1516937017440796 0.09490546584129333 1.1011600494384766 
v -0.1581723988056183 0.07932917773723602 1.0958919525146484 
v -0.15596216917037964 0.09490546584129333 1.095080018043518 
v -0.15893253684043884 0.07932917773723602 1.0872817039489746 
v -0.15660534799098969 0.09490546584129333 1.0876970291137695 
v -0.1552722007036209 0.07932917773723602 1.0794456005096436 
v -0.15347126126289368 0.09490546584129333 1.080956220626831 
v -0.14819708466529846 0.07932917773723602 1.0744985342025757 
v -0.14739017188549042 0.09490546584129333 1.0767077207565308 
v -0.13998761773109436 0.09490546584129333 1.0760656595230103 
v -0.13326333463191986 0.09490546584129333 1.0792001485824585 
v -0.13998761773109436 0.09490546584129333 1.0760656595230103 
v -0.14093485474586487 0.09490546584129333 1.0814093351364136 
v -0.14553076028823853 0.09490546584129333 1.0818058252334595 
v -0.136759951710701 0.09490546584129333 1.0833542346954346 
v -0.12900656461715698 0.09490546584129333 1.085280179977417 
v -0.13410532474517822 0.09490546584129333 1.0871306657791138 
v -0.12836338579654694 0.09490546584129333 1.092663049697876 
v -0.13370771706104279 0.09490546584129333 1.0917378664016724 
v -0.13149747252464294 0.09490546584129333 1.099403977394104 
v -0.13566067814826965 0.09490546584129333 1.0959107875823975 
v -0.1375785619020462 0.09490546584129333 1.1036524772644043 
v -0.1394379734992981 0.09490546584129333 1.098554253578186 
v -0.14496943354606628 0.09490546584129333 1.1042944192886353 
v -0.14403387904167175 0.09490546584129333 1.0989508628845215 
v -0.1516937017440796 0.09490546584129333 1.1011600494384766 
v -0.14820878207683563 0.09490546584129333 1.0970059633255005 
v -0.15596216917037964 0.09490546584129333 1.095080018043518 
v -0.15085171163082123 0.09490546584129333 1.0932295322418213 
v -0.15660534799098969 0.09490546584129333 1.0876970291137695 
v -0.15126101672649384 0.09490546584129333 1.0886411666870117 
v -0.15347126126289368 0.09490546584129333 1.080956220626831 
v -0.14930805563926697 0.09490546584129333 1.084449291229248 
v -0.14739017188549042 0.09490546584129333 1.0767077207565308 
v -0.136759951710701 0.09490546584129333 1.0833542346954346 
v -0.14115704596042633 0.09268028289079666 1.0826555490493774 
v -0.14093485474586487 0.09490546584129333 1.0814093351364136 
v -0.14509806036949158 0.09268028289079666 1.0829954147338867 
v -0.13756687939167023 0.09268028289079666 1.0843172073364258 
v -0.13410532474517822 0.09490546584129333 1.0871306657791138 
v -0.13528646528720856 0.09268028289079666 1.0875649452209473 
v -0.13370771706104279 0.09490546584129333 1.0917378664016724 
v -0.13494732975959778 0.09268028289079666 1.0915112495422363 
v -0.13566067814826965 0.09490546584129333 1.0959107875823975 
v -0.13661962747573853 0.09268028289079666 1.095098853111267 
v -0.1394379734992981 0.09490546584129333 1.098554253578186 
v -0.13987067341804504 0.09268028289079666 1.0973646640777588 
v -0.14403387904167175 0.09490546584129333 1.0989508628845215 
v -0.1438116878271103 0.09268028289079666 1.0977234840393066 
v -0.14820878207683563 0.09490546584129333 1.0970059633255005 
v -0.1474018692970276 0.09268028289079666 1.0960429906845093 
v -0.15085171163082123 0.09490546584129333 1.0932295322418213 
v -0.1496705710887909 0.09268028289079666 1.0927952527999878 
v -0.15126101672649384 0.09490546584129333 1.0886411666870117 
v -0.15002140402793884 0.09268028289079666 1.0888488292694092 
v -0.14930805563926697 0.09490546584129333 1.084449291229248 
v -0.14833740890026093 0.09268028289079666 1.0852612257003784 
v -0.14553076028823853 0.09490546584129333 1.0818058252334595 
v -0.14115704596042633 0.09268028289079666 1.0826555490493774 
v -0.13756687939167023 0.09268028289079666 1.0843172073364258 
v -0.14247852563858032 0.09268028289079666 1.0901894569396973 
v -0.13528646528720856 0.09268028289079666 1.0875649452209473 
v -0.13494732975959778 0.09268028289079666 1.0915112495422363 
v -0.13661962747573853 0.09268028289079666 1.095098853111267 
v -0.13987067341804504 0.09268028289079666 1.0973646640777588 
v -0.1438116878271103 0.09268028289079666 1.0977234840393066 
v -0.1474018692970276 0.09268028289079666 1.0960429906845093 
v -0.1496705710887909 0.09268028289079666 1.0927952527999878 
v -0.15002140402793884 0.09268028289079666 1.0888488292694092 
v -0.14833740890026093 0.09268028289079666 1.0852612257003784 
v -0.14509806036949158 0.09268028289079666 1.0829954147338867 
v -0.1311817318201065 0.08359411358833313 1.1028027534484863 
v -0.13231608271598816 0.09577328711748123 1.1016697883605957 
v -0.13449124991893768 0.08359411358833313 1.1051253080368042 
v -0.13515782356262207 0.09577328711748123 1.1036713123321533 
v -0.1311817318201065 0.08359411358833313 1.1028027534484863 
v -0.13449124991893768 0.08359411358833313 1.1051253080368042 
v -0.13605830073356628 0.08359411358833313 1.1028783321380615 
v -0.13605830073356628 0.08359411358833313 1.1028783321380615 
v -0.1311817318201065 0.08359411358833313 1.1028027534484863 
v -0.1327487826347351 0.08359411358833313 1.1005557775497437 
v -0.13231608271598816 0.09577328711748123 1.1016697883605957 
v -0.1311817318201065 0.08359411358833313 1.1028027534484863 
v -0.1327487826347351 0.08359411358833313 1.1005557775497437 
v -0.1327487826347351 0.08359411358833313 1.1005557775497437 
v -0.13231608271598816 0.09577328711748123 1.1016697883605957 
v -0.13388313353061676 0.09577328711748123 1.099422812461853 
v -0.13231608271598816 0.09577328711748123 1.1016697883605957 
v -0.13388313353061676 0.09577328711748123 1.099422812461853 
v -0.13515782356262207 0.09577328711748123 1.1036713123321533 
v -0.13673657178878784 0.09577328711748123 1.1014243364334106 
v -0.13515782356262207 0.09577328711748123 1.1036713123321533 
v -0.13673657178878784 0.09577328711748123 1.1014243364334106 
v -0.13449124991893768 0.08359411358833313 1.1051253080368042 
v -0.13605830073356628 0.08359411358833313 1.1028783321380615 
v -0.13673657178878784 0.09577328711748123 1.1014243364334106 
v -0.13388313353061676 0.09577328711748123 1.099422812461853 
v -0.1327487826347351 0.08359411358833313 1.1005557775497437 
v -0.1327487826347351 0.08359411358833313 1.1005557775497437 
v -0.13673657178878784 0.09577328711748123 1.1014243364334106 
v -0.13605830073356628 0.08359411358833313 1.1028783321380615 
v -0.16762147843837738 0.05937298759818077 1.305048942565918 
v -0.16762147843837738 0.05937298759818077 1.3024998903274536 
v -0.16033586859703064 0.062391821295022964 1.305048942565918 
v -0.16033586859703064 0.062391821295022964 1.3024998903274536 
v -0.15731871128082275 0.0696830078959465 1.305048942565918 
v -0.15731871128082275 0.0696830078959465 1.3024998903274536 
v -0.16033586859703064 0.07697048783302307 1.305048942565918 
v -0.16033586859703064 0.07697048783302307 1.3024998903274536 
v -0.16762147843837738 0.07999302446842194 1.305048942565918 
v -0.16762147843837738 0.07999302446842194 1.3024998903274536 
v -0.1749187856912613 0.07697048783302307 1.305048942565918 
v -0.1749187856912613 0.07697048783302307 1.3024998903274536 
v -0.17793594300746918 0.0696830078959465 1.305048942565918 
v -0.17793594300746918 0.0696830078959465 1.3024998903274536 
v -0.1749187856912613 0.062391821295022964 1.305048942565918 
v -0.1749187856912613 0.062391821295022964 1.3024998903274536 
v -0.16762147843837738 0.05937298759818077 1.305048942565918 
v -0.16762147843837738 0.05937298759818077 1.3024998903274536 
v -0.16762147843837738 0.06338944286108017 1.305048942565918 
v -0.16762147843837738 0.05937298759818077 1.305048942565918 
v -0.16317760944366455 0.06523264199495316 1.305048942565918 
v -0.16033586859703064 0.062391821295022964 1.305048942565918 
v -0.16132989525794983 0.0696830078959465 1.305048942565918 
v -0.15731871128082275 0.0696830078959465 1.305048942565918 
v -0.16317760944366455 0.07412967085838318 1.305048942565918 
v -0.16033586859703064 0.07697048783302307 1.305048942565918 
v -0.16762147843837738 0.07597286254167557 1.305048942565918 
v -0.16762147843837738 0.07999302446842194 1.305048942565918 
v -0.17207704484462738 0.07412967085838318 1.305048942565918 
v -0.1749187856912613 0.07697048783302307 1.305048942565918 
v -0.17391306161880493 0.0696830078959465 1.305048942565918 
v -0.17793594300746918 0.0696830078959465 1.305048942565918 
v -0.17207704484462738 0.06523264199495316 1.305048942565918 
v -0.1749187856912613 0.062391821295022964 1.305048942565918 
v -0.16762147843837738 0.06338944286108017 1.305048942565918 
v -0.16762147843837738 0.05937298759818077 1.305048942565918 
v -0.16762147843837738 0.06338944286108017 1.3067106008529663 
v -0.16762147843837738 0.06338944286108017 1.305048942565918 
v -0.16317760944366455 0.06523264199495316 1.3067106008529663 
v -0.16317760944366455 0.06523264199495316 1.305048942565918 
v -0.16132989525794983 0.0696830078959465 1.3067106008529663 
v -0.16132989525794983 0.0696830078959465 1.305048942565918 
v -0.16317760944366455 0.07412967085838318 1.3067106008529663 
v -0.16317760944366455 0.07412967085838318 1.305048942565918 
v -0.16762147843837738 0.07597286254167557 1.3067106008529663 
v -0.16762147843837738 0.07597286254167557 1.305048942565918 
v -0.17207704484462738 0.07412967085838318 1.3067106008529663 
v -0.17207704484462738 0.07412967085838318 1.305048942565918 
v -0.17391306161880493 0.0696830078959465 1.3067106008529663 
v -0.17391306161880493 0.0696830078959465 1.305048942565918 
v -0.17207704484462738 0.06523264199495316 1.3067106008529663 
v -0.17207704484462738 0.06523264199495316 1.305048942565918 
v -0.16762147843837738 0.06338944286108017 1.3067106008529663 
v -0.16762147843837738 0.06338944286108017 1.305048942565918 
v -0.16762147843837738 0.06621172279119492 1.3067106008529663 
v -0.16762147843837738 0.06338944286108017 1.3067106008529663 
v -0.16516566276550293 0.06722788512706757 1.3067106008529663 
v -0.16317760944366455 0.06523264199495316 1.3067106008529663 
v -0.1641482412815094 0.0696830078959465 1.3067106008529663 
v -0.16132989525794983 0.0696830078959465 1.3067106008529663 
v -0.16516566276550293 0.07213442027568817 1.3067106008529663 
v -0.16317760944366455 0.07412967085838318 1.3067106008529663 
v -0.16762147843837738 0.07315429300069809 1.3067106008529663 
v -0.16762147843837738 0.07597286254167557 1.3067106008529663 
v -0.17007730901241302 0.07213442027568817 1.3067106008529663 
v -0.17207704484462738 0.07412967085838318 1.3067106008529663 
v -0.17109471559524536 0.0696830078959465 1.3067106008529663 
v -0.17391306161880493 0.0696830078959465 1.3067106008529663 
v -0.17007730901241302 0.06722788512706757 1.3067106008529663 
v -0.17207704484462738 0.06523264199495316 1.3067106008529663 
v -0.16762147843837738 0.06621172279119492 1.3067106008529663 
v -0.16762147843837738 0.06338944286108017 1.3067106008529663 
v -0.16762147843837738 0.06621172279119492 1.4380356073379517 
v -0.16762147843837738 0.06621172279119492 1.3067106008529663 
v -0.16516566276550293 0.06722788512706757 1.4380356073379517 
v -0.16516566276550293 0.06722788512706757 1.3067106008529663 
v -0.1641482412815094 0.0696830078959465 1.4380356073379517 
v -0.1641482412815094 0.0696830078959465 1.3067106008529663 
v -0.16516566276550293 0.07213442027568817 1.4380356073379517 
v -0.16516566276550293 0.07213442027568817 1.3067106008529663 
v -0.16762147843837738 0.07315429300069809 1.4380356073379517 
v -0.16762147843837738 0.07315429300069809 1.3067106008529663 
v -0.17007730901241302 0.07213442027568817 1.4380356073379517 
v -0.17007730901241302 0.07213442027568817 1.3067106008529663 
v -0.17109471559524536 0.0696830078959465 1.4380356073379517 
v -0.17109471559524536 0.0696830078959465 1.3067106008529663 
v -0.17007730901241302 0.06722788512706757 1.4380356073379517 
v -0.17007730901241302 0.06722788512706757 1.3067106008529663 
v -0.16762147843837738 0.06621172279119492 1.4380356073379517 
v -0.16762147843837738 0.06621172279119492 1.3067106008529663 
v -0.16762147843837738 0.06667529791593552 1.4380356073379517 
v -0.16762147843837738 0.06621172279119492 1.4380356073379517 
v -0.16549310088157654 0.06755796074867249 1.4380356073379517 
v -0.16516566276550293 0.06722788512706757 1.4380356073379517 
v -0.16461601853370667 0.0696830078959465 1.4380356073379517 
v -0.1641482412815094 0.0696830078959465 1.4380356073379517 
v -0.16549310088157654 0.07180805504322052 1.4380356073379517 
v -0.16516566276550293 0.07213442027568817 1.4380356073379517 
v -0.16762147843837738 0.07268700748682022 1.4380356073379517 
v -0.16762147843837738 0.07315429300069809 1.4380356073379517 
v -0.16974985599517822 0.07180805504322052 1.4380356073379517 
v -0.17007730901241302 0.07213442027568817 1.4380356073379517 
v -0.1706269383430481 0.0696830078959465 1.4380356073379517 
v -0.17109471559524536 0.0696830078959465 1.4380356073379517 
v -0.16974985599517822 0.06755796074867249 1.4380356073379517 
v -0.17007730901241302 0.06722788512706757 1.4380356073379517 
v -0.16762147843837738 0.06667529791593552 1.4380356073379517 
v -0.16762147843837738 0.06621172279119492 1.4380356073379517 
v -0.16762147843837738 0.06667529791593552 1.5672268867492676 
v -0.16762147843837738 0.06667529791593552 1.4380356073379517 
v -0.16549310088157654 0.06755796074867249 1.5672268867492676 
v -0.16549310088157654 0.06755796074867249 1.4380356073379517 
v -0.16461601853370667 0.0696830078959465 1.5672268867492676 
v -0.16461601853370667 0.0696830078959465 1.4380356073379517 
v -0.16549310088157654 0.07180805504322052 1.5672268867492676 
v -0.16549310088157654 0.07180805504322052 1.4380356073379517 
v -0.16762147843837738 0.07268700748682022 1.5672268867492676 
v -0.16762147843837738 0.07268700748682022 1.4380356073379517 
v -0.16974985599517822 0.07180805504322052 1.5672268867492676 
v -0.16974985599517822 0.07180805504322052 1.4380356073379517 
v -0.1706269383430481 0.0696830078959465 1.5672268867492676 
v -0.1706269383430481 0.0696830078959465 1.4380356073379517 
v -0.16974985599517822 0.06755796074867249 1.5672268867492676 
v -0.16974985599517822 0.06755796074867249 1.4380356073379517 
v -0.16762147843837738 0.06667529791593552 1.5672268867492676 
v -0.16762147843837738 0.06667529791593552 1.4380356073379517 
v -0.16762147843837738 0.06784722954034805 1.5672268867492676 
v -0.16762147843837738 0.06667529791593552 1.5672268867492676 
v -0.16632340848445892 0.06838498264551163 1.5672268867492676 
v -0.16549310088157654 0.06755796074867249 1.5672268867492676 
v -0.16578546166419983 0.0696830078959465 1.5672268867492676 
v -0.16461601853370667 0.0696830078959465 1.5672268867492676 
v -0.16632340848445892 0.07097732275724411 1.5672268867492676 
v -0.16549310088157654 0.07180805504322052 1.5672268867492676 
v -0.16762147843837738 0.07151507586240768 1.5672268867492676 
v -0.16762147843837738 0.07268700748682022 1.5672268867492676 
v -0.16891956329345703 0.07097732275724411 1.5672268867492676 
v -0.16974985599517822 0.07180805504322052 1.5672268867492676 
v -0.16945749521255493 0.0696830078959465 1.5672268867492676 
v -0.1706269383430481 0.0696830078959465 1.5672268867492676 
v -0.16891956329345703 0.06838498264551163 1.5672268867492676 
v -0.16974985599517822 0.06755796074867249 1.5672268867492676 
v -0.16762147843837738 0.06784722954034805 1.5672268867492676 
v -0.16762147843837738 0.06667529791593552 1.5672268867492676 
v -0.16762147843837738 0.06784722954034805 1.6730421781539917 
v -0.16762147843837738 0.06784722954034805 1.5672268867492676 
v -0.16632340848445892 0.06838498264551163 1.6730421781539917 
v -0.16632340848445892 0.06838498264551163 1.5672268867492676 
v -0.16578546166419983 0.0696830078959465 1.6730421781539917 
v -0.16578546166419983 0.0696830078959465 1.5672268867492676 
v -0.16632340848445892 0.07097732275724411 1.6730421781539917 
v -0.16632340848445892 0.07097732275724411 1.5672268867492676 
v -0.16762147843837738 0.07151507586240768 1.6730421781539917 
v -0.16762147843837738 0.07151507586240768 1.5672268867492676 
v -0.16891956329345703 0.07097732275724411 1.6730421781539917 
v -0.16891956329345703 0.07097732275724411 1.5672268867492676 
v -0.16945749521255493 0.0696830078959465 1.6730421781539917 
v -0.16945749521255493 0.0696830078959465 1.5672268867492676 
v -0.16891956329345703 0.06838498264551163 1.6730421781539917 
v -0.16891956329345703 0.06838498264551163 1.5672268867492676 
v -0.16762147843837738 0.06784722954034805 1.6730421781539917 
v -0.16762147843837738 0.06784722954034805 1.5672268867492676 
v -0.16762147843837738 0.0652400553226471 1.6730421781539917 
v -0.16762147843837738 0.06784722954034805 1.6730421781539917 
v -0.16448737680912018 0.06653808057308197 1.6730421781539917 
v -0.16632340848445892 0.06838498264551163 1.6730421781539917 
v -0.16317760944366455 0.0696830078959465 1.6730421781539917 
v -0.16578546166419983 0.0696830078959465 1.6730421781539917 
v -0.16448737680912018 0.07282422482967377 1.6730421781539917 
v -0.16632340848445892 0.07097732275724411 1.6730421781539917 
v -0.16762147843837738 0.07412596046924591 1.6730421781539917 
v -0.16762147843837738 0.07151507586240768 1.6730421781539917 
v -0.17076727747917175 0.07282422482967377 1.6730421781539917 
v -0.16891956329345703 0.07097732275724411 1.6730421781539917 
v -0.1720653474330902 0.0696830078959465 1.6730421781539917 
v -0.16945749521255493 0.0696830078959465 1.6730421781539917 
v -0.17076727747917175 0.06653808057308197 1.6730421781539917 
v -0.16891956329345703 0.06838498264551163 1.6730421781539917 
v -0.16762147843837738 0.0652400553226471 1.6730421781539917 
v -0.16762147843837738 0.06784722954034805 1.6730421781539917 
v -0.16762147843837738 0.0652400553226471 1.6754779815673828 
v -0.16762147843837738 0.0652400553226471 1.6730421781539917 
v -0.16448737680912018 0.06653808057308197 1.6754779815673828 
v -0.16448737680912018 0.06653808057308197 1.6730421781539917 
v -0.16317760944366455 0.0696830078959465 1.6754779815673828 
v -0.16317760944366455 0.0696830078959465 1.6730421781539917 
v -0.16448737680912018 0.07282422482967377 1.6754779815673828 
v -0.16448737680912018 0.07282422482967377 1.6730421781539917 
v -0.16762147843837738 0.07412596046924591 1.6754779815673828 
v -0.16762147843837738 0.07412596046924591 1.6730421781539917 
v -0.17076727747917175 0.07282422482967377 1.6754779815673828 
v -0.17076727747917175 0.07282422482967377 1.6730421781539917 
v -0.1720653474330902 0.0696830078959465 1.6754779815673828 
v -0.1720653474330902 0.0696830078959465 1.6730421781539917 
v -0.17076727747917175 0.06653808057308197 1.6730421781539917 
v -0.17076727747917175 0.06653808057308197 1.6754779815673828 
v -0.1720653474330902 0.0696830078959465 1.6730421781539917 
v -0.1720653474330902 0.0696830078959465 1.6754779815673828 
v -0.17076727747917175 0.06653808057308197 1.6730421781539917 
v -0.16762147843837738 0.0652400553226471 1.6754779815673828 
v -0.16762147843837738 0.0652400553226471 1.6730421781539917 
v -0.16448737680912018 0.07282422482967377 1.6754779815673828 
v -0.16618306934833527 0.07112196087837219 1.6766297817230225 
v -0.16317760944366455 0.0696830078959465 1.6754779815673828 
v -0.1655866503715515 0.0696830078959465 1.6766297817230225 
v -0.16448737680912018 0.06653808057308197 1.6754779815673828 
v -0.16618306934833527 0.06824034452438354 1.6766297817230225 
v -0.16762147843837738 0.0652400553226471 1.6754779815673828 
v -0.16762147843837738 0.06764325499534607 1.6766297817230225 
v -0.17076727747917175 0.06653808057308197 1.6754779815673828 
v -0.1690598875284195 0.06824034452438354 1.6766297817230225 
v -0.1720653474330902 0.0696830078959465 1.6754779815673828 
v -0.16965630650520325 0.0696830078959465 1.6766297817230225 
v -0.17076727747917175 0.07282422482967377 1.6754779815673828 
v -0.1690598875284195 0.07112196087837219 1.6766297817230225 
v -0.16762147843837738 0.07412596046924591 1.6754779815673828 
v -0.16762147843837738 0.07171905040740967 1.6766297817230225 
v -0.16762147843837738 0.0696830078959465 1.6766297817230225 
v 0.15447737276554108 0.01746535673737526 1.2986856698989868 
v 0.1722060889005661 0.01746535673737526 1.2986856698989868 
v 0.16744646430015564 0.026102779433131218 1.361506462097168 
v 0.15447737276554108 0.01746535673737526 1.2986856698989868 
v 0.15447737276554108 0.026102779433131218 1.361506462097168 
v 0.1722060889005661 0.01746535673737526 1.2986856698989868 
v 0.1722060889005661 0.052745647728443146 1.2986856698989868 
v 0.16744646430015564 0.044108226895332336 1.361506462097168 
v 0.16744646430015564 0.044108226895332336 1.361506462097168 
v 0.1722060889005661 0.01746535673737526 1.2986856698989868 
v 0.16744646430015564 0.026102779433131218 1.361506462097168 
v 0.1722060889005661 0.052745647728443146 1.2986856698989868 
v 0.15447737276554108 0.052745647728443146 1.2986856698989868 
v 0.15447737276554108 0.044108226895332336 1.361506462097168 
v 0.1722060889005661 0.052745647728443146 1.2986856698989868 
v 0.16744646430015564 0.044108226895332336 1.361506462097168 
v 0.15447737276554108 0.052745647728443146 1.2986856698989868 
v 0.15447737276554108 0.01746535673737526 1.2986856698989868 
v 0.15447737276554108 0.026102779433131218 1.361506462097168 
v 0.15447737276554108 0.026102779433131218 1.361506462097168 
v 0.15447737276554108 0.052745647728443146 1.2986856698989868 
v 0.15447737276554108 0.044108226895332336 1.361506462097168 
v 0.16744646430015564 0.044108226895332336 1.361506462097168 
v 0.15447737276554108 0.044108226895332336 1.361506462097168 
v 0.15447737276554108 0.026102779433131218 1.361506462097168 
v 0.15447737276554108 0.026102779433131218 1.361506462097168 
v 0.16744646430015564 0.044108226895332336 1.361506462097168 
v 0.16744646430015564 0.026102779433131218 1.361506462097168 
v -0.15465238690376282 0.01746535673737526 1.2986856698989868 
v -0.15465238690376282 0.026102779433131218 1.361506462097168 
v -0.16762147843837738 0.026102779433131218 1.361506462097168 
v -0.15465238690376282 0.01746535673737526 1.2986856698989868 
v -0.17238110303878784 0.01746535673737526 1.2986856698989868 
v -0.17238110303878784 0.01746535673737526 1.2986856698989868 
v -0.16762147843837738 0.026102779433131218 1.361506462097168 
v -0.16762147843837738 0.044108226895332336 1.361506462097168 
v -0.16762147843837738 0.044108226895332336 1.361506462097168 
v -0.17238110303878784 0.01746535673737526 1.2986856698989868 
v -0.17238110303878784 0.052745647728443146 1.2986856698989868 
v -0.17238110303878784 0.052745647728443146 1.2986856698989868 
v -0.16762147843837738 0.044108226895332336 1.361506462097168 
v -0.15465238690376282 0.044108226895332336 1.361506462097168 
v -0.15465238690376282 0.044108226895332336 1.361506462097168 
v -0.17238110303878784 0.052745647728443146 1.2986856698989868 
v -0.15465238690376282 0.052745647728443146 1.2986856698989868 
v -0.15465238690376282 0.052745647728443146 1.2986856698989868 
v -0.15465238690376282 0.044108226895332336 1.361506462097168 
v -0.15465238690376282 0.026102779433131218 1.361506462097168 
v -0.15465238690376282 0.026102779433131218 1.361506462097168 
v -0.15465238690376282 0.052745647728443146 1.2986856698989868 
v -0.15465238690376282 0.01746535673737526 1.2986856698989868 
v -0.16762147843837738 0.044108226895332336 1.361506462097168 
v -0.16762147843837738 0.026102779433131218 1.361506462097168 
v -0.15465238690376282 0.026102779433131218 1.361506462097168 
v -0.15465238690376282 0.026102779433131218 1.361506462097168 
v -0.16762147843837738 0.044108226895332336 1.361506462097168 
v -0.15465238690376282 0.044108226895332336 1.361506462097168 
v -0.15250061452388763 0.03458444029092789 1.3340896368026733 
v -0.15250061452388763 0.0452653206884861 1.3385080099105835 
v -0.09763049334287643 0.03458444029092789 1.343946099281311 
v -0.09763049334287643 0.0452653206884861 1.3483833074569702 
v -0.05012784153223038 0.03458444029092789 1.3487799167633057 
v -0.05012784153223038 0.0452653206884861 1.3531982898712158 
v 0.00027502080774866045 0.03458444029092789 1.3505548238754272 
v -0.15250061452388763 0.049689728766679764 1.3491952419281006 
v -0.09763049334287643 0.049689728766679764 1.3590517044067383 
v -0.15250061452388763 0.0452653206884861 1.3598825931549072 
v -0.09763049334287643 0.0452653206884861 1.369739055633545 
v -0.15250061452388763 0.03458444029092789 1.3643009662628174 
v -0.05012784153223038 0.049689728766679764 1.363885521888733 
v 0.00027502080774866045 0.0452653206884861 1.3549920320510864 
v 0.05067788437008858 0.0452653206884861 1.3531982898712158 
v 0.05067788437008858 0.03458444029092789 1.3487799167633057 
v 0.10070652514696121 0.0452653206884861 1.3481190204620361 
v 0.10070652514696121 0.03458444029092789 1.3437005281448364 
v 0.15303896367549896 0.0452653206884861 1.3385080099105835 
v 0.15303896367549896 0.03458444029092789 1.3340896368026733 
v 0.15303896367549896 0.049689728766679764 1.3491952419281006 
v 0.10070652514696121 0.049689728766679764 1.3588062524795532 
v 0.15303896367549896 0.0452653206884861 1.3598825931549072 
v 0.10070652514696121 0.0452653206884861 1.3694746494293213 
v 0.15303896367549896 0.03458444029092789 1.3643009662628174 
v 0.05067788437008858 0.049689728766679764 1.363885521888733 
v 0.00027502080774866045 0.049689728766679764 1.3656604290008545 
v -0.05012784153223038 0.0452653206884861 1.3745728731155396 
v -0.09763049334287643 0.03458444029092789 1.374157428741455 
v -0.09763049334287643 0.023903556168079376 1.369739055633545 
v -0.15250061452388763 0.023903556168079376 1.3598825931549072 
v -0.09763049334287643 0.01947914808988571 1.3590517044067383 
v -0.15250061452388763 0.01947914808988571 1.3491952419281006 
v -0.09763049334287643 0.023903556168079376 1.3483833074569702 
v -0.15250061452388763 0.023903556168079376 1.3385080099105835 
v -0.09763049334287643 0.03458444029092789 1.343946099281311 
v -0.15250061452388763 0.03458444029092789 1.3340896368026733 
v -0.05012784153223038 0.03458444029092789 1.3487799167633057 
v -0.05012784153223038 0.023903556168079376 1.3531982898712158 
v -0.05012784153223038 0.01947914808988571 1.363885521888733 
v -0.05012784153223038 0.023903556168079376 1.3745728731155396 
v -0.05012784153223038 0.03458444029092789 1.3789912462234497 
v 0.00027502080774866045 0.0452653206884861 1.3763477802276611 
v 0.00027502080774866045 0.03458444029092789 1.3807661533355713 
v 0.00027502080774866045 0.023903556168079376 1.3763477802276611 
v 0.00027502080774866045 0.01947914808988571 1.3656604290008545 
v 0.00027502080774866045 0.023903556168079376 1.3549920320510864 
v 0.00027502080774866045 0.03458444029092789 1.3505548238754272 
v 0.05067788437008858 0.03458444029092789 1.3487799167633057 
v 0.05067788437008858 0.023903556168079376 1.3531982898712158 
v 0.05067788437008858 0.01947914808988571 1.363885521888733 
v 0.05067788437008858 0.023903556168079376 1.3745728731155396 
v 0.05067788437008858 0.03458444029092789 1.3789912462234497 
v 0.05067788437008858 0.0452653206884861 1.3745728731155396 
v 0.10070652514696121 0.03458444029092789 1.37391197681427 
v 0.10070652514696121 0.023903556168079376 1.3694746494293213 
v 0.15303896367549896 0.023903556168079376 1.3598825931549072 
v 0.10070652514696121 0.01947914808988571 1.3588062524795532 
v 0.10070652514696121 0.023903556168079376 1.3481190204620361 
v 0.10070652514696121 0.03458444029092789 1.3437005281448364 
v 0.15303896367549896 0.023903556168079376 1.3385080099105835 
v 0.15303896367549896 0.03458444029092789 1.3340896368026733 
v 0.15303896367549896 0.01947914808988571 1.3491952419281006 
v -0.15250061452388763 0.03458444029092789 1.3340896368026733 
v -0.15700297057628632 0.03458444029092789 1.3417367935180664 
v -0.15250061452388763 0.0452653206884861 1.3385080099105835 
v -0.15700297057628632 0.039858125150203705 1.3439271450042725 
v -0.15250061452388763 0.049689728766679764 1.3491952419281006 
v -0.15700297057628632 0.04204251244664192 1.3491952419281006 
v -0.15250061452388763 0.0452653206884861 1.3598825931549072 
v -0.15700297057628632 0.039858125150203705 1.3544633388519287 
v -0.15250061452388763 0.03458444029092789 1.3643009662628174 
v -0.15700297057628632 0.03458444029092789 1.3566536903381348 
v -0.15250061452388763 0.023903556168079376 1.3598825931549072 
v -0.15700297057628632 0.02931075356900692 1.3544633388519287 
v -0.15250061452388763 0.01947914808988571 1.3491952419281006 
v -0.15700297057628632 0.027126364409923553 1.3491952419281006 
v -0.15250061452388763 0.023903556168079376 1.3385080099105835 
v -0.15700297057628632 0.02931075356900692 1.3439271450042725 
v -0.15250061452388763 0.03458444029092789 1.3340896368026733 
v -0.15700297057628632 0.03458444029092789 1.3417367935180664 
v 0.15303896367549896 0.03458444029092789 1.3340896368026733 
v 0.15303896367549896 0.0452653206884861 1.3385080099105835 
v 0.15754130482673645 0.039858125150203705 1.3439271450042725 
v 0.15754130482673645 0.04204251244664192 1.3491952419281006 
v 0.15303896367549896 0.049689728766679764 1.3491952419281006 
v 0.15754130482673645 0.039858125150203705 1.3544633388519287 
v 0.15303896367549896 0.0452653206884861 1.3598825931549072 
v 0.15754130482673645 0.03458444029092789 1.3566536903381348 
v 0.15303896367549896 0.03458444029092789 1.3643009662628174 
v 0.15754130482673645 0.02931075356900692 1.3544633388519287 
v 0.15303896367549896 0.023903556168079376 1.3598825931549072 
v 0.15754130482673645 0.027126364409923553 1.3491952419281006 
v 0.15303896367549896 0.01947914808988571 1.3491952419281006 
v 0.15754130482673645 0.02931075356900692 1.3439271450042725 
v 0.15303896367549896 0.023903556168079376 1.3385080099105835 
v 0.15754130482673645 0.03458444029092789 1.3417367935180664 
v 0.15303896367549896 0.03458444029092789 1.3340896368026733 
v 0.15754130482673645 0.03458444029092789 1.3417367935180664 
vn 0.9886130690574646 0.15046414732933044 -0.002184694167226553 
vn 0.8558317422866821 0.15026724338531494 -0.4949462115764618 
vn 0.8558317422866821 0.15026724338531494 -0.4949462115764618 
vn 0.4937169849872589 0.14890415966510773 -0.8567795157432556 
vn 0.9886130690574646 0.15046414732933044 0.002184694167226553 
vn 0.8558678030967712 0.15006178617477417 0.4949462115764618 
vn 0.8558678030967712 0.15006178617477417 0.4949462115764618 
vn 0.4938183128833771 0.148567795753479 0.8567795157432556 
vn 0.4938183128833771 0.148567795753479 0.8567795157432556 
vn 0.0018599432660266757 0.1480017900466919 0.9889853596687317 
vn 0.0018599432660266757 0.1480017900466919 0.9889853596687317 
vn -0.4938183128833771 0.148567795753479 0.8567795157432556 
vn -0.4938183128833771 0.148567795753479 0.8567795157432556 
vn -0.8558678030967712 0.15006178617477417 0.4949462115764618 
vn -0.8558678030967712 0.15006178617477417 0.4949462115764618 
vn -0.9886130690574646 0.15046414732933044 -0.002184694167226553 
vn -0.9886130690574646 0.15046414732933044 -0.002184694167226553 
vn -0.8564766049385071 0.14654706418514252 -0.4949462115764618 
vn -0.8564766049385071 0.14654706418514252 -0.4949462115764618 
vn -0.4926133155822754 0.15251564979553223 -0.8567795157432556 
vn -0.4926133155822754 0.15251564979553223 -0.8567795157432556 
vn -0.0018901845905929804 0.14800140261650085 -0.9889853596687317 
vn -0.0018901845905929804 0.14800140261650085 -0.9889853596687317 
vn -0.0018901845905929804 0.14800140261650085 -0.9889853596687317 
vn 0.4937169849872589 0.14890415966510773 -0.8567795157432556 
vn 0 0 1 
vn 0 0 1 
vn 0 0 1 
vn 0 0 1 
vn 0 0 1 
vn 0 0 1 
vn 3.097898456858039e-13 -0.999997615814209 0.002184694167226553 
vn 3.097898456858039e-13 -0.999997615814209 0.002184694167226553 
vn 3.097898456858039e-13 -0.999997615814209 0.002184694167226553 
vn 3.097898456858039e-13 -0.999997615814209 0.002184694167226553 
vn 3.097898456858039e-13 -0.999997615814209 0.002184694167226553 
vn 3.097898456858039e-13 -0.999997615814209 0.002184694167226553 
vn 3.097898456858039e-13 -0.999997615814209 0.002184694167226553 
vn 3.097898456858039e-13 -0.999997615814209 0.002184694167226553 
vn 3.097898456858039e-13 -0.999997615814209 0.002184694167226553 
vn 0.999997615814209 0 0.002184694167226553 
vn 0.999997615814209 0 0.002184694167226553 
vn 0.999997615814209 0 0.002184694167226553 
vn 0.999997615814209 0 0.002184694167226553 
vn 0.999997615814209 0 0.002184694167226553 
vn 0.999997615814209 0 0.002184694167226553 
vn -1.0341130485562108e-13 0.999997615814209 0.002184694167226553 
vn -1.0341130485562108e-13 0.999997615814209 0.002184694167226553 
vn -1.0341130485562108e-13 0.999997615814209 0.002184694167226553 
vn -1.0341130485562108e-13 0.999997615814209 0.002184694167226553 
vn -0.999997615814209 -2.0682260971124217e-13 0.002184694167226553 
vn -0.999997615814209 -2.0682260971124217e-13 0.002184694167226553 
vn -0.999997615814209 -2.0682260971124217e-13 0.002184694167226553 
vn -0.999997615814209 -2.0682260971124217e-13 0.002184694167226553 
vn -0.999997615814209 -2.0682260971124217e-13 0.002184694167226553 
vn -0.999997615814209 -2.0682260971124217e-13 0.002184694167226553 
vn -1.0341130485562108e-13 0.999997615814209 -0.002184694167226553 
vn -1.0341130485562108e-13 0.999997615814209 0.002184694167226553 
vn -1.0341130485562108e-13 0.999997615814209 -0.002184694167226553 
vn -1.0341130485562108e-13 0.999997615814209 -0.002184694167226553 
vn -1.0341130485562108e-13 0.999997615814209 -0.002184694167226553 
vn -1.0341130485562108e-13 0.999997615814209 -0.002184694167226553 
vn -1.0341130485562108e-13 0.999997615814209 -0.002184694167226553 
vn -1.0341130485562108e-13 0.999997615814209 -0.002184694167226553 
vn -1.0341130485562108e-13 0.999997615814209 -0.002184694167226553 
vn -1.0341130485562108e-13 0.999997615814209 -0.002184694167226553 
vn -1.0341130485562108e-13 0.999997615814209 -0.002184694167226553 
vn -1.0341130485562108e-13 0.999997615814209 -0.002184694167226553 
vn -1.0341130485562108e-13 0.999997615814209 -0.002184694167226553 
vn -1.0341130485562108e-13 0.999997615814209 -0.002184694167226553 
vn -1.0341130485562108e-13 0.999997615814209 -0.002184694167226553 
vn 0 0 1 
vn 0 0 1 
vn 0 0 1 
vn 0 0 1 
vn 0.999997615814209 0 0.002184694167226553 
vn 0.999997615814209 0 0.002184694167226553 
vn 0.999997615814209 0 -0.002184694167226553 
vn 0.999997615814209 0 -0.002184694167226553 
vn 0.999997615814209 0 -0.002184694167226553 
vn 0.999997615814209 0 -0.002184694167226553 
vn -2.0682311115474694e-13 0 -1 
vn -2.0682311115474694e-13 0 -1 
vn -2.0682311115474694e-13 0 -1 
vn -2.0682311115474694e-13 0 -1 
vn -2.0682311115474694e-13 0 -1 
vn -2.0682311115474694e-13 0 -1 
vn -0.999997615814209 -2.0682260971124217e-13 0.002184694167226553 
vn -0.999997615814209 -2.0682260971124217e-13 0.002184694167226553 
vn -0.999997615814209 -2.0682260971124217e-13 0.002184694167226553 
vn -0.999997615814209 -2.0682260971124217e-13 0.002184694167226553 
vn -0.999997615814209 -2.0682260971124217e-13 0.002184694167226553 
vn -0.999997615814209 -2.0682260971124217e-13 0.002184694167226553 
vn -1.0341130485562108e-13 0.999997615814209 0.002184694167226553 
vn -1.0341130485562108e-13 0.999997615814209 0.002184694167226553 
vn -1.0341130485562108e-13 0.999997615814209 0.002184694167226553 
vn -1.0341130485562108e-13 0.999997615814209 0.002184694167226553 
vn -1.0341130485562108e-13 0.999997615814209 -0.002184694167226553 
vn -1.0341130485562108e-13 0.999997615814209 -0.002184694167226553 
vn -1.0341130485562108e-13 0.999997615814209 -0.002184694167226553 
vn -1.0341130485562108e-13 0.999997615814209 -0.002184694167226553 
vn -1.0341130485562108e-13 0.999997615814209 0.002184694167226553 
vn -1.0341130485562108e-13 0.999997615814209 -0.002184694167226553 
vn -1.0341130485562108e-13 0.999997615814209 -0.002184694167226553 
vn -1.0341130485562108e-13 0.999997615814209 -0.002184694167226553 
vn -1.0341130485562108e-13 0.999997615814209 -0.002184694167226553 
vn -1.0341130485562108e-13 0.999997615814209 0.002184694167226553 
vn -1.0341130485562108e-13 0.999997615814209 -0.002184694167226553 
vn -1.0341130485562108e-13 0.999997615814209 -0.002184694167226553 
vn -1.0341130485562108e-13 0.999997615814209 -0.002184694167226553 
vn -1.0341130485562108e-13 0.999997615814209 -0.002184694167226553 
vn -1.0341130485562108e-13 0.999997615814209 -0.002184694167226553 
vn -1.0341130485562108e-13 0.999997615814209 0.002184694167226553 
vn -1.0341130485562108e-13 0.999997615814209 -0.002184694167226553 
vn -1.0341130485562108e-13 0.999997615814209 -0.002184694167226553 
vn -1.0341130485562108e-13 0.999997615814209 -0.002184694167226553 
vn -1.0341130485562108e-13 0.999997615814209 -0.002184694167226553 
vn -1.0341130485562108e-13 0.999997615814209 -0.002184694167226553 
vn -1.0341130485562108e-13 0.999997615814209 -0.002184694167226553 
vn -1.0341130485562108e-13 0.999997615814209 -0.002184694167226553 
vn -1.0341130485562108e-13 0.999997615814209 0.002184694167226553 
vn -1.0341130485562108e-13 0.999997615814209 0.002184694167226553 
vn -1.0341130485562108e-13 0.999997615814209 -0.002184694167226553 
vn -1.0341130485562108e-13 0.999997615814209 -0.002184694167226553 
vn -1.0341130485562108e-13 0.999997615814209 -0.002184694167226553 
vn -1.0341130485562108e-13 0.999997615814209 -0.002184694167226553 
vn -1.0341130485562108e-13 0.999997615814209 -0.002184694167226553 
vn -1.0341130485562108e-13 0.999997615814209 0.002184694167226553 
vn -1.0341130485562108e-13 0.999997615814209 0.002184694167226553 
vn -1.0341130485562108e-13 0.999997615814209 0.002184694167226553 
vn -1.0341130485562108e-13 0.999997615814209 0.002184694167226553 
vn -1.0341130485562108e-13 0.999997615814209 0.002184694167226553 
vn -1.0341130485562108e-13 0.999997615814209 0.002184694167226553 
vn -1.0341130485562108e-13 0.999997615814209 0.002184694167226553 
vn -1.0341130485562108e-13 0.999997615814209 0.002184694167226553 
vn -1.0341130485562108e-13 0.999997615814209 0.002184694167226553 
vn -1.0341130485562108e-13 0.999997615814209 0.002184694167226553 
vn -2.0682311115474694e-13 0 -1 
vn -2.0682311115474694e-13 0 -1 
vn -2.0682311115474694e-13 0 -1 
vn -2.0682311115474694e-13 0 -1 
vn -0.999997615814209 -2.0682260971124217e-13 0.002184694167226553 
vn -0.999997615814209 -2.0682260971124217e-13 0.002184694167226553 
vn -0.999997615814209 -2.0682260971124217e-13 0.002184694167226553 
vn -0.999997615814209 -2.0682260971124217e-13 0.002184694167226553 
vn 0.999997615814209 0 0.002184694167226553 
vn 0.999997615814209 0 0.002184694167226553 
vn 0.999997615814209 0 0.002184694167226553 
vn 0.999997615814209 0 0.002184694167226553 
vn -1.0341130485562108e-13 0.999997615814209 0.002184694167226553 
vn -1.0341130485562108e-13 0.999997615814209 -0.002184694167226553 
vn -1.0341130485562108e-13 0.999997615814209 -0.002184694167226553 
vn -1.0341130485562108e-13 0.999997615814209 -0.002184694167226553 
vn -1.0341130485562108e-13 0.999997615814209 0.002184694167226553 
vn -1.0341130485562108e-13 0.999997615814209 -0.002184694167226553 
vn -1.0341130485562108e-13 0.999997615814209 0.002184694167226553 
vn -1.0341130485562108e-13 0.999997615814209 -0.002184694167226553 
vn -1.0341130485562108e-13 0.999997615814209 -0.002184694167226553 
vn -1.0341130485562108e-13 0.999997615814209 -0.002184694167226553 
vn -1.0341130485562108e-13 0.999997615814209 -0.002184694167226553 
vn -1.0341130485562108e-13 0.999997615814209 -0.002184694167226553 
vn -1.0341130485562108e-13 0.999997615814209 -0.002184694167226553 
vn -1.0341130485562108e-13 0.999997615814209 -0.002184694167226553 
vn -1.0341130485562108e-13 0.999997615814209 0.002184694167226553 
vn -1.0341130485562108e-13 0.999997615814209 0.002184694167226553 
vn -1.0341130485562108e-13 0.999997615814209 0.002184694167226553 
vn -1.0341130485562108e-13 0.999997615814209 -0.002184694167226553 
vn -1.0341130485562108e-13 0.999997615814209 -0.002184694167226553 
vn -1.0341130485562108e-13 0.999997615814209 -0.002184694167226553 
vn -1.0341130485562108e-13 0.999997615814209 -0.002184694167226553 
vn -1.0341130485562108e-13 0.999997615814209 -0.002184694167226553 
vn -1.0341130485562108e-13 0.999997615814209 -0.002184694167226553 
vn -1.0341130485562108e-13 0.999997615814209 -0.002184694167226553 
vn -0.8710139393806458 0.49125343561172485 -0.002184694167226553 
vn -0.7550123929977417 0.4888862669467926 0.43697428703308105 
vn -0.7550123929977417 0.4888862669467926 0.43697428703308105 
vn -0.4363051652908325 0.4909551441669464 0.7540562748908997 
vn -0.8710139393806458 0.49125343561172485 -0.002184694167226553 
vn -0.7525742053985596 0.4926312565803528 -0.43697428703308105 
vn -0.7525742053985596 0.4926312565803528 -0.43697428703308105 
vn -0.43270954489707947 0.4941271245479584 -0.7540562748908997 
vn -0.43270954489707947 0.4941271245479584 -0.7540562748908997 
vn -0.003777894424274564 0.49303221702575684 -0.8700028657913208 
vn -0.003777894424274564 0.49303221702575684 -0.8700028657913208 
vn 0.43270954489707947 0.4941271245479584 -0.7540562748908997 
vn 0.43270954489707947 0.4941271245479584 -0.7540562748908997 
vn 0.7525742053985596 0.4926312565803528 -0.43697428703308105 
vn 0.7525742053985596 0.4926312565803528 -0.43697428703308105 
vn 0.8710139393806458 0.49125343561172485 0.002184694167226553 
vn 0.8710139393806458 0.49125343561172485 0.002184694167226553 
vn 0.7529551982879639 0.4920487701892853 0.43697428703308105 
vn 0.7529551982879639 0.4920487701892853 0.43697428703308105 
vn 0.4334782660007477 0.49345287680625916 0.7540562748908997 
vn 0.4334782660007477 0.49345287680625916 0.7540562748908997 
vn -0.0018843651050701737 0.49304309487342834 0.8700028657913208 
vn -0.0018843651050701737 0.49304309487342834 0.8700028657913208 
vn -0.4363051652908325 0.4909551441669464 0.7540562748908997 
vn -1.0341130485562108e-13 0.999997615814209 -0.002184694167226553 
vn -1.0341130485562108e-13 0.999997615814209 0.002184694167226553 
vn -1.0341130485562108e-13 0.999997615814209 -0.002184694167226553 
vn -1.0341130485562108e-13 0.999997615814209 0.002184694167226553 
vn -1.0341130485562108e-13 0.999997615814209 0.002184694167226553 
vn -1.0341130485562108e-13 0.999997615814209 0.002184694167226553 
vn -1.0341130485562108e-13 0.999997615814209 0.002184694167226553 
vn -1.0341130485562108e-13 0.999997615814209 0.002184694167226553 
vn -1.0341130485562108e-13 0.999997615814209 0.002184694167226553 
vn -1.0341130485562108e-13 0.999997615814209 -0.002184694167226553 
vn -1.0341130485562108e-13 0.999997615814209 -0.002184694167226553 
vn -1.0341130485562108e-13 0.999997615814209 -0.002184694167226553 
vn -1.0341130485562108e-13 0.999997615814209 -0.002184694167226553 
vn -1.0341130485562108e-13 0.999997615814209 0.002184694167226553 
vn -1.0341130485562108e-13 0.999997615814209 -0.002184694167226553 
vn -1.0341130485562108e-13 0.999997615814209 -0.002184694167226553 
vn -1.0341130485562108e-13 0.999997615814209 -0.002184694167226553 
vn -1.0341130485562108e-13 0.999997615814209 -0.002184694167226553 
vn -1.0341130485562108e-13 0.999997615814209 -0.002184694167226553 
vn -1.0341130485562108e-13 0.999997615814209 -0.002184694167226553 
vn -1.0341130485562108e-13 0.999997615814209 -0.002184694167226553 
vn -1.0341130485562108e-13 0.999997615814209 -0.002184694167226553 
vn -1.0341130485562108e-13 0.999997615814209 -0.002184694167226553 
vn -1.0341130485562108e-13 0.999997615814209 -0.002184694167226553 
vn -1.0341130485562108e-13 0.999997615814209 -0.002184694167226553 
vn -1.0341130485562108e-13 0.999997615814209 -0.002184694167226553 
vn -1.0341130485562108e-13 0.999997615814209 -0.002184694167226553 
vn -1.0341130485562108e-13 0.999997615814209 -0.002184694167226553 
vn -1.0341130485562108e-13 0.999997615814209 -0.002184694167226553 
vn -1.0341130485562108e-13 0.999997615814209 -0.002184694167226553 
vn -1.0341130485562108e-13 0.999997615814209 -0.002184694167226553 
vn -1.0341130485562108e-13 0.999997615814209 -0.002184694167226553 
vn -1.0341130485562108e-13 0.999997615814209 0.002184694167226553 
vn 0 0 1 
vn 0 0 1 
vn 0 0 1 
vn 0 0 1 
vn -2.0682311115474694e-13 0 -1 
vn -2.0682311115474694e-13 0 -1 
vn -2.0682311115474694e-13 0 -1 
vn -2.0682311115474694e-13 0 -1 
vn -0.999997615814209 -2.0682260971124217e-13 0.002184694167226553 
vn -0.999997615814209 -2.0682260971124217e-13 0.002184694167226553 
vn -0.999997615814209 -2.0682260971124217e-13 0.002184694167226553 
vn -0.999997615814209 -2.0682260971124217e-13 0.002184694167226553 
vn 0 0 1 
vn 0 0 1 
vn 0 0 1 
vn 0 0 1 
vn 0.999997615814209 0 0.002184694167226553 
vn 0.999997615814209 0 0.002184694167226553 
vn 0.999997615814209 0 0.002184694167226553 
vn 0.999997615814209 0 0.002184694167226553 
vn -2.0682311115474694e-13 0 -1 
vn -2.0682311115474694e-13 0 -1 
vn -2.0682311115474694e-13 0 -1 
vn -2.0682311115474694e-13 0 -1 
vn -2.0682311115474694e-13 0 -1 
vn -2.0682311115474694e-13 0 -1 
vn -0.9974023103713989 -2.0628583476817175e-13 -0.07203252613544464 
vn -0.9974023103713989 -2.0628583476817175e-13 0.07203252613544464 
vn -0.9974023103713989 -2.0628583476817175e-13 0.07203252613544464 
vn -0.9417508840560913 -1.9477584963737554e-13 0.3363112509250641 
vn -0.9974023103713989 -2.0628583476817175e-13 -0.07203252613544464 
vn -0.9417508840560913 -1.9477584963737554e-13 -0.3363112509250641 
vn -0.9417508840560913 -1.9477584963737554e-13 -0.3363112509250641 
vn -0.7078686952590942 0.0037756471429020166 -0.7063339352607727 
vn -0.7078686952590942 0.0037756471429020166 -0.7063339352607727 
vn -0.3342530131340027 -6.913125128772679e-14 -0.9424833655357361 
vn -0.3342530131340027 -6.913125128772679e-14 -0.9424833655357361 
vn -0.06985333561897278 -1.4447283633637308e-14 -0.9975572824478149 
vn -0.06985333561897278 -1.4447283633637308e-14 -0.9975572824478149 
vn 0.06985333561897278 0 -0.9975572824478149 
vn 0.06985333561897278 0 -0.9975572824478149 
vn 0.3342530131340027 0 -0.9424833655357361 
vn 0.3342530131340027 0 -0.9424833655357361 
vn 0.7078787684440613 0 -0.7063339352607727 
vn 0.7078787684440613 0 -0.7063339352607727 
vn 0.9417508840560913 0 -0.3363112509250641 
vn 0.9417508840560913 0 -0.3363112509250641 
vn 0.9974023103713989 0 -0.07203252613544464 
vn 0.9974023103713989 0 -0.07203252613544464 
vn 0.9974023103713989 0 0.07203252613544464 
vn 0.9974023103713989 0 0.07203252613544464 
vn 0.9417508840560913 0 0.3363112509250641 
vn 0.9417508840560913 0 0.3363112509250641 
vn 0.7078787684440613 0 0.7063339352607727 
vn 0.7078787684440613 0 0.7063339352607727 
vn 0.3342530131340027 0 0.9424833655357361 
vn 0.3342530131340027 0 0.9424833655357361 
vn 0.06985333561897278 0 0.9975572824478149 
vn 0.06985333561897278 0 0.9975572824478149 
vn -0.06975433230400085 0.003717746352776885 0.9975572824478149 
vn -0.06975433230400085 0.003717746352776885 0.9975572824478149 
vn -0.33423182368278503 0.003763672662898898 0.9424833655357361 
vn -0.33423182368278503 0.003763672662898898 0.9424833655357361 
vn -0.7078787684440613 -1.4640568759497624e-13 0.7063339352607727 
vn -0.7078787684440613 -1.4640568759497624e-13 0.7063339352607727 
vn -0.9417508840560913 -1.9477584963737554e-13 0.3363112509250641 
vn -1.0341130485562108e-13 0.999997615814209 -0.002184694167226553 
vn -1.0341130485562108e-13 0.999997615814209 -0.002184694167226553 
vn -1.0341130485562108e-13 0.999997615814209 -0.002184694167226553 
vn -1.0341130485562108e-13 0.999997615814209 -0.002184694167226553 
vn 0.9612131118774414 0.2757980227470398 -0.002184694167226553 
vn 0.9612131118774414 0.2757980227470398 -0.002184694167226553 
vn 0.9612131118774414 0.2757980227470398 -0.002184694167226553 
vn 0.9612131118774414 0.2757980227470398 -0.002184694167226553 
vn -0.9612131118774414 0.2757980227470398 -0.002184694167226553 
vn -0.9612131118774414 0.2757980227470398 -0.002184694167226553 
vn -0.9612131118774414 0.2757980227470398 -0.002184694167226553 
vn -0.9612131118774414 0.2757980227470398 -0.002184694167226553 
vn 0.1719857156276703 0.15197809040546417 -0.9733054637908936 
vn 0.1719857156276703 0.15197809040546417 -0.9733054637908936 
vn 0.636086642742157 0.14989180862903595 -0.7569189071655273 
vn 0.636086642742157 0.14989180862903595 -0.7569189071655273 
vn 0.9296793341636658 0.15030334889888763 -0.3363112509250641 
vn 0.9296793341636658 0.15030334889888763 -0.3363112509250641 
vn 0.9735976457595825 0.15038138628005981 0.17173540592193604 
vn 0.9735976457595825 0.15038138628005981 0.17173540592193604 
vn 0.7577454447746277 0.14976449310779572 0.6351318359375 
vn 0.7577454447746277 0.14976449310779572 0.6351318359375 
vn 0.33794164657592773 0.15320537984371185 0.9286137819290161 
vn 0.33794164657592773 0.15320537984371185 0.9286137819290161 
vn -0.17255735397338867 0.15132872760295868 0.9733054637908936 
vn -0.17255735397338867 0.15132872760295868 0.9733054637908936 
vn -0.6353422403335571 0.15301643311977386 0.7569189071655273 
vn -0.6353422403335571 0.15301643311977386 0.7569189071655273 
vn -0.9296793341636658 0.15030334889888763 0.3363112509250641 
vn -0.9296793341636658 0.15030334889888763 0.3363112509250641 
vn -0.9735976457595825 0.15038138628005981 -0.17173540592193604 
vn -0.9735976457595825 0.15038138628005981 -0.17173540592193604 
vn -0.7576542496681213 0.15022508800029755 -0.6351318359375 
vn -0.7576542496681213 0.15022508800029755 -0.6351318359375 
vn -0.3405908942222595 0.1472218930721283 -0.9286137819290161 
vn -0.3405908942222595 0.1472218930721283 -0.9286137819290161 
vn 0.1719857156276703 0.15197809040546417 -0.9733054637908936 
vn -1.0341130485562108e-13 0.999997615814209 -0.002184694167226553 
vn -1.0341130485562108e-13 0.999997615814209 -0.002184694167226553 
vn -1.0341130485562108e-13 0.999997615814209 -0.002184694167226553 
vn -1.0341130485562108e-13 0.999997615814209 -0.002184694167226553 
vn -1.0341130485562108e-13 0.999997615814209 -0.002184694167226553 
vn -1.0341130485562108e-13 0.999997615814209 -0.002184694167226553 
vn -1.0341130485562108e-13 0.999997615814209 -0.002184694167226553 
vn -1.0341130485562108e-13 0.999997615814209 -0.002184694167226553 
vn -1.0341130485562108e-13 0.999997615814209 -0.002184694167226553 
vn -1.0341130485562108e-13 0.999997615814209 0.002184694167226553 
vn -1.0341130485562108e-13 0.999997615814209 0.002184694167226553 
vn -1.0341130485562108e-13 0.999997615814209 0.002184694167226553 
vn -1.0341130485562108e-13 0.999997615814209 0.002184694167226553 
vn -1.0341130485562108e-13 0.999997615814209 0.002184694167226553 
vn -1.0341130485562108e-13 0.999997615814209 -0.002184694167226553 
vn -1.0341130485562108e-13 0.999997615814209 -0.002184694167226553 
vn -1.0341130485562108e-13 0.999997615814209 -0.002184694167226553 
vn -1.0341130485562108e-13 0.999997615814209 -0.002184694167226553 
vn -1.0341130485562108e-13 0.999997615814209 -0.002184694167226553 
vn -1.0341130485562108e-13 0.999997615814209 -0.002184694167226553 
vn -1.0341130485562108e-13 0.999997615814209 -0.002184694167226553 
vn -1.0341130485562108e-13 0.999997615814209 -0.002184694167226553 
vn -1.0341130485562108e-13 0.999997615814209 -0.002184694167226553 
vn -1.0341130485562108e-13 0.999997615814209 -0.002184694167226553 
vn -0.5595187544822693 0.49026694893836975 0.6682642698287964 
vn -0.15217164158821106 0.4927196800708771 0.8567795157432556 
vn -0.15217164158821106 0.4927196800708771 0.8567795157432556 
vn 0.2990120053291321 0.4902859926223755 0.8186644315719604 
vn -0.5595187544822693 0.49026694893836975 0.6682642698287964 
vn -0.8154957294464111 0.4955296814441681 0.2990269064903259 
vn -0.8154957294464111 0.4955296814441681 0.2990269064903259 
vn -0.8565186858177185 0.49378499388694763 -0.15017375349998474 
vn -0.8565186858177185 0.49378499388694763 -0.15017375349998474 
vn -0.6668506264686584 0.4938351809978485 -0.5580654144287109 
vn -0.6668506264686584 0.4938351809978485 -0.5580654144287109 
vn -0.3001370131969452 0.4895981252193451 -0.8186644315719604 
vn -0.3001370131969452 0.4895981252193451 -0.8186644315719604 
vn 0.15071091055870056 0.4931684732437134 -0.8567795157432556 
vn 0.15071091055870056 0.4931684732437134 -0.8567795157432556 
vn 0.5589484572410583 0.49091699719429016 -0.6682642698287964 
vn 0.5589484572410583 0.49091699719429016 -0.6682642698287964 
vn 0.8154957294464111 0.4955296814441681 -0.2990269064903259 
vn 0.8154957294464111 0.4955296814441681 -0.2990269064903259 
vn 0.8583973050117493 0.49051186442375183 0.15017375349998474 
vn 0.8583973050117493 0.49051186442375183 0.15017375349998474 
vn 0.6673058867454529 0.4932198226451874 0.5580654144287109 
vn 0.6673058867454529 0.4932198226451874 0.5580654144287109 
vn 0.2990120053291321 0.4902859926223755 0.8186644315719604 
vn -1.0341130485562108e-13 0.999997615814209 -0.002184694167226553 
vn -1.0341130485562108e-13 0.999997615814209 -0.002184694167226553 
vn -1.0341130485562108e-13 0.999997615814209 -0.002184694167226553 
vn -1.0341130485562108e-13 0.999997615814209 -0.002184694167226553 
vn -1.0341130485562108e-13 0.999997615814209 0.002184694167226553 
vn -1.0341130485562108e-13 0.999997615814209 0.002184694167226553 
vn -1.0341130485562108e-13 0.999997615814209 0.002184694167226553 
vn -1.0341130485562108e-13 0.999997615814209 0.002184694167226553 
vn -1.0341130485562108e-13 0.999997615814209 -0.002184694167226553 
vn -1.0341130485562108e-13 0.999997615814209 -0.002184694167226553 
vn -1.0341130485562108e-13 0.999997615814209 0.002184694167226553 
vn -1.0341130485562108e-13 0.999997615814209 0.002184694167226553 
vn -1.0341130485562108e-13 0.999997615814209 -0.002184694167226553 
vn 0.5673611164093018 0.1270131766796112 0.8136147856712341 
vn 0.5673611164093018 0.1270131766796112 0.8136147856712341 
vn 0.5673611164093018 0.1270131766796112 0.8136147856712341 
vn 0.5673611164093018 0.1270131766796112 0.8136147856712341 
vn 3.097898456858039e-13 -0.999997615814209 0.002184694167226553 
vn 3.097898456858039e-13 -0.999997615814209 0.002184694167226553 
vn 3.097898456858039e-13 -0.999997615814209 0.002184694167226553 
vn 3.097898456858039e-13 -0.999997615814209 0.002184694167226553 
vn 3.097898456858039e-13 -0.999997615814209 0.002184694167226553 
vn 3.097898456858039e-13 -0.999997615814209 0.002184694167226553 
vn 0.8196039199829102 0.022658511996269226 -0.5724822878837585 
vn 0.8196039199829102 0.022658511996269226 -0.5724822878837585 
vn 0.8196039199829102 0.022658511996269226 -0.5724822878837585 
vn 0.8196039199829102 0.022658511996269226 -0.5724822878837585 
vn 0.8196039199829102 0.022658511996269226 -0.5724822878837585 
vn 0.8196039199829102 0.022658511996269226 -0.5724822878837585 
vn -1.0341130485562108e-13 0.999997615814209 0.002184694167226553 
vn -1.0341130485562108e-13 0.999997615814209 0.002184694167226553 
vn -1.0341130485562108e-13 0.999997615814209 0.002184694167226553 
vn -1.0341130485562108e-13 0.999997615814209 0.002184694167226553 
vn -0.8194921016693115 0.026395026594400406 0.5724822878837585 
vn -0.8194921016693115 0.026395026594400406 0.5724822878837585 
vn -0.8194921016693115 0.026395026594400406 0.5724822878837585 
vn -0.8194921016693115 0.026395026594400406 0.5724822878837585 
vn -0.5664035081863403 -0.131217360496521 -0.8136147856712341 
vn -0.5664035081863403 -0.131217360496521 -0.8136147856712341 
vn -0.5664035081863403 -0.131217360496521 -0.8136147856712341 
vn -0.5664035081863403 -0.131217360496521 -0.8136147856712341 
vn -0.5664035081863403 -0.131217360496521 -0.8136147856712341 
vn -0.5664035081863403 -0.131217360496521 -0.8136147856712341 
vn 3.097898456858039e-13 -0.999997615814209 0.002184694167226553 
vn 3.097898456858039e-13 -0.999997615814209 0.002184694167226553 
vn 0.7071051001548767 -0.7071051001548767 0.002184694167226553 
vn 0.7071051001548767 -0.7071051001548767 0.002184694167226553 
vn 0.999997615814209 0 0.002184694167226553 
vn 0.999997615814209 0 0.002184694167226553 
vn 0.7071051001548767 0.7071051001548767 0.002184694167226553 
vn 0.7071051001548767 0.7071051001548767 0.002184694167226553 
vn -1.0341130485562108e-13 0.999997615814209 0.002184694167226553 
vn -1.0341130485562108e-13 0.999997615814209 0.002184694167226553 
vn -0.7071051001548767 0.7071051001548767 0.002184694167226553 
vn -0.7071051001548767 0.7071051001548767 0.002184694167226553 
vn -0.999997615814209 -2.0682260971124217e-13 0.002184694167226553 
vn -0.999997615814209 -2.0682260971124217e-13 0.002184694167226553 
vn -0.7071051001548767 -0.7071051001548767 0.002184694167226553 
vn -0.7071051001548767 -0.7071051001548767 0.002184694167226553 
vn 3.097898456858039e-13 -0.999997615814209 0.002184694167226553 
vn 3.097898456858039e-13 -0.999997615814209 0.002184694167226553 
vn 0 0 1 
vn 0 0 1 
vn 0 0 1 
vn 0 0 1 
vn 0 0 1 
vn 0 0 1 
vn 0 0 1 
vn 0 0 1 
vn 0 0 1 
vn 0 0 1 
vn 0 0 1 
vn 0 0 1 
vn 0 0 1 
vn 0 0 1 
vn 0 0 1 
vn 0 0 1 
vn 0 0 1 
vn 0 0 1 
vn 3.097898456858039e-13 -0.999997615814209 0.002184694167226553 
vn 3.097898456858039e-13 -0.999997615814209 0.002184694167226553 
vn 0.7071051001548767 -0.7071051001548767 0.002184694167226553 
vn 0.7071051001548767 -0.7071051001548767 0.002184694167226553 
vn 0.999997615814209 0 0.002184694167226553 
vn 0.999997615814209 0 0.002184694167226553 
vn 0.7071051001548767 0.7071051001548767 0.002184694167226553 
vn 0.7071051001548767 0.7071051001548767 0.002184694167226553 
vn -1.0341130485562108e-13 0.999997615814209 0.002184694167226553 
vn -1.0341130485562108e-13 0.999997615814209 0.002184694167226553 
vn -0.7071051001548767 0.7071051001548767 0.002184694167226553 
vn -0.7071051001548767 0.7071051001548767 0.002184694167226553 
vn -0.999997615814209 -2.0682260971124217e-13 0.002184694167226553 
vn -0.999997615814209 -2.0682260971124217e-13 0.002184694167226553 
vn -0.7071051001548767 -0.7071051001548767 0.002184694167226553 
vn -0.7071051001548767 -0.7071051001548767 0.002184694167226553 
vn 3.097898456858039e-13 -0.999997615814209 0.002184694167226553 
vn 3.097898456858039e-13 -0.999997615814209 0.002184694167226553 
vn 0 0 1 
vn 0 0 1 
vn 0 0 1 
vn 0 0 1 
vn 0 0 1 
vn 0 0 1 
vn 0 0 1 
vn 0 0 1 
vn 0 0 1 
vn 0 0 1 
vn 0 0 1 
vn 0 0 1 
vn 0 0 1 
vn 0 0 1 
vn 0 0 1 
vn 0 0 1 
vn 0 0 1 
vn 0 0 1 
vn 3.097898456858039e-13 -0.999997615814209 0.002184694167226553 
vn 3.097898456858039e-13 -0.999997615814209 0.002184694167226553 
vn 0.7071051001548767 -0.7071051001548767 0.002184694167226553 
vn 0.7071051001548767 -0.7071051001548767 0.002184694167226553 
vn 0.999997615814209 0 -0.002184694167226553 
vn 0.999997615814209 0 0.002184694167226553 
vn 0.7071051001548767 0.7071051001548767 -0.002184694167226553 
vn 0.7071051001548767 0.7071051001548767 -0.002184694167226553 
vn -1.0341130485562108e-13 0.999997615814209 -0.002184694167226553 
vn -1.0341130485562108e-13 0.999997615814209 -0.002184694167226553 
vn -0.7071051001548767 0.7071051001548767 -0.002184694167226553 
vn -0.7071051001548767 0.7071051001548767 -0.002184694167226553 
vn -0.999997615814209 -2.0682260971124217e-13 0.002184694167226553 
vn -0.999997615814209 -2.0682260971124217e-13 0.002184694167226553 
vn -0.7071051001548767 -0.7071051001548767 0.002184694167226553 
vn -0.7071051001548767 -0.7071051001548767 0.002184694167226553 
vn 3.097898456858039e-13 -0.999997615814209 0.002184694167226553 
vn 3.097898456858039e-13 -0.999997615814209 0.002184694167226553 
vn 0 0 1 
vn 0 0 1 
vn 0 0 1 
vn 0 0 1 
vn 0 0 1 
vn 0 0 1 
vn 0 0 1 
vn 0 0 1 
vn 0 0 1 
vn 0 0 1 
vn 0 0 1 
vn 0 0 1 
vn 0 0 1 
vn 0 0 1 
vn 0 0 1 
vn 0 0 1 
vn 0 0 1 
vn 0 0 1 
vn 3.097898456858039e-13 -0.999997615814209 0.002184694167226553 
vn 3.097898456858039e-13 -0.999997615814209 0.002184694167226553 
vn 0.7071051001548767 -0.7071051001548767 0.002184694167226553 
vn 0.7071051001548767 -0.7071051001548767 0.002184694167226553 
vn 0.999997615814209 0 0.002184694167226553 
vn 0.999997615814209 0 -0.002184694167226553 
vn 0.7071051001548767 0.7071051001548767 -0.002184694167226553 
vn 0.7071051001548767 0.7071051001548767 -0.002184694167226553 
vn -1.0341130485562108e-13 0.999997615814209 -0.002184694167226553 
vn -1.0341130485562108e-13 0.999997615814209 -0.002184694167226553 
vn -0.7071051001548767 0.7071051001548767 -0.002184694167226553 
vn -0.7071051001548767 0.7071051001548767 -0.002184694167226553 
vn -0.999997615814209 -2.0682260971124217e-13 0.002184694167226553 
vn -0.999997615814209 -2.0682260971124217e-13 -0.002184694167226553 
vn -0.7071051001548767 -0.7071051001548767 0.002184694167226553 
vn -0.7071051001548767 -0.7071051001548767 0.002184694167226553 
vn 3.097898456858039e-13 -0.999997615814209 0.002184694167226553 
vn 3.097898456858039e-13 -0.999997615814209 0.002184694167226553 
vn 0 0 1 
vn 0 0 1 
vn 0 0 1 
vn 0 0 1 
vn 0 0 1 
vn 0 0 1 
vn 0 0 1 
vn 0 0 1 
vn 0 0 1 
vn 0 0 1 
vn 0 0 1 
vn 0 0 1 
vn 0 0 1 
vn 0 0 1 
vn 0 0 1 
vn 0 0 1 
vn 0 0 1 
vn 0 0 1 
vn 3.097898456858039e-13 -0.999997615814209 0.002184694167226553 
vn 3.097898456858039e-13 -0.999997615814209 0.002184694167226553 
vn 0.7071051001548767 -0.7071051001548767 0.002184694167226553 
vn 0.7071051001548767 -0.7071051001548767 0.002184694167226553 
vn 0.999997615814209 0 0.002184694167226553 
vn 0.999997615814209 0 -0.002184694167226553 
vn 0.7071051001548767 0.7071051001548767 -0.002184694167226553 
vn 0.7071051001548767 0.7071051001548767 -0.002184694167226553 
vn -1.0341130485562108e-13 0.999997615814209 -0.002184694167226553 
vn -1.0341130485562108e-13 0.999997615814209 -0.002184694167226553 
vn -0.7071051001548767 0.7071051001548767 -0.002184694167226553 
vn -0.7071051001548767 0.7071051001548767 -0.002184694167226553 
vn -0.999997615814209 -2.0682260971124217e-13 -0.002184694167226553 
vn -0.999997615814209 -2.0682260971124217e-13 0.002184694167226553 
vn -0.7071051001548767 -0.7071051001548767 0.002184694167226553 
vn -0.7071051001548767 -0.7071051001548767 0.002184694167226553 
vn 3.097898456858039e-13 -0.999997615814209 0.002184694167226553 
vn 3.097898456858039e-13 -0.999997615814209 0.002184694167226553 
vn -2.0682311115474694e-13 0 -1 
vn -2.0682311115474694e-13 0 -1 
vn -2.0682311115474694e-13 0 -1 
vn -2.0682311115474694e-13 0 -1 
vn -2.0682311115474694e-13 0 -1 
vn -2.0682311115474694e-13 0 -1 
vn -2.0682311115474694e-13 0 -1 
vn -2.0682311115474694e-13 0 -1 
vn -2.0682311115474694e-13 0 -1 
vn -2.0682311115474694e-13 0 -1 
vn -2.0682311115474694e-13 0 -1 
vn -2.0682311115474694e-13 0 -1 
vn -2.0682311115474694e-13 0 -1 
vn -2.0682311115474694e-13 0 -1 
vn -2.0682311115474694e-13 0 -1 
vn -2.0682311115474694e-13 0 -1 
vn -2.0682311115474694e-13 0 -1 
vn -2.0682311115474694e-13 0 -1 
vn 3.097898456858039e-13 -0.999997615814209 -0.002184694167226553 
vn 3.097898456858039e-13 -0.999997615814209 -0.002184694167226553 
vn 0.7071051001548767 -0.7071051001548767 -0.002184694167226553 
vn 0.7071051001548767 -0.7071051001548767 -0.002184694167226553 
vn 0.999997615814209 0 -0.002184694167226553 
vn 0.999997615814209 0 0.002184694167226553 
vn 0.7071051001548767 0.7071051001548767 0.002184694167226553 
vn 0.7071051001548767 0.7071051001548767 0.002184694167226553 
vn -1.0341130485562108e-13 0.999997615814209 0.002184694167226553 
vn -1.0341130485562108e-13 0.999997615814209 0.002184694167226553 
vn -0.7071051001548767 0.7071051001548767 0.002184694167226553 
vn -0.7071051001548767 0.7071051001548767 0.002184694167226553 
vn -0.999997615814209 -2.0682260971124217e-13 0.002184694167226553 
vn -0.999997615814209 -2.0682260971124217e-13 -0.002184694167226553 
vn -0.7071051001548767 -0.7071051001548767 -0.002184694167226553 
vn -0.7071051001548767 -0.7071051001548767 -0.002184694167226553 
vn -0.999997615814209 -2.0682260971124217e-13 -0.002184694167226553 
vn -0.999997615814209 -2.0682260971124217e-13 0.002184694167226553 
vn -0.7071051001548767 -0.7071051001548767 -0.002184694167226553 
vn 3.097898456858039e-13 -0.999997615814209 -0.002184694167226553 
vn 3.097898456858039e-13 -0.999997615814209 -0.002184694167226553 
vn 0.30481231212615967 0.30481231212615967 0.9023185968399048 
vn 0.1941821277141571 0.19019228219985962 0.962351381778717 
vn 0.4310697019100189 0 0.9023185968399048 
vn 0.271808385848999 0 0.962351381778717 
vn 0.30481231212615967 -0.30481231212615967 0.9023185968399048 
vn 0.1941821277141571 -0.19019228219985962 0.962351381778717 
vn 1.339242031075244e-13 -0.4310697019100189 0.9023185968399048 
vn -0.0018808468012139201 -0.2718018889427185 0.962351381778717 
vn -0.30481231212615967 -0.30481231212615967 0.9023185968399048 
vn -0.19153141975402832 -0.1928613930940628 0.962351381778717 
vn -0.4310697019100189 -8.93466073695337e-14 0.9023185968399048 
vn -0.27178236842155457 0.003761603496968746 0.962351381778717 
vn -0.30481231212615967 0.30481231212615967 0.9023185968399048 
vn -0.19153141975402832 0.1928613930940628 0.962351381778717 
vn -4.467330368476685e-14 0.4310697019100189 0.9023185968399048 
vn -0.0018808468012139201 0.2718018889427185 0.962351381778717 
vn 0 0 1 
vn 0.0018859885167330503 -0.9905413389205933 0.1372016966342926 
vn 0.0018859885167330503 -0.9905413389205933 0.1372016966342926 
vn 0.0018859885167330503 -0.9905413389205933 0.1372016966342926 
vn 0.0018859885167330503 -0.9905413389205933 0.1372016966342926 
vn 0.0018859885167330503 -0.9905413389205933 0.1372016966342926 
vn 0.997078001499176 0 0.0763898640871048 
vn 0.997078001499176 0 0.0763898640871048 
vn 0.997078001499176 0 0.0763898640871048 
vn 0.997078001499176 0 0.0763898640871048 
vn 0.997078001499176 0 0.0763898640871048 
vn 0.997078001499176 0 0.0763898640871048 
vn 0.0018859885167330503 0.9905413389205933 0.1372016966342926 
vn 0.0018859885167330503 0.9905413389205933 0.1372016966342926 
vn 0.0018859885167330503 0.9905413389205933 0.1372016966342926 
vn 0.0018859885167330503 0.9905413389205933 0.1372016966342926 
vn 0.0018859885167330503 0.9905413389205933 0.1372016966342926 
vn -0.999997615814209 -2.0682260971124217e-13 0.002184694167226553 
vn -0.999997615814209 -2.0682260971124217e-13 0.002184694167226553 
vn -0.999997615814209 -2.0682260971124217e-13 0.002184694167226553 
vn -0.999997615814209 -2.0682260971124217e-13 0.002184694167226553 
vn -0.999997615814209 -2.0682260971124217e-13 0.002184694167226553 
vn -0.999997615814209 -2.0682260971124217e-13 0.002184694167226553 
vn 0 0 1 
vn 0 0 1 
vn 0 0 1 
vn 0 0 1 
vn 0 0 1 
vn 0 0 1 
vn 0.0018859885167330503 -0.9905413389205933 0.1372016966342926 
vn 0.0018859885167330503 -0.9905413389205933 0.1372016966342926 
vn 0.0018859885167330503 -0.9905413389205933 0.1372016966342926 
vn 0.0018859885167330503 -0.9905413389205933 0.1372016966342926 
vn 0.0018859885167330503 -0.9905413389205933 0.1372016966342926 
vn -0.997078001499176 -2.0621877686380352e-13 0.0763898640871048 
vn -0.997078001499176 -2.0621877686380352e-13 0.0763898640871048 
vn -0.997078001499176 -2.0621877686380352e-13 0.0763898640871048 
vn -0.997078001499176 -2.0621877686380352e-13 0.0763898640871048 
vn -0.997078001499176 -2.0621877686380352e-13 0.0763898640871048 
vn -0.997078001499176 -2.0621877686380352e-13 0.0763898640871048 
vn 0.0018859885167330503 0.9905413389205933 0.1372016966342926 
vn 0.0018859885167330503 0.9905413389205933 0.1372016966342926 
vn 0.0018859885167330503 0.9905413389205933 0.1372016966342926 
vn 0.0018859885167330503 0.9905413389205933 0.1372016966342926 
vn 0.0018859885167330503 0.9905413389205933 0.1372016966342926 
vn 0.0018859885167330503 0.9905413389205933 0.1372016966342926 
vn 0.999997615814209 0 0.002184694167226553 
vn 0.999997615814209 0 0.002184694167226553 
vn 0.999997615814209 0 0.002184694167226553 
vn 0.999997615814209 0 0.002184694167226553 
vn 0.999997615814209 0 0.002184694167226553 
vn 0.999997615814209 0 0.002184694167226553 
vn 0 0 1 
vn 0 0 1 
vn 0 0 1 
vn 0 0 1 
vn 0 0 1 
vn 0 0 1 
vn 0.17818838357925415 0 -0.9839963912963867 
vn 0.1276427060365677 0.6804106831550598 -0.7216291427612305 
vn 0.13936540484428406 0 -0.9902410507202148 
vn 0.09796750545501709 0.7103527188301086 -0.6969945430755615 
vn 0.06985333561897278 0 -0.9975572824478149 
vn 0.05097619816660881 0.7091283798217773 -0.7032341957092285 
vn 2.0682311115474694e-13 4.2775797696334704e-26 -1 
vn 0.007545328699052334 0.9991101026535034 -0.04149730131030083 
vn -1.0340538240125388e-13 0.9999403357505798 0.010923261754214764 
vn -0.12558718025684357 0.7242932915687561 0.677958071231842 
vn -0.10141994804143906 0.7005757093429565 0.7063339352607727 
vn -0.17818838357925415 -3.685347518692442e-14 0.9839963912963867 
vn -1.0340933296291988e-13 0.9999785423278809 0.006554040592163801 
vn -0.001889626495540142 0.7109557390213013 -0.7032341957092285 
vn -0.04720596596598625 0.709389328956604 -0.7032341957092285 
vn -0.06985333561897278 -1.4447283633637308e-14 -0.9975572824478149 
vn -0.09796750545501709 0.7103527188301086 -0.6969945430755615 
vn -0.14364074170589447 -0.0037929879035800695 -0.9896226525306702 
vn -0.13505709171295166 0.6789778470993042 -0.7216291427612305 
vn -0.1824466437101364 -0.0037963956128805876 -0.983208417892456 
vn -0.009441155940294266 0.9989031553268433 -0.04586252197623253 
vn -1.0340538240125388e-13 0.9999403357505798 0.010923261754214764 
vn 0.12187358736991882 0.7249273657798767 0.677958071231842 
vn 0.10141994804143906 0.7005757093429565 0.7063339352607727 
vn 0.1824861317873001 0 0.983208417892456 
vn -1.0340933296291988e-13 0.9999785423278809 0.006554040592163801 
vn -1.0340933296291988e-13 0.9999785423278809 0.006554040592163801 
vn -0.0471145361661911 0.7032092213630676 0.7094202041625977 
vn -0.1393151730298996 0.003741681342944503 0.9902410507202148 
vn -0.10141994804143906 -0.7005757093429565 0.7063339352607727 
vn -0.12558718025684357 -0.7242932915687561 0.677958071231842 
vn 3.0977209187522947e-13 -0.9999403357505798 0.010923261754214764 
vn 0.007545328699052334 -0.9991101026535034 -0.04149730131030083 
vn 0.09796750545501709 -0.7103527188301086 -0.6969945430755615 
vn 0.1276427060365677 -0.6804106831550598 -0.7216291427612305 
vn 0.13936540484428406 0 -0.9902410507202148 
vn 0.17818838357925415 0 -0.9839963912963867 
vn 0.06985333561897278 0 -0.9975572824478149 
vn 0.05097619816660881 -0.7091283798217773 -0.7032341957092285 
vn 3.0978390967890956e-13 -0.9999785423278809 0.006554040592163801 
vn -0.0471145361661911 -0.7032092213630676 0.7094202041625977 
vn -0.06975433230400085 -0.003717746352776885 0.9975572824478149 
vn 0.0018840922275558114 0.7016767859458923 0.7124928832054138 
vn 0 0 1 
vn 0.0018840922275558114 -0.7016767859458923 0.7124928832054138 
vn 3.0978390967890956e-13 -0.9999785423278809 0.006554040592163801 
vn -0.001889626495540142 -0.7109557390213013 -0.7032341957092285 
vn 2.0682311115474694e-13 4.2775797696334704e-26 -1 
vn -0.06985333561897278 -1.4447283633637308e-14 -0.9975572824478149 
vn -0.04720596596598625 -0.709389328956604 -0.7032341957092285 
vn 3.0978390967890956e-13 -0.9999785423278809 0.006554040592163801 
vn 0.05087738111615181 -0.7029470205307007 0.7094202041625977 
vn 0.06985333561897278 0 0.9975572824478149 
vn 0.05087738111615181 0.7029470205307007 0.7094202041625977 
vn 0.13936540484428406 0 0.9902410507202148 
vn 0.10141994804143906 -0.7005757093429565 0.7063339352607727 
vn 0.12187358736991882 -0.7249273657798767 0.677958071231842 
vn 3.0977209187522947e-13 -0.9999403357505798 0.010923261754214764 
vn -0.09796750545501709 -0.7103527188301086 -0.6969945430755615 
vn -0.14364074170589447 -0.0037929879035800695 -0.9896226525306702 
vn -0.13505709171295166 -0.6789778470993042 -0.7216291427612305 
vn -0.1824466437101364 -0.0037963956128805876 -0.983208417892456 
vn -0.009441155940294266 -0.9989031553268433 -0.04586252197623253 
vn -0.8623530268669128 -0.0037784927990287542 -0.5062933564186096 
vn -0.8623530268669128 -0.0037784927990287542 -0.5062933564186096 
vn -0.8601686954498291 0.36038023233413696 -0.36088213324546814 
vn -0.8601686954498291 0.36038023233413696 -0.36088213324546814 
vn -0.8596616387367249 0.5108591318130493 -0.002184694167226553 
vn -0.8596616387367249 0.5108591318130493 -0.002184694167226553 
vn -0.8618009090423584 0.35645943880081177 0.36088213324546814 
vn -0.8618009090423584 0.35645943880081177 0.36088213324546814 
vn -0.8623613119125366 -1.7835624470385891e-13 0.5062933564186096 
vn -0.8623613119125366 -1.7835624470385891e-13 0.5062933564186096 
vn -0.8618009090423584 -0.35645943880081177 0.36088213324546814 
vn -0.8618009090423584 -0.35645943880081177 0.36088213324546814 
vn -0.8596616387367249 -0.5108591318130493 0.002184694167226553 
vn -0.8596616387367249 -0.5108591318130493 0.002184694167226553 
vn -0.8601686954498291 -0.36038023233413696 -0.36088213324546814 
vn -0.8601686954498291 -0.36038023233413696 -0.36088213324546814 
vn -0.8623530268669128 -0.0037784927990287542 -0.5062933564186096 
vn -0.8623530268669128 -0.0037784927990287542 -0.5062933564186096 
vn 0.8623613119125366 0 -0.5062933564186096 
vn 0.8601686954498291 0.36038023233413696 -0.36088213324546814 
vn 0.8601686954498291 0.36038023233413696 -0.36088213324546814 
vn 0.8596616387367249 0.5108591318130493 0.002184694167226553 
vn 0.8596616387367249 0.5108591318130493 0.002184694167226553 
vn 0.8603525757789612 0.3599409759044647 0.36088213324546814 
vn 0.8603525757789612 0.3599409759044647 0.36088213324546814 
vn 0.8623613119125366 0 0.5062933564186096 
vn 0.8623613119125366 0 0.5062933564186096 
vn 0.8603525757789612 -0.3599409759044647 0.36088213324546814 
vn 0.8603525757789612 -0.3599409759044647 0.36088213324546814 
vn 0.8596616387367249 -0.5108591318130493 0.002184694167226553 
vn 0.8596616387367249 -0.5108591318130493 0.002184694167226553 
vn 0.8601686954498291 -0.36038023233413696 -0.36088213324546814 
vn 0.8601686954498291 -0.36038023233413696 -0.36088213324546814 
vn 0.8623613119125366 0 -0.5062933564186096 
vn 0.8623613119125366 0 -0.5062933564186096 
vn 0.8623613119125366 0 -0.5062933564186096 
vt 0.5704770684242249 0.10919976234436035 
vt 0.5646540522575378 0.1038452535867691 
vt 0.5755162239074707 0.08370925486087799 
vt 0.560734748840332 0.08016472309827805 
vt 0.5891779065132141 0.09290997684001923 
vt 0.5743964314460754 0.11523301899433136 
vt 0.5986962914466858 0.10754062235355377 
vt 0.5743964314460754 0.12209584563970566 
vt 0.6011598706245422 0.1260174661874771 
vt 0.5714849233627319 0.1282799392938614 
vt 0.59477698802948 0.14449431002140045 
vt 0.5653259754180908 0.13205072283744812 
vt 0.5798835158348083 0.15859705209732056 
vt 0.5575992465019226 0.13438861072063446 
vt 0.559726893901825 0.16500738263130188 
vt 0.5499845743179321 0.1322769671678543 
vt 0.5381145477294922 0.16183991730213165 
vt 0.543265700340271 0.1264699548482895 
vt 0.5196377038955688 0.1492455005645752 
vt 0.5403541922569275 0.11704299598932266 
vt 0.5078796744346619 0.1300899088382721 
vt 0.5457292795181274 0.10671104490756989 
vt 0.503400444984436 0.10814394801855087 
vt 0.5479689240455627 0.07963681221008301 
vt 0.5561435222625732 0.10218610614538193 
vt 0.6094464659690857 0.2748880684375763 
vt 0.6094464659690857 0.21101096272468567 
vt 0.5581591725349426 0.2748880684375763 
vt 0.5581591725349426 0.21101096272468567 
vt 0.38559645414352417 0.27496346831321716 
vt 0.38559645414352417 0.21101096272468567 
vt 0.6096704602241516 0.41840413212776184 
vt 0.6094464659690857 0.33084651827812195 
vt 0.5582711696624756 0.4184795618057251 
vt 0.5582711696624756 0.33084651827812195 
vt 0.38559645414352417 0.4186303913593292 
vt 0.38559645414352417 0.3309219181537628 
vt 0.38559645414352417 0.27496346831321716 
vt 0.5581591725349426 0.2748880684375763 
vt 0.6094464659690857 0.2748880684375763 
vt 0.38559645414352417 0.4186303913593292 
vt 0.29791533946990967 0.41832873225212097 
vt 0.38537248969078064 0.4826582968235016 
vt 0.29769137501716614 0.48228123784065247 
vt 0.24170087277889252 0.4820549786090851 
vt 0.24203680455684662 0.4181024730205536 
vt 0.4400192201137543 0.5005318522453308 
vt 0.4400192201137543 0.4920852780342102 
vt 0.40060189366340637 0.5005318522453308 
vt 0.40060189366340637 0.4920852780342102 
vt 0.6097823977470398 0.48228123784065247 
vt 0.6974635124206543 0.4820549786090851 
vt 0.6096704602241516 0.41840413212776184 
vt 0.6972395777702332 0.4181024730205536 
vt 0.753230094909668 0.41795164346694946 
vt 0.7534540295600891 0.48190414905548096 
vt 0.6097823977470398 0.48228123784065247 
vt 0.5578232407569885 0.4824320673942566 
vt 0.6059750318527222 0.4855995178222656 
vt 0.3888438940048218 0.48597660660743713 
vt 0.38537248969078064 0.4826582968235016 
vt 0.38268494606018066 0.571347177028656 
vt 0.3867162764072418 0.5709701180458069 
vt 0.3913074731826782 0.62481689453125 
vt 0.38761210441589355 0.627984344959259 
vt 0.5609586834907532 0.6305484771728516 
vt 0.5582711696624756 0.6270793676376343 
vt 0.6089985370635986 0.6235348582267761 
vt 0.6128059029579163 0.6267023086547852 
vt 0.6152694821357727 0.5702913403511047 
vt 0.611126184463501 0.5699142813682556 
vt 0.604743242263794 0.4876357614994049 
vt 0.6059750318527222 0.4855995178222656 
vt 0.39029964804649353 0.4876357614994049 
vt 0.3888438940048218 0.48597660660743713 
vt 0.6059750318527222 0.4855995178222656 
vt 0.604743242263794 0.4876357614994049 
vt 0.611126184463501 0.5699142813682556 
vt 0.606311023235321 0.5696126222610474 
vt 0.6089985370635986 0.6235348582267761 
vt 0.6070948839187622 0.6215740442276001 
vt 0.6089985370635986 0.6235348582267761 
vt 0.6070948839187622 0.6215740442276001 
vt 0.5582711696624756 0.6270793676376343 
vt 0.5580471754074097 0.622403621673584 
vt 0.3913074731826782 0.62481689453125 
vt 0.3929871916770935 0.6231577396392822 
vt 0.3913074731826782 0.62481689453125 
vt 0.3929871916770935 0.6231577396392822 
vt 0.3867162764072418 0.5709701180458069 
vt 0.39153143763542175 0.5706684589385986 
vt 0.3888438940048218 0.48597660660743713 
vt 0.39029964804649353 0.4876357614994049 
vt 0.5686854124069214 0.6006084680557251 
vt 0.5955608487129211 0.6005330681800842 
vt 0.5685734152793884 0.5748162865638733 
vt 0.5954488515853882 0.5748162865638733 
vt 0.39993003010749817 0.501285970211029 
vt 0.3998180329799652 0.4912557005882263 
vt 0.39153143763542175 0.5706684589385986 
vt 0.39029964804649353 0.4876357614994049 
vt 0.44069111347198486 0.4913311302661896 
vt 0.604743242263794 0.4876357614994049 
vt 0.44080308079719543 0.501285970211029 
vt 0.606311023235321 0.5696126222610474 
vt 0.5572633147239685 0.5692355632781982 
vt 0.5965686440467834 0.5735342502593994 
vt 0.5969045758247375 0.6018151044845581 
vt 0.6070948839187622 0.6215740442276001 
vt 0.5674536228179932 0.601890504360199 
vt 0.5580471754074097 0.622403621673584 
vt 0.5673416256904602 0.5735342502593994 
vt 0.5536799430847168 0.5860532522201538 
vt 0.5540158748626709 0.6058875918388367 
vt 0.5588310360908508 0.622856080532074 
vt 0.5532320141792297 0.6120716333389282 
vt 0.5511043667793274 0.6168228387832642 
vt 0.5471850633621216 0.6201411485671997 
vt 0.5415859818458557 0.6211969256401062 
vt 0.3920913636684418 0.623610258102417 
vt 0.4090004861354828 0.6214231848716736 
vt 0.40328943729400635 0.6207444667816162 
vt 0.39937010407447815 0.6172753572463989 
vt 0.39701852202415466 0.6126749515533447 
vt 0.3962346613407135 0.6066417098045349 
vt 0.3929871916770935 0.6231577396392822 
vt 0.39578673243522644 0.586807370185852 
vt 0.3910835087299347 0.5699142813682556 
vt 0.39645859599113464 0.5806987285614014 
vt 0.39869824051856995 0.5760983824729919 
vt 0.4025055766105652 0.5724784135818481 
vt 0.4082166254520416 0.5715734362602234 
vt 0.5408021211624146 0.5712717771530151 
vt 0.5579352378845215 0.5689338445663452 
vt 0.5465131402015686 0.572101354598999 
vt 0.5504325032234192 0.5752688050270081 
vt 0.5527840852737427 0.5799445509910583 
vt 0.4400192201137543 0.4920852780342102 
vt 0.40060189366340637 0.4920852780342102 
vt 0.44069111347198486 0.4913311302661896 
vt 0.3998180329799652 0.4912557005882263 
vt 0.44080308079719543 0.501285970211029 
vt 0.4400192201137543 0.5005318522453308 
vt 0.44069111347198486 0.4913311302661896 
vt 0.4400192201137543 0.4920852780342102 
vt 0.3998180329799652 0.4912557005882263 
vt 0.40060189366340637 0.4920852780342102 
vt 0.39993003010749817 0.501285970211029 
vt 0.40060189366340637 0.5005318522453308 
vt 0.4448344111442566 0.08846044540405273 
vt 0.46689465641975403 0.08393550664186478 
vt 0.4657748341560364 0.10037612915039062 
vt 0.4793245494365692 0.1046748235821724 
vt 0.45211315155029297 0.10331734269857407 
vt 0.4275893270969391 0.10346817225217819 
vt 0.441474974155426 0.11266888678073883 
vt 0.4206465184688568 0.12541413307189941 
vt 0.43721967935562134 0.12631912529468536 
vt 0.4255736768245697 0.14758636057376862 
vt 0.4402431845664978 0.14012020826339722 
vt 0.4409150779247284 0.164177805185318 
vt 0.4497615694999695 0.1504521518945694 
vt 0.46219146251678467 0.17088980972766876 
vt 0.46319928765296936 0.1546754390001297 
vt 0.48380377888679504 0.1663648635149002 
vt 0.47663700580596924 0.1516588032245636 
vt 0.5008249282836914 0.15150797367095947 
vt 0.48727521300315857 0.14245808124542236 
vt 0.5078796744346619 0.1300899088382721 
vt 0.49153047800064087 0.12895867228507996 
vt 0.503400444984436 0.10814394801855087 
vt 0.48861896991729736 0.11530843377113342 
vt 0.4885070025920868 0.09102457761764526 
vt 0.45211315155029297 0.10331734269857407 
vt 0.4654389023780823 0.1076914519071579 
vt 0.4657748341560364 0.10037612915039062 
vt 0.4751812517642975 0.11108515411615372 
vt 0.45536062121391296 0.10965225845575333 
vt 0.441474974155426 0.11266888678073883 
vt 0.44796988368034363 0.11681675165891647 
vt 0.43721967935562134 0.12631912529468536 
vt 0.44461044669151306 0.12654536962509155 
vt 0.4402431845664978 0.14012020826339722 
vt 0.446738064289093 0.13657566905021667 
vt 0.4497615694999695 0.1504521518945694 
vt 0.4535689055919647 0.1441926509141922 
vt 0.46319928765296936 0.1546754390001297 
vt 0.4634232521057129 0.1474355310201645 
vt 0.47663700580596924 0.1516588032245636 
vt 0.47338956594467163 0.1453993022441864 
vt 0.48727521300315857 0.14245808124542236 
vt 0.48078030347824097 0.13831022381782532 
vt 0.49153047800064087 0.12895867228507996 
vt 0.4842517077922821 0.1286570131778717 
vt 0.48861896991729736 0.11530843377113342 
vt 0.4822360575199127 0.11855131387710571 
vt 0.4793245494365692 0.1046748235821724 
vt 0.4654389023780823 0.1076914519071579 
vt 0.45536062121391296 0.10965225845575333 
vt 0.4644310772418976 0.12760119140148163 
vt 0.44796988368034363 0.11681675165891647 
vt 0.44461044669151306 0.12654536962509155 
vt 0.446738064289093 0.13657566905021667 
vt 0.4535689055919647 0.1441926509141922 
vt 0.4634232521057129 0.1474355310201645 
vt 0.47338956594467163 0.1453993022441864 
vt 0.48078030347824097 0.13831022381782532 
vt 0.4842517077922821 0.1286570131778717 
vt 0.4822360575199127 0.11855131387710571 
vt 0.4751812517642975 0.11108515411615372 
vt 0.11057111620903015 0.6158424615859985 
vt 0.09825320541858673 0.6179540753364563 
vt 0.11930563300848007 0.6112420558929443 
vt 0.054916560649871826 0.6179540753364563 
vt 0.04271062836050987 0.6158424615859985 
vt 0.03397611156105995 0.6112420558929443 
vt 0.02860102429986 0.6037005186080933 
vt 0.12468072026968002 0.6037005186080933 
vt 0.026361403986811638 0.592312753200531 
vt 0.12680836021900177 0.592312753200531 
vt 0.026361403986811638 0.29457154870033264 
vt 0.12680836021900177 0.29457154870033264 
vt 0.02860102429986 0.2831837832927704 
vt 0.12468072026968002 0.2831837832927704 
vt 0.03397611156105995 0.2756422162055969 
vt 0.11930563300848007 0.2756422162055969 
vt 0.11057111620903015 0.2710418701171875 
vt 0.09825320541858673 0.26893022656440735 
vt 0.054916560649871826 0.26893022656440735 
vt 0.04271062836050987 0.2710418701171875 
vt 0.40060189366340637 0.5005318522453308 
vt 0.4400192201137543 0.5005318522453308 
vt 0.39993003010749817 0.501285970211029 
vt 0.44080308079719543 0.501285970211029 
vt 0.5674536228179932 0.601890504360199 
vt 0.5686854124069214 0.6006084680557251 
vt 0.5969045758247375 0.6018151044845581 
vt 0.5955608487129211 0.6005330681800842 
vt 0.5673416256904602 0.5735342502593994 
vt 0.5685734152793884 0.5748162865638733 
vt 0.5674536228179932 0.601890504360199 
vt 0.5686854124069214 0.6006084680557251 
vt 0.5965686440467834 0.5735342502593994 
vt 0.5954488515853882 0.5748162865638733 
vt 0.5673416256904602 0.5735342502593994 
vt 0.5685734152793884 0.5748162865638733 
vt 0.5969045758247375 0.6018151044845581 
vt 0.5955608487129211 0.6005330681800842 
vt 0.5965686440467834 0.5735342502593994 
vt 0.5954488515853882 0.5748162865638733 
vt 0.38559645414352417 0.4186303913593292 
vt 0.5582711696624756 0.4184795618057251 
vt 0.38537248969078064 0.4826582968235016 
vt 0.5578232407569885 0.4824320673942566 
vt 0.6096704602241516 0.41840413212776184 
vt 0.6097823977470398 0.48228123784065247 
vt 0.09825320541858673 0.6179540753364563 
vt 0.054916560649871826 0.6179540753364563 
vt 0.0540207102894783 0.6273056268692017 
vt 0.03946318104863167 0.6244398355484009 
vt 0.09926103800535202 0.6273056268692017 
vt 0.11057111620903015 0.6158424615859985 
vt 0.11370658129453659 0.6244398355484009 
vt 0.11930563300848007 0.6112420558929443 
vt 0.1251286417245865 0.6181049346923828 
vt 0.12468072026968002 0.6037005186080933 
vt 0.1328553408384323 0.6076975464820862 
vt 0.12680836021900177 0.592312753200531 
vt 0.13632674515247345 0.593519389629364 
vt 0.12680836021900177 0.29457154870033264 
vt 0.13632674515247345 0.29336491227149963 
vt 0.12468072026968002 0.2831837832927704 
vt 0.1328553408384323 0.2791113257408142 
vt 0.11930563300848007 0.2756422162055969 
vt 0.1251286417245865 0.2687793970108032 
vt 0.11057111620903015 0.2710418701171875 
vt 0.11370658129453659 0.26244446635246277 
vt 0.09825320541858673 0.26893022656440735 
vt 0.09926103800535202 0.25950324535369873 
vt 0.054916560649871826 0.26893022656440735 
vt 0.0540207102894783 0.25950324535369873 
vt 0.04271062836050987 0.2710418701171875 
vt 0.03946318104863167 0.26244446635246277 
vt 0.03397611156105995 0.2756422162055969 
vt 0.02815309911966324 0.2687793970108032 
vt 0.02860102429986 0.2831837832927704 
vt 0.02042641118168831 0.2791113257408142 
vt 0.026361403986811638 0.29457154870033264 
vt 0.016954999417066574 0.29336491227149963 
vt 0.026361403986811638 0.592312753200531 
vt 0.016954999417066574 0.593519389629364 
vt 0.02860102429986 0.6037005186080933 
vt 0.02042641118168831 0.6076975464820862 
vt 0.03397611156105995 0.6112420558929443 
vt 0.02815309911966324 0.6181049346923828 
vt 0.04271062836050987 0.6158424615859985 
vt 0.23475804924964905 0.6163703203201294 
vt 0.23475804924964905 0.6092058420181274 
vt 0.370479017496109 0.6165211796760559 
vt 0.370479017496109 0.609356701374054 
vt 0.370479017496109 0.6165211796760559 
vt 0.370479017496109 0.6271547675132751 
vt 0.23475804924964905 0.6163703203201294 
vt 0.23475804924964905 0.6270039677619934 
vt 0.23475804924964905 0.6092058420181274 
vt 0.23475804924964905 0.5985722541809082 
vt 0.370479017496109 0.609356701374054 
vt 0.370479017496109 0.5987230539321899 
vt 0.7341933250427246 0.33107274770736694 
vt 0.7369928359985352 0.30927762389183044 
vt 0.7422559261322021 0.3277544677257538 
vt 0.747295081615448 0.3101826012134552 
vt 0.7489748001098633 0.3295644521713257 
vt 0.759501039981842 0.31410422921180725 
vt 0.753230094909668 0.33424022793769836 
vt 0.770027220249176 0.3230786919593811 
vt 0.7551337480545044 0.33974555134773254 
vt 0.775962233543396 0.3364272713661194 
vt 0.7537899613380432 0.3456279933452606 
vt 0.775402307510376 0.35166123509407043 
vt 0.7513263821601868 0.35083165764808655 
vt 0.7682355046272278 0.3654623031616211 
vt 0.7465112209320068 0.3536974787712097 
vt 0.7552457451820374 0.3748892843723297 
vt 0.740912139415741 0.3541499674320221 
vt 0.7392324209213257 0.3773025870323181 
vt 0.7357610464096069 0.3513595759868622 
vt 0.7236670851707458 0.37217432260513306 
vt 0.7312818169593811 0.34638214111328125 
vt 0.7116851210594177 0.3610127866268158 
vt 0.7299380302429199 0.33914223313331604 
vt 0.7049662470817566 0.346080482006073 
vt 0.7031745910644531 0.33009234070777893 
vt 0.6937681436538696 0.3168945908546448 
vt 0.7031745910644531 0.33009234070777893 
vt 0.6922004222869873 0.3343910574913025 
vt 0.6932082772254944 0.34434592723846436 
vt 0.6864894032478333 0.326095312833786 
vt 0.678874671459198 0.3103334307670593 
vt 0.6771949529647827 0.32194745540618896 
vt 0.6630853414535522 0.31206798553466797 
vt 0.6671167016029358 0.322927862405777 
vt 0.650319516658783 0.32119330763816833 
vt 0.6591660380363464 0.3287348747253418 
vt 0.6433767080307007 0.3355976939201355 
vt 0.6547988057136536 0.3377847373485565 
vt 0.6447204947471619 0.35166123509407043 
vt 0.6558066010475159 0.34781503677368164 
vt 0.6537909507751465 0.36470815539360046 
vt 0.6615176200866699 0.3559599220752716 
vt 0.6681244969367981 0.3719480633735657 
vt 0.6704761385917664 0.36025863885879517 
vt 0.684697687625885 0.37081682682037354 
vt 0.6806663870811462 0.3595798909664154 
vt 0.6983593702316284 0.3611636161804199 
vt 0.6890649795532227 0.3535466194152832 
vt 0.7049662470817566 0.346080482006073 
vt 0.6864894032478333 0.326095312833786 
vt 0.6874971985816956 0.336201012134552 
vt 0.6922004222869873 0.3343910574913025 
vt 0.6880571246147156 0.34351634979248047 
vt 0.6830179691314697 0.3303185999393463 
vt 0.6771949529647827 0.32194745540618896 
vt 0.6764110922813416 0.3271511495113373 
vt 0.6671167016029358 0.322927862405777 
vt 0.6690203547477722 0.3277544677257538 
vt 0.6591660380363464 0.3287348747253418 
vt 0.6629734039306641 0.33190232515335083 
vt 0.6547988057136536 0.3377847373485565 
vt 0.6601738929748535 0.33868974447250366 
vt 0.6558066010475159 0.34781503677368164 
vt 0.6606217622756958 0.34600505232810974 
vt 0.6615176200866699 0.3559599220752716 
vt 0.6647650599479675 0.3521137237548828 
vt 0.6704761385917664 0.36025863885879517 
vt 0.6714839339256287 0.3551303744316101 
vt 0.6806663870811462 0.3595798909664154 
vt 0.6787627339363098 0.3543007969856262 
vt 0.6890649795532227 0.3535466194152832 
vt 0.6849216818809509 0.35022833943367004 
vt 0.6932082772254944 0.34434592723846436 
vt 0.6874971985816956 0.336201012134552 
vt 0.6830179691314697 0.3303185999393463 
vt 0.6739475131034851 0.34110304713249207 
vt 0.6764110922813416 0.3271511495113373 
vt 0.6690203547477722 0.3277544677257538 
vt 0.6629734039306641 0.33190232515335083 
vt 0.6601738929748535 0.33868974447250366 
vt 0.6606217622756958 0.34600505232810974 
vt 0.6647650599479675 0.3521137237548828 
vt 0.6714839339256287 0.3551303744316101 
vt 0.6787627339363098 0.3543007969856262 
vt 0.6849216818809509 0.35022833943367004 
vt 0.6880571246147156 0.34351634979248047 
vt 0.3261345326900482 0.3436671793460846 
vt 0.3271423578262329 0.3876345157623291 
vt 0.31168898940086365 0.34434592723846436 
vt 0.3147124648094177 0.38816243410110474 
vt 0.3584970533847809 0.32926276326179504 
vt 0.3600647747516632 0.3436671793460846 
vt 0.350322425365448 0.3447229862213135 
vt 0.350322425365448 0.3447229862213135 
vt 0.3584970533847809 0.32926276326179504 
vt 0.3487547039985657 0.3303185999393463 
vt 0.3271423578262329 0.3876345157623291 
vt 0.3261345326900482 0.3436671793460846 
vt 0.3358768820762634 0.3447229862213135 
vt 0.3358768820762634 0.3447229862213135 
vt 0.3271423578262329 0.3876345157623291 
vt 0.3368847072124481 0.3886149227619171 
vt 0.36028873920440674 0.3999272882938385 
vt 0.35054638981819153 0.4009830951690674 
vt 0.3590569496154785 0.3876345157623291 
vt 0.3493146002292633 0.3886149227619171 
vt 0.3590569496154785 0.3876345157623291 
vt 0.3493146002292633 0.3886149227619171 
vt 0.3600647747516632 0.3436671793460846 
vt 0.350322425365448 0.3447229862213135 
vt 0.3493146002292633 0.3886149227619171 
vt 0.3368847072124481 0.3886149227619171 
vt 0.3358768820762634 0.3447229862213135 
vt 0.3358768820762634 0.3447229862213135 
vt 0.3493146002292633 0.3886149227619171 
vt 0.350322425365448 0.3447229862213135 
vt 0.4113520681858063 0.053467560559511185 
vt 0.4096723794937134 0.05474963039159775 
vt 0.4074327349662781 0.048565540462732315 
vt 0.40586501359939575 0.04954594746232033 
vt 0.4053051173686981 0.04358810558915138 
vt 0.40362539887428284 0.04419143125414848 
vt 0.4042972922325134 0.03868608549237251 
vt 0.4025055766105652 0.03898774832487106 
vt 0.40384936332702637 0.03378406539559364 
vt 0.4020576477050781 0.033859480172395706 
vt 0.40418529510498047 0.028580380603671074 
vt 0.40228161215782166 0.028278717771172523 
vt 0.4057530462741852 0.02330128289759159 
vt 0.40396133065223694 0.022622540593147278 
vt 0.40844058990478516 0.018550092354416847 
vt 0.4067608714103699 0.017418857663869858 
vt 0.41269585490226746 0.014402229338884354 
vt 0.41112813353538513 0.012818500399589539 
vt 0.4131437838077545 0.050300102680921555 
vt 0.4113520681858063 0.053467560559511185 
vt 0.4103442430496216 0.04690639674663544 
vt 0.4074327349662781 0.048565540462732315 
vt 0.4083285927772522 0.042758531868457794 
vt 0.4053051173686981 0.04358810558915138 
vt 0.407096803188324 0.03823358938097954 
vt 0.4042972922325134 0.03868608549237251 
vt 0.407096803188324 0.03363323211669922 
vt 0.40384936332702637 0.03378406539559364 
vt 0.4076566994190216 0.029259122908115387 
vt 0.40418529510498047 0.028580380603671074 
vt 0.40877652168273926 0.024809597060084343 
vt 0.4057530462741852 0.02330128289759159 
vt 0.41079217195510864 0.020510900765657425 
vt 0.40844058990478516 0.018550092354416847 
vt 0.4138156771659851 0.01719261147081852 
vt 0.41269585490226746 0.014402229338884354 
vt 0.4141516089439392 0.049470528960227966 
vt 0.4131437838077545 0.050300102680921555 
vt 0.4115760326385498 0.04615223780274391 
vt 0.4103442430496216 0.04690639674663544 
vt 0.40978434681892395 0.04215520620346069 
vt 0.4083285927772522 0.042758531868457794 
vt 0.4086645245552063 0.03800734505057335 
vt 0.407096803188324 0.03823358938097954 
vt 0.4085525572299957 0.03363323211669922 
vt 0.407096803188324 0.03363323211669922 
vt 0.4092244505882263 0.029560785740613937 
vt 0.4076566994190216 0.029259122908115387 
vt 0.410232275724411 0.02533750608563423 
vt 0.40877652168273926 0.024809597060084343 
vt 0.4121359586715698 0.021415889263153076 
vt 0.41079217195510864 0.020510900765657425 
vt 0.41504746675491333 0.018173014745116234 
vt 0.4138156771659851 0.01719261147081852 
vt 0.41560736298561096 0.0475851371884346 
vt 0.4141516089439392 0.049470528960227966 
vt 0.41437557339668274 0.04464392364025116 
vt 0.4115760326385498 0.04615223780274391 
vt 0.41303178668022156 0.041325636208057404 
vt 0.40978434681892395 0.04215520620346069 
vt 0.4121359586715698 0.03778109699487686 
vt 0.4086645245552063 0.03800734505057335 
vt 0.4119119942188263 0.03401031345129013 
vt 0.4085525572299957 0.03363323211669922 
vt 0.4121359586715698 0.0302395261824131 
vt 0.4092244505882263 0.029560785740613937 
vt 0.4135917127132416 0.02669498883187771 
vt 0.410232275724411 0.02533750608563423 
vt 0.41459953784942627 0.023150451481342316 
vt 0.4121359586715698 0.021415889263153076 
vt 0.4161672592163086 0.02013382315635681 
vt 0.41504746675491333 0.018173014745116234 
vt 0.5636462569236755 0.04728347435593605 
vt 0.41560736298561096 0.0475851371884346 
vt 0.5630863308906555 0.0445685088634491 
vt 0.41437557339668274 0.04464392364025116 
vt 0.5629743337631226 0.04185354337096214 
vt 0.41303178668022156 0.041325636208057404 
vt 0.5629743337631226 0.039289411157369614 
vt 0.4121359586715698 0.03778109699487686 
vt 0.5630863308906555 0.03664986044168472 
vt 0.4119119942188263 0.03401031345129013 
vt 0.5630863308906555 0.03401031345129013 
vt 0.4121359586715698 0.0302395261824131 
vt 0.5631983280181885 0.03137076273560524 
vt 0.4135917127132416 0.02669498883187771 
vt 0.5634222626686096 0.028580380603671074 
vt 0.41459953784942627 0.023150451481342316 
vt 0.5639821887016296 0.025790000334382057 
vt 0.4161672592163086 0.02013382315635681 
vt 0.5640941858291626 0.0469818115234375 
vt 0.5636462569236755 0.04728347435593605 
vt 0.5636462569236755 0.044493094086647034 
vt 0.5630863308906555 0.0445685088634491 
vt 0.5634222626686096 0.04185354337096214 
vt 0.5629743337631226 0.04185354337096214 
vt 0.5634222626686096 0.039289411157369614 
vt 0.5629743337631226 0.039289411157369614 
vt 0.5635342597961426 0.036725275218486786 
vt 0.5630863308906555 0.03664986044168472 
vt 0.5635342597961426 0.03401031345129013 
vt 0.5630863308906555 0.03401031345129013 
vt 0.5637581944465637 0.03137076273560524 
vt 0.5631983280181885 0.03137076273560524 
vt 0.5638701915740967 0.028655797243118286 
vt 0.5634222626686096 0.028580380603671074 
vt 0.5644301176071167 0.026091663166880608 
vt 0.5639821887016296 0.025790000334382057 
vt 0.6941041350364685 0.04645390063524246 
vt 0.5640941858291626 0.0469818115234375 
vt 0.6934322118759155 0.043965183198451996 
vt 0.5636462569236755 0.044493094086647034 
vt 0.6933202147483826 0.04185354337096214 
vt 0.5634222626686096 0.04185354337096214 
vt 0.6932082772254944 0.04004356637597084 
vt 0.5634222626686096 0.039289411157369614 
vt 0.6932082772254944 0.03823358938097954 
vt 0.5635342597961426 0.036725275218486786 
vt 0.6932082772254944 0.036197368055582047 
vt 0.5635342597961426 0.03401031345129013 
vt 0.6932082772254944 0.03416114300489426 
vt 0.5637581944465637 0.03137076273560524 
vt 0.6934322118759155 0.03220033645629883 
vt 0.5638701915740967 0.028655797243118286 
vt 0.6939921379089355 0.030013279989361763 
vt 0.5644301176071167 0.026091663166880608 
vt 0.6953359246253967 0.04554891213774681 
vt 0.6941041350364685 0.04645390063524246 
vt 0.6948879957199097 0.04373893514275551 
vt 0.6934322118759155 0.043965183198451996 
vt 0.6945520043373108 0.04185354337096214 
vt 0.6933202147483826 0.04185354337096214 
vt 0.6943280696868896 0.04004356637597084 
vt 0.6932082772254944 0.04004356637597084 
vt 0.6944400668144226 0.03823358938097954 
vt 0.6932082772254944 0.03823358938097954 
vt 0.6947759985923767 0.03627278283238411 
vt 0.6932082772254944 0.036197368055582047 
vt 0.6945520043373108 0.03431197628378868 
vt 0.6932082772254944 0.03416114300489426 
vt 0.6945520043373108 0.03250199928879738 
vt 0.6934322118759155 0.03220033645629883 
vt 0.6949999332427979 0.03076743707060814 
vt 0.6939921379089355 0.030013279989361763 
vt 0.8101164102554321 0.04177812859416008 
vt 0.6953359246253967 0.04554891213774681 
vt 0.8100044131278992 0.04004356637597084 
vt 0.6948879957199097 0.04373893514275551 
vt 0.8105643391609192 0.03838442265987396 
vt 0.6945520043373108 0.04185354337096214 
vt 0.8107883334159851 0.03657444566488266 
vt 0.6943280696868896 0.04004356637597084 
vt 0.8113481998443604 0.03476446866989136 
vt 0.6944400668144226 0.03823358938097954 
vt 0.8111242651939392 0.03280366212129593 
vt 0.6947759985923767 0.03627278283238411 
vt 0.8107883334159851 0.030842851847410202 
vt 0.6945520043373108 0.03431197628378868 
vt 0.8106763362884521 0.028882043436169624 
vt 0.6945520043373108 0.03250199928879738 
vt 0.8096684813499451 0.027222897857427597 
vt 0.6949999332427979 0.03076743707060814 
vt 0.8091086149215698 0.04290936514735222 
vt 0.8089966177940369 0.04064689204096794 
vt 0.8114601969718933 0.04147646576166153 
vt 0.8100044131278992 0.04004356637597084 
vt 0.8128039836883545 0.039591073989868164 
vt 0.8105643391609192 0.03838442265987396 
vt 0.8136998414993286 0.03740401938557625 
vt 0.8107883334159851 0.03657444566488266 
vt 0.8141477108001709 0.03514154627919197 
vt 0.8113481998443604 0.03476446866989136 
vt 0.8142597079277039 0.032954491674900055 
vt 0.8111242651939392 0.03280366212129593 
vt 0.8142597079277039 0.03046577423810959 
vt 0.8107883334159851 0.030842851847410202 
vt 0.8136998414993286 0.027524560689926147 
vt 0.8106763362884521 0.028882043436169624 
vt 0.8110122680664062 0.02443251758813858 
vt 0.8096684813499451 0.027222897857427597 
vt 0.8105643391609192 0.044794756919145584 
vt 0.8091086149215698 0.04290936514735222 
vt 0.8129159212112427 0.042833950370550156 
vt 0.8114601969718933 0.04147646576166153 
vt 0.8144837021827698 0.04042064771056175 
vt 0.8128039836883545 0.039591073989868164 
vt 0.8153795003890991 0.037856511771678925 
vt 0.8136998414993286 0.03740401938557625 
vt 0.8158274292945862 0.03536779433488846 
vt 0.8141477108001709 0.03514154627919197 
vt 0.8159394264221191 0.032954491674900055 
vt 0.8142597079277039 0.032954491674900055 
vt 0.8160514235496521 0.03046577423810959 
vt 0.8142597079277039 0.03046577423810959 
vt 0.815603494644165 0.02850496582686901 
vt 0.8159394264221191 0.02556375414133072 
vt 0.8197467923164368 0.02880662865936756 
vt 0.8199707269668579 0.025940831750631332 
vt 0.8136998414993286 0.027524560689926147 
vt 0.8132519125938416 0.022547125816345215 
vt 0.8110122680664062 0.02443251758813858 
vt 0.8206426501274109 0.016136791557073593 
vt 0.8192988634109497 0.01892717182636261 
vt 0.8166113495826721 0.015835128724575043 
vt 0.8176191449165344 0.018776340410113335 
vt 0.8134758472442627 0.018550092354416847 
vt 0.8162753582000732 0.01983216032385826 
vt 0.8132519125938416 0.022547125816345215 
vt 0.8161634206771851 0.02156672067940235 
vt 0.8159394264221191 0.02556375414133072 
vt 0.8172832131385803 0.022848788648843765 
vt 0.8199707269668579 0.025940831750631332 
vt 0.8189629316329956 0.02299962006509304 
vt 0.8229942321777344 0.02322586625814438 
vt 0.8203067183494568 0.021943800151348114 
vt 0.8233301639556885 0.01922883465886116 
vt 0.820418655872345 0.020209237933158875 
vt 0.8182910084724426 0.020887980237603188 
vt 0.8580442667007446 0.5982705950737 
vt 0.8318407535552979 0.5993263721466064 
vt 0.8350881934165955 0.5055092573165894 
vt 0.8580442667007446 0.5982705950737 
vt 0.8542369604110718 0.5047551393508911 
vt 0.8318407535552979 0.5993263721466064 
vt 0.7805534601211548 0.5904273390769958 
vt 0.8088846206665039 0.5009843111038208 
vt 0.8088846206665039 0.5009843111038208 
vt 0.8318407535552979 0.5993263721466064 
vt 0.8350881934165955 0.5055092573165894 
vt 0.9341913461685181 0.5810003876686096 
vt 0.9093315601348877 0.5890698432922363 
vt 0.8804404735565186 0.500079333782196 
vt 0.9341913461685181 0.5810003876686096 
vt 0.8986933827400208 0.4941214919090271 
vt 0.9093315601348877 0.5890698432922363 
vt 0.8580442667007446 0.5982705950737 
vt 0.8542369604110718 0.5047551393508911 
vt 0.8542369604110718 0.5047551393508911 
vt 0.9093315601348877 0.5890698432922363 
vt 0.8804404735565186 0.500079333782196 
vt 0.8088846206665039 0.5009843111038208 
vt 0.8121320605278015 0.48213040828704834 
vt 0.8383356332778931 0.48657992482185364 
vt 0.8383356332778931 0.48657992482185364 
vt 0.8088846206665039 0.5009843111038208 
vt 0.8350881934165955 0.5055092573165894 
vt 0.8316167593002319 0.46795225143432617 
vt 0.8369918465614319 0.3745121955871582 
vt 0.8561406135559082 0.3755680024623871 
vt 0.8316167593002319 0.46795225143432617 
vt 0.8578203320503235 0.4694605767726898 
vt 0.8578203320503235 0.4694605767726898 
vt 0.8561406135559082 0.3755680024623871 
vt 0.8823441863059998 0.3714955747127533 
vt 0.8823441863059998 0.3714955747127533 
vt 0.8578203320503235 0.4694605767726898 
vt 0.9092196226119995 0.4614664912223816 
vt 0.9092196226119995 0.4614664912223816 
vt 0.8823441863059998 0.3714955747127533 
vt 0.9002611041069031 0.36470815539360046 
vt 0.9002611041069031 0.36470815539360046 
vt 0.9092196226119995 0.4614664912223816 
vt 0.933743417263031 0.45211493968963623 
vt 0.7805534601211548 0.45792195200920105 
vt 0.8109002709388733 0.36938393115997314 
vt 0.8369918465614319 0.3745121955871582 
vt 0.8369918465614319 0.3745121955871582 
vt 0.7805534601211548 0.45792195200920105 
vt 0.8316167593002319 0.46795225143432617 
vt 0.814595639705658 0.35060542821884155 
vt 0.8406872153282166 0.3557336926460266 
vt 0.8369918465614319 0.3745121955871582 
vt 0.8369918465614319 0.3745121955871582 
vt 0.814595639705658 0.35060542821884155 
vt 0.8109002709388733 0.36938393115997314 
vt 0.2241198569536209 0.5877124071121216 
vt 0.2160572111606598 0.5819807648658752 
vt 0.2333022952079773 0.5409546494483948 
vt 0.22277608513832092 0.5392200946807861 
vt 0.23565389215946198 0.4963085651397705 
vt 0.22501569986343384 0.49562981724739075 
vt 0.2368856817483902 0.44902291893959045 
vt 0.20866647362709045 0.5787379145622253 
vt 0.21269778907299042 0.5370330214500427 
vt 0.20082780718803406 0.5766263008117676 
vt 0.2029554396867752 0.5352230668067932 
vt 0.19298912584781647 0.575721263885498 
vt 0.21448948979377747 0.4945739805698395 
vt 0.22602352499961853 0.44879665970802307 
vt 0.22635947167873383 0.40203893184661865 
vt 0.23710964620113373 0.40166184306144714 
vt 0.2254636287689209 0.35611075162887573 
vt 0.23598983883857727 0.3546024560928345 
vt 0.21908070147037506 0.3152354657649994 
vt 0.22781522572040558 0.3091267943382263 
vt 0.2114659994840622 0.3187045753002167 
vt 0.2153853327035904 0.35807156562805176 
vt 0.20441119372844696 0.32058995962142944 
vt 0.20553100109100342 0.3595798909664154 
vt 0.19702044129371643 0.3211178779602051 
vt 0.21583326160907745 0.4027176797389984 
vt 0.2153853327035904 0.44864583015441895 
vt 0.20407524704933167 0.4936690032482147 
vt 0.19321309030056 0.5344688892364502 
vt 0.18335875868797302 0.5349968075752258 
vt 0.18515045940876007 0.5764754414558411 
vt 0.17350444197654724 0.5365805625915527 
vt 0.1771998107433319 0.578511655330658 
vt 0.16342614591121674 0.5383905172348022 
vt 0.1693611443042755 0.5819053649902344 
vt 0.1527879536151886 0.5398234128952026 
vt 0.16051463782787323 0.5875615477561951 
vt 0.15166814625263214 0.49502649903297424 
vt 0.16241832077503204 0.49464941024780273 
vt 0.17305651307106018 0.493970662355423 
vt 0.1834707409143448 0.49336734414100647 
vt 0.19377300143241882 0.49321651458740234 
vt 0.20485912263393402 0.4484950006008148 
vt 0.19444487988948822 0.4483441710472107 
vt 0.1840306520462036 0.44819334149360657 
vt 0.17350444197654724 0.44804251194000244 
vt 0.16275426745414734 0.4478916823863983 
vt 0.15200409293174744 0.44766542315483093 
vt 0.1531239002943039 0.4003797769546509 
vt 0.1638740748167038 0.40105852484703064 
vt 0.17440028488636017 0.40203893184661865 
vt 0.18481451272964478 0.40301933884620667 
vt 0.1951167732477188 0.40347182750701904 
vt 0.20541901886463165 0.4033209979534149 
vt 0.19590063393115997 0.36010780930519104 
vt 0.18615828454494476 0.35927823185920715 
vt 0.18918177485466003 0.31998664140701294 
vt 0.17641595005989075 0.3573928475379944 
vt 0.16633765399456024 0.3551303744316101 
vt 0.1556994616985321 0.35324496030807495 
vt 0.17350444197654724 0.31387796998023987 
vt 0.16510586440563202 0.3079201281070709 
vt 0.18134310841560364 0.31757333874702454 
vt 0.2241198569536209 0.5877124071121216 
vt 0.21628117561340332 0.5923881530761719 
vt 0.2160572111606598 0.5819807648658752 
vt 0.21168996393680573 0.5886173844337463 
vt 0.20866647362709045 0.5787379145622253 
vt 0.20575496554374695 0.5865811705589294 
vt 0.20082780718803406 0.5766263008117676 
vt 0.199036106467247 0.5856761336326599 
vt 0.19298912584781647 0.575721263885498 
vt 0.19265319406986237 0.5837907791137695 
vt 0.18515045940876007 0.5764754414558411 
vt 0.1863822489976883 0.5849220156669617 
vt 0.1771998107433319 0.578511655330658 
vt 0.18011131882667542 0.5872598886489868 
vt 0.1693611443042755 0.5819053649902344 
vt 0.17350444197654724 0.5889944434165955 
vt 0.16051463782787323 0.5875615477561951 
vt 0.16902519762516022 0.5932931303977966 
vt 0.22781522572040558 0.3091267943382263 
vt 0.21908070147037506 0.3152354657649994 
vt 0.21426552534103394 0.3076938986778259 
vt 0.20877845585346222 0.3110121786594391 
vt 0.2114659994840622 0.3187045753002167 
vt 0.20317940413951874 0.31327465176582336 
vt 0.20441119372844696 0.32058995962142944 
vt 0.1971324235200882 0.31289756298065186 
vt 0.19702044129371643 0.3211178779602051 
vt 0.19086149334907532 0.3113892674446106 
vt 0.18918177485466003 0.31998664140701294 
vt 0.18459056317806244 0.3087497055530548 
vt 0.18134310841560364 0.31757333874702454 
vt 0.17809565365314484 0.3067134916782379 
vt 0.17350444197654724 0.31387796998023987 
vt 0.1732804775238037 0.3028672933578491 
vt 0.16510586440563202 0.3079201281070709 
vt 0.2193046659231186 0.3036968410015106 
s on 
f 1/1/1 2/2/2 3/3/3 
f 2/2/2 4/4/4 3/3/3 
f 3/3/3 4/4/4 4/4/4 
f 4/4/4 3/3/3 4/4/4 
f 4/4/4 3/3/3 3/3/3 
f 3/3/3 5/5/5 3/3/3 
f 3/3/3 5/5/5 1/1/1 
f 5/5/5 5/5/5 1/1/1 
f 1/1/1 5/5/5 6/6/6 
f 5/5/5 7/7/7 6/6/6 
f 6/6/6 7/7/7 8/8/8 
f 7/7/7 9/9/9 8/8/8 
f 8/8/8 9/9/9 10/10/10 
f 9/9/9 11/11/11 10/10/10 
f 10/10/10 11/11/11 12/12/12 
f 11/11/11 13/13/13 12/12/12 
f 12/12/12 13/13/13 14/14/14 
f 13/13/13 15/15/15 14/14/14 
f 14/14/14 15/15/15 16/16/16 
f 15/15/15 17/17/17 16/16/16 
f 16/16/16 17/17/17 18/18/18 
f 17/17/17 19/19/19 18/18/18 
f 18/18/18 19/19/19 20/20/20 
f 19/19/19 21/21/21 20/20/20 
f 20/20/20 21/21/21 22/22/22 
f 21/21/21 23/23/23 22/22/22 
f 22/22/22 23/23/23 23/23/23 
f 23/23/23 22/22/22 23/23/23 
f 23/23/23 22/22/22 22/22/22 
f 22/22/22 24/24/24 22/22/22 
f 22/22/22 24/24/24 25/25/25 
f 24/24/24 4/4/4 25/25/25 
f 25/25/25 4/4/4 2/2/2 
f 4/4/4 2/2/2 2/2/2 
f 2/2/2 2/2/2 26/26/26 
f 2/2/2 26/26/26 26/26/26 
f 26/26/26 26/26/26 27/27/27 
f 26/26/26 28/28/28 27/27/27 
f 27/27/27 28/28/28 29/29/29 
f 28/28/28 30/30/30 29/29/29 
f 29/29/29 30/30/30 31/31/31 
f 30/30/30 31/31/31 31/31/31 
f 31/31/31 31/31/31 32/32/32 
f 31/31/31 32/32/32 32/32/32 
f 32/32/32 32/32/32 33/33/33 
f 32/32/32 34/34/34 33/33/33 
f 33/33/33 34/34/34 35/35/35 
f 34/34/34 36/36/36 35/35/35 
f 35/35/35 36/36/36 35/35/35 
f 36/36/36 37/37/37 35/35/35 
f 35/35/35 37/37/37 35/35/35 
f 37/37/37 38/38/38 35/35/35 
f 35/35/35 38/38/38 35/35/35 
f 38/38/38 39/39/39 35/35/35 
f 35/35/35 39/39/39 35/35/35 
f 39/39/39 40/40/40 35/35/35 
f 35/35/35 40/40/40 33/33/33 
f 40/40/40 33/33/33 33/33/33 
f 33/33/33 33/33/33 41/41/41 
f 33/33/33 41/41/41 41/41/41 
f 41/41/41 41/41/41 42/42/42 
f 41/41/41 43/43/43 42/42/42 
f 42/42/42 43/43/43 42/42/42 
f 43/43/43 44/44/44 42/42/42 
f 42/42/42 44/44/44 42/42/42 
f 44/44/44 45/45/45 42/42/42 
f 42/42/42 45/45/45 46/46/46 
f 45/45/45 46/46/46 46/46/46 
f 46/46/46 46/46/46 47/47/47 
f 46/46/46 47/47/47 47/47/47 
f 47/47/47 47/47/47 48/48/48 
f 47/47/47 49/49/49 48/48/48 
f 48/48/48 49/49/49 50/50/50 
f 49/49/49 50/50/50 50/50/50 
f 50/50/50 50/50/50 51/51/51 
f 50/50/50 51/51/51 51/51/51 
f 51/51/51 51/51/51 52/52/52 
f 51/51/51 53/53/53 52/52/52 
f 52/52/52 53/53/53 52/52/52 
f 53/53/53 54/54/54 52/52/52 
f 52/52/52 54/54/54 52/52/52 
f 54/54/54 55/55/55 52/52/52 
f 52/52/52 55/55/55 56/56/56 
f 55/55/55 56/56/56 56/56/56 
f 56/56/56 56/56/56 57/57/57 
f 56/56/56 57/57/57 57/57/57 
f 57/57/57 57/57/57 58/58/58 
f 57/57/57 59/59/59 58/58/58 
f 58/58/58 59/59/59 58/58/58 
f 59/59/59 60/60/60 58/58/58 
f 58/58/58 60/60/60 61/61/61 
f 60/60/60 60/60/60 61/61/61 
f 61/61/61 60/60/60 62/62/62 
f 60/60/60 63/63/63 62/62/62 
f 62/62/62 63/63/63 62/62/62 
f 63/63/63 64/64/64 62/62/62 
f 62/62/62 64/64/64 65/65/65 
f 64/64/64 64/64/64 65/65/65 
f 65/65/65 64/64/64 66/66/66 
f 64/64/64 67/67/67 66/66/66 
f 66/66/66 67/67/67 66/66/66 
f 67/67/67 68/68/68 66/66/66 
f 66/66/66 68/68/68 69/69/69 
f 68/68/68 68/68/68 69/69/69 
f 69/69/69 68/68/68 70/70/70 
f 68/68/68 71/71/71 70/70/70 
f 70/70/70 71/71/71 70/70/70 
f 71/71/71 59/59/59 70/70/70 
f 70/70/70 59/59/59 57/57/57 
f 59/59/59 57/57/57 57/57/57 
f 57/57/57 57/57/57 72/72/72 
f 57/57/57 72/72/72 72/72/72 
f 72/72/72 72/72/72 73/73/73 
f 72/72/72 74/74/74 73/73/73 
f 73/73/73 74/74/74 75/75/75 
f 74/74/74 75/75/75 75/75/75 
f 75/75/75 75/75/75 76/76/76 
f 75/75/75 76/76/76 76/76/76 
f 76/76/76 76/76/76 77/77/77 
f 76/76/76 78/78/78 77/77/77 
f 77/77/77 78/78/78 79/79/79 
f 78/78/78 80/80/80 79/79/79 
f 79/79/79 80/80/80 81/81/81 
f 80/80/80 81/81/81 81/81/81 
f 81/81/81 81/81/81 82/82/82 
f 81/81/81 82/82/82 82/82/82 
f 82/82/82 82/82/82 83/83/83 
f 82/82/82 84/84/84 83/83/83 
f 83/83/83 84/84/84 85/85/85 
f 84/84/84 86/86/86 85/85/85 
f 85/85/85 86/86/86 87/87/87 
f 86/86/86 87/87/87 87/87/87 
f 87/87/87 87/87/87 88/88/88 
f 87/87/87 88/88/88 88/88/88 
f 88/88/88 88/88/88 89/89/89 
f 88/88/88 90/90/90 89/89/89 
f 89/89/89 90/90/90 91/91/91 
f 90/90/90 92/92/92 91/91/91 
f 91/91/91 92/92/92 93/93/93 
f 92/92/92 93/93/93 93/93/93 
f 93/93/93 93/93/93 94/94/94 
f 93/93/93 94/94/94 94/94/94 
f 94/94/94 94/94/94 95/95/95 
f 94/94/94 96/96/96 95/95/95 
f 95/95/95 96/96/96 97/97/97 
f 96/96/96 97/97/97 97/97/97 
f 97/97/97 97/97/97 98/98/98 
f 97/97/97 98/98/98 98/98/98 
f 98/98/98 98/98/98 99/99/99 
f 98/98/98 100/100/100 99/99/99 
f 99/99/99 100/100/100 99/99/99 
f 100/100/100 101/101/101 99/99/99 
f 99/99/99 101/101/101 102/102/102 
f 101/101/101 103/103/103 102/102/102 
f 102/102/102 103/103/103 104/104/104 
f 103/103/103 105/105/105 104/104/104 
f 104/104/104 105/105/105 106/106/106 
f 105/105/105 105/105/105 106/106/106 
f 106/106/106 105/105/105 107/107/107 
f 105/105/105 105/105/105 107/107/107 
f 107/107/107 105/105/105 108/108/108 
f 105/105/105 109/109/109 108/108/108 
f 108/108/108 109/109/109 110/110/110 
f 109/109/109 111/111/111 110/110/110 
f 110/110/110 111/111/111 112/112/112 
f 111/111/111 106/106/106 112/112/112 
f 112/112/112 106/106/106 107/107/107 
f 106/106/106 107/107/107 107/107/107 
f 107/107/107 107/107/107 98/98/98 
f 107/107/107 98/98/98 98/98/98 
f 98/98/98 98/98/98 100/100/100 
f 98/98/98 104/104/104 100/100/100 
f 100/100/100 104/104/104 106/106/106 
f 104/104/104 106/106/106 106/106/106 
f 106/106/106 106/106/106 113/113/113 
f 106/106/106 113/113/113 113/113/113 
f 113/113/113 113/113/113 114/114/114 
f 113/113/113 106/106/106 114/114/114 
f 114/114/114 106/106/106 114/114/114 
f 106/106/106 115/115/115 114/114/114 
f 114/114/114 115/115/115 116/116/116 
f 115/115/115 115/115/115 116/116/116 
f 116/116/116 115/115/115 117/117/117 
f 115/115/115 115/115/115 117/117/117 
f 117/117/117 115/115/115 118/118/118 
f 115/115/115 115/115/115 118/118/118 
f 118/118/118 115/115/115 119/119/119 
f 115/115/115 120/120/120 119/119/119 
f 119/119/119 120/120/120 121/121/121 
f 120/120/120 120/120/120 121/121/121 
f 121/121/121 120/120/120 122/122/122 
f 120/120/120 120/120/120 122/122/122 
f 122/122/122 120/120/120 123/123/123 
f 120/120/120 120/120/120 123/123/123 
f 123/123/123 120/120/120 124/124/124 
f 120/120/120 125/125/125 124/124/124 
f 124/124/124 125/125/125 125/125/125 
f 125/125/125 125/125/125 125/125/125 
f 125/125/125 125/125/125 125/125/125 
f 125/125/125 126/126/126 125/125/125 
f 125/125/125 126/126/126 127/127/127 
f 126/126/126 100/100/100 127/127/127 
f 127/127/127 100/100/100 100/100/100 
f 100/100/100 127/127/127 100/100/100 
f 100/100/100 127/127/127 127/127/127 
f 127/127/127 128/128/128 127/127/127 
f 127/127/127 128/128/128 129/129/129 
f 128/128/128 128/128/128 129/129/129 
f 129/129/129 128/128/128 130/130/130 
f 128/128/128 128/128/128 130/130/130 
f 130/130/130 128/128/128 131/131/131 
f 128/128/128 128/128/128 131/131/131 
f 131/131/131 128/128/128 132/132/132 
f 128/128/128 128/128/128 132/132/132 
f 132/132/132 128/128/128 133/133/133 
f 128/128/128 106/106/106 133/133/133 
f 133/133/133 106/106/106 106/106/106 
f 106/106/106 133/133/133 106/106/106 
f 106/106/106 133/133/133 133/133/133 
f 133/133/133 134/134/134 133/133/133 
f 133/133/133 134/134/134 135/135/135 
f 134/134/134 134/134/134 135/135/135 
f 135/135/135 134/134/134 136/136/136 
f 134/134/134 134/134/134 136/136/136 
f 136/136/136 134/134/134 137/137/137 
f 134/134/134 113/113/113 137/137/137 
f 137/137/137 113/113/113 113/113/113 
f 113/113/113 138/138/138 113/113/113 
f 113/113/113 138/138/138 138/138/138 
f 138/138/138 139/139/139 138/138/138 
f 138/138/138 139/139/139 140/140/140 
f 139/139/139 141/141/141 140/140/140 
f 140/140/140 141/141/141 141/141/141 
f 141/141/141 142/142/142 141/141/141 
f 141/141/141 142/142/142 142/142/142 
f 142/142/142 143/143/143 142/142/142 
f 142/142/142 143/143/143 144/144/144 
f 143/143/143 145/145/145 144/144/144 
f 144/144/144 145/145/145 145/145/145 
f 145/145/145 146/146/146 145/145/145 
f 145/145/145 146/146/146 146/146/146 
f 146/146/146 147/147/147 146/146/146 
f 146/146/146 147/147/147 148/148/148 
f 147/147/147 149/149/149 148/148/148 
f 148/148/148 149/149/149 149/149/149 
f 149/149/149 150/150/150 149/149/149 
f 149/149/149 150/150/150 150/150/150 
f 150/150/150 151/151/151 150/150/150 
f 150/150/150 151/151/151 152/152/152 
f 151/151/151 153/153/153 152/152/152 
f 152/152/152 153/153/153 153/153/153 
f 153/153/153 152/152/152 153/153/153 
f 153/153/153 152/152/152 152/152/152 
f 152/152/152 154/154/154 152/152/152 
f 152/152/152 154/154/154 150/150/150 
f 154/154/154 154/154/154 150/150/150 
f 150/150/150 154/154/154 155/155/155 
f 154/154/154 156/156/156 155/155/155 
f 155/155/155 156/156/156 157/157/157 
f 156/156/156 158/158/158 157/157/157 
f 157/157/157 158/158/158 159/159/159 
f 158/158/158 160/160/160 159/159/159 
f 159/159/159 160/160/160 161/161/161 
f 160/160/160 162/162/162 161/161/161 
f 161/161/161 162/162/162 163/163/163 
f 162/162/162 164/164/164 163/163/163 
f 163/163/163 164/164/164 165/165/165 
f 164/164/164 166/166/166 165/165/165 
f 165/165/165 166/166/166 167/167/167 
f 166/166/166 168/168/168 167/167/167 
f 167/167/167 168/168/168 169/169/169 
f 168/168/168 170/170/170 169/169/169 
f 169/169/169 170/170/170 171/171/171 
f 170/170/170 172/172/172 171/171/171 
f 171/171/171 172/172/172 173/173/173 
f 172/172/172 153/153/153 173/173/173 
f 173/173/173 153/153/153 151/151/151 
f 153/153/153 151/151/151 151/151/151 
f 151/151/151 151/151/151 174/174/174 
f 151/151/151 174/174/174 174/174/174 
f 174/174/174 174/174/174 175/175/175 
f 174/174/174 176/176/176 175/175/175 
f 175/175/175 176/176/176 177/177/177 
f 176/176/176 177/177/177 177/177/177 
f 177/177/177 177/177/177 175/175/175 
f 177/177/177 175/175/175 175/175/175 
f 175/175/175 175/175/175 174/174/174 
f 175/175/175 178/178/178 174/174/174 
f 174/174/174 178/178/178 179/179/179 
f 178/178/178 180/180/180 179/179/179 
f 179/179/179 180/180/180 181/181/181 
f 180/180/180 182/182/182 181/181/181 
f 181/181/181 182/182/182 183/183/183 
f 182/182/182 184/184/184 183/183/183 
f 183/183/183 184/184/184 185/185/185 
f 184/184/184 186/186/186 185/185/185 
f 185/185/185 186/186/186 187/187/187 
f 186/186/186 188/188/188 187/187/187 
f 187/187/187 188/188/188 189/189/189 
f 188/188/188 190/190/190 189/189/189 
f 189/189/189 190/190/190 191/191/191 
f 190/190/190 192/192/192 191/191/191 
f 191/191/191 192/192/192 193/193/193 
f 192/192/192 194/194/194 193/193/193 
f 193/193/193 194/194/194 195/195/195 
f 194/194/194 196/196/196 195/195/195 
f 195/195/195 196/196/196 197/197/197 
f 196/196/196 177/177/177 197/197/197 
f 197/197/197 177/177/177 176/176/176 
f 177/177/177 176/176/176 176/176/176 
f 176/176/176 176/176/176 198/198/198 
f 176/176/176 198/198/198 198/198/198 
f 198/198/198 198/198/198 199/199/199 
f 198/198/198 200/200/200 199/199/199 
f 199/199/199 200/200/200 201/201/201 
f 200/200/200 200/200/200 201/201/201 
f 201/201/201 200/200/200 202/202/202 
f 200/200/200 200/200/200 202/202/202 
f 202/202/202 200/200/200 203/203/203 
f 200/200/200 200/200/200 203/203/203 
f 203/203/203 200/200/200 204/204/204 
f 200/200/200 200/200/200 204/204/204 
f 204/204/204 200/200/200 205/205/205 
f 200/200/200 200/200/200 205/205/205 
f 205/205/205 200/200/200 206/206/206 
f 200/200/200 200/200/200 206/206/206 
f 206/206/206 200/200/200 207/207/207 
f 200/200/200 200/200/200 207/207/207 
f 207/207/207 200/200/200 208/208/208 
f 200/200/200 200/200/200 208/208/208 
f 208/208/208 200/200/200 209/209/209 
f 200/200/200 200/200/200 209/209/209 
f 209/209/209 200/200/200 210/210/210 
f 200/200/200 198/198/198 210/210/210 
f 210/210/210 198/198/198 198/198/198 
f 198/198/198 211/211/211 198/198/198 
f 198/198/198 211/211/211 211/211/211 
f 211/211/211 212/212/212 211/211/211 
f 211/211/211 212/212/212 213/213/213 
f 212/212/212 214/214/214 213/213/213 
f 213/213/213 214/214/214 213/213/213 
f 214/214/214 215/215/215 213/213/213 
f 213/213/213 215/215/215 213/213/213 
f 215/215/215 216/216/216 213/213/213 
f 213/213/213 216/216/216 213/213/213 
f 216/216/216 217/217/217 213/213/213 
f 213/213/213 217/217/217 218/218/218 
f 217/217/217 219/219/219 218/218/218 
f 218/218/218 219/219/219 220/220/220 
f 219/219/219 221/221/221 220/220/220 
f 220/220/220 221/221/221 222/222/222 
f 221/221/221 223/223/223 222/222/222 
f 222/222/222 223/223/223 224/224/224 
f 223/223/223 225/225/225 224/224/224 
f 224/224/224 225/225/225 226/226/226 
f 225/225/225 225/225/225 226/226/226 
f 226/226/226 225/225/225 227/227/227 
f 225/225/225 225/225/225 227/227/227 
f 227/227/227 225/225/225 228/228/228 
f 225/225/225 225/225/225 228/228/228 
f 228/228/228 225/225/225 229/229/229 
f 225/225/225 230/230/230 229/229/229 
f 229/229/229 230/230/230 230/230/230 
f 230/230/230 231/231/231 230/230/230 
f 230/230/230 231/231/231 231/231/231 
f 231/231/231 232/232/232 231/231/231 
f 231/231/231 232/232/232 233/233/233 
f 232/232/232 234/234/234 233/233/233 
f 233/233/233 234/234/234 234/234/234 
f 234/234/234 235/235/235 234/234/234 
f 234/234/234 235/235/235 235/235/235 
f 235/235/235 236/236/236 235/235/235 
f 235/235/235 236/236/236 237/237/237 
f 236/236/236 238/238/238 237/237/237 
f 237/237/237 238/238/238 238/238/238 
f 238/238/238 239/239/239 238/238/238 
f 238/238/238 239/239/239 239/239/239 
f 239/239/239 240/240/240 239/239/239 
f 239/239/239 240/240/240 241/241/241 
f 240/240/240 242/242/242 241/241/241 
f 241/241/241 242/242/242 242/242/242 
f 242/242/242 243/243/243 242/242/242 
f 242/242/242 243/243/243 243/243/243 
f 243/243/243 244/244/244 243/243/243 
f 243/243/243 244/244/244 245/245/245 
f 244/244/244 246/246/246 245/245/245 
f 245/245/245 246/246/246 246/246/246 
f 246/246/246 247/247/247 246/246/246 
f 246/246/246 247/247/247 247/247/247 
f 247/247/247 248/248/248 247/247/247 
f 247/247/247 248/248/248 249/249/249 
f 248/248/248 250/250/250 249/249/249 
f 249/249/249 250/250/250 250/250/250 
f 250/250/250 251/251/251 250/250/250 
f 250/250/250 251/251/251 251/251/251 
f 251/251/251 252/252/252 251/251/251 
f 251/251/251 252/252/252 253/253/253 
f 252/252/252 252/252/252 253/253/253 
f 253/253/253 252/252/252 254/254/254 
f 252/252/252 255/255/255 254/254/254 
f 254/254/254 255/255/255 256/256/256 
f 255/255/255 256/256/256 256/256/256 
f 256/256/256 256/256/256 257/257/257 
f 256/256/256 257/257/257 257/257/257 
f 257/257/257 257/257/257 258/258/258 
f 257/257/257 259/259/259 258/258/258 
f 258/258/258 259/259/259 260/260/260 
f 259/259/259 260/260/260 260/260/260 
f 260/260/260 260/260/260 259/259/259 
f 260/260/260 259/259/259 259/259/259 
f 259/259/259 259/259/259 261/261/261 
f 259/259/259 257/257/257 261/261/261 
f 261/261/261 257/257/257 261/261/261 
f 257/257/257 262/262/262 261/261/261 
f 261/261/261 262/262/262 263/263/263 
f 262/262/262 264/264/264 263/263/263 
f 263/263/263 264/264/264 265/265/265 
f 264/264/264 266/266/266 265/265/265 
f 265/265/265 266/266/266 267/267/267 
f 266/266/266 268/268/268 267/267/267 
f 267/267/267 268/268/268 269/269/269 
f 268/268/268 270/270/270 269/269/269 
f 269/269/269 270/270/270 271/271/271 
f 270/270/270 272/272/272 271/271/271 
f 271/271/271 272/272/272 273/273/273 
f 272/272/272 274/274/274 273/273/273 
f 273/273/273 274/274/274 275/275/275 
f 274/274/274 276/276/276 275/275/275 
f 275/275/275 276/276/276 277/277/277 
f 276/276/276 278/278/278 277/277/277 
f 277/277/277 278/278/278 279/279/279 
f 278/278/278 280/280/280 279/279/279 
f 279/279/279 280/280/280 281/281/281 
f 280/280/280 282/282/282 281/281/281 
f 281/281/281 282/282/282 283/283/283 
f 282/282/282 284/284/284 283/283/283 
f 283/283/283 284/284/284 285/285/285 
f 284/284/284 286/286/286 285/285/285 
f 285/285/285 286/286/286 287/287/287 
f 286/286/286 288/288/288 287/287/287 
f 287/287/287 288/288/288 289/289/289 
f 288/288/288 290/290/290 289/289/289 
f 289/289/289 290/290/290 291/291/291 
f 290/290/290 292/292/292 291/291/291 
f 291/291/291 292/292/292 293/293/293 
f 292/292/292 294/294/294 293/293/293 
f 293/293/293 294/294/294 295/295/295 
f 294/294/294 296/296/296 295/295/295 
f 295/295/295 296/296/296 260/260/260 
f 296/296/296 258/258/258 260/260/260 
f 260/260/260 258/258/258 258/258/258 
f 258/258/258 297/297/297 258/258/258 
f 258/258/258 297/297/297 297/297/297 
f 297/297/297 298/298/298 297/297/297 
f 297/297/297 298/298/298 299/299/299 
f 298/298/298 300/300/300 299/299/299 
f 299/299/299 300/300/300 300/300/300 
f 300/300/300 301/301/301 300/300/300 
f 300/300/300 301/301/301 301/301/301 
f 301/301/301 302/302/302 301/301/301 
f 301/301/301 302/302/302 303/303/303 
f 302/302/302 304/304/304 303/303/303 
f 303/303/303 304/304/304 304/304/304 
f 304/304/304 305/305/305 304/304/304 
f 304/304/304 305/305/305 305/305/305 
f 305/305/305 306/306/306 305/305/305 
f 305/305/305 306/306/306 307/307/307 
f 306/306/306 308/308/308 307/307/307 
f 307/307/307 308/308/308 308/308/308 
f 308/308/308 309/309/309 308/308/308 
f 308/308/308 309/309/309 309/309/309 
f 309/309/309 310/310/310 309/309/309 
f 309/309/309 310/310/310 311/311/311 
f 310/310/310 312/312/312 311/311/311 
f 311/311/311 312/312/312 313/313/313 
f 312/312/312 314/314/314 313/313/313 
f 313/313/313 314/314/314 315/315/315 
f 314/314/314 316/316/316 315/315/315 
f 315/315/315 316/316/316 317/317/317 
f 316/316/316 318/318/318 317/317/317 
f 317/317/317 318/318/318 319/319/319 
f 318/318/318 320/320/320 319/319/319 
f 319/319/319 320/320/320 321/321/321 
f 320/320/320 322/322/322 321/321/321 
f 321/321/321 322/322/322 323/323/323 
f 322/322/322 324/324/324 323/323/323 
f 323/323/323 324/324/324 325/325/325 
f 324/324/324 326/326/326 325/325/325 
f 325/325/325 326/326/326 327/327/327 
f 326/326/326 328/328/328 327/327/327 
f 327/327/327 328/328/328 329/329/329 
f 328/328/328 330/330/330 329/329/329 
f 329/329/329 330/330/330 331/331/331 
f 330/330/330 332/332/332 331/331/331 
f 331/331/331 332/332/332 309/309/309 
f 332/332/332 333/333/333 309/309/309 
f 309/309/309 333/333/333 333/333/333 
f 333/333/333 334/334/334 333/333/333 
f 333/333/333 334/334/334 334/334/334 
f 334/334/334 335/335/335 334/334/334 
f 334/334/334 335/335/335 336/336/336 
f 335/335/335 337/337/337 336/336/336 
f 336/336/336 337/337/337 337/337/337 
f 337/337/337 336/336/336 337/337/337 
f 337/337/337 336/336/336 336/336/336 
f 336/336/336 338/338/338 336/336/336 
f 336/336/336 338/338/338 334/334/334 
f 338/338/338 338/338/338 334/334/334 
f 334/334/334 338/338/338 339/339/339 
f 338/338/338 340/340/340 339/339/339 
f 339/339/339 340/340/340 341/341/341 
f 340/340/340 342/342/342 341/341/341 
f 341/341/341 342/342/342 343/343/343 
f 342/342/342 344/344/344 343/343/343 
f 343/343/343 344/344/344 345/345/345 
f 344/344/344 346/346/346 345/345/345 
f 345/345/345 346/346/346 347/347/347 
f 346/346/346 348/348/348 347/347/347 
f 347/347/347 348/348/348 349/349/349 
f 348/348/348 350/350/350 349/349/349 
f 349/349/349 350/350/350 351/351/351 
f 350/350/350 352/352/352 351/351/351 
f 351/351/351 352/352/352 353/353/353 
f 352/352/352 354/354/354 353/353/353 
f 353/353/353 354/354/354 355/355/355 
f 354/354/354 356/356/356 355/355/355 
f 355/355/355 356/356/356 357/357/357 
f 356/356/356 337/337/337 357/357/357 
f 357/357/357 337/337/337 335/335/335 
f 337/337/337 335/335/335 335/335/335 
f 335/335/335 335/335/335 358/358/358 
f 335/335/335 358/358/358 358/358/358 
f 358/358/358 358/358/358 359/359/359 
f 358/358/358 360/360/360 359/359/359 
f 359/359/359 360/360/360 361/361/361 
f 360/360/360 361/361/361 361/361/361 
f 361/361/361 361/361/361 359/359/359 
f 361/361/361 359/359/359 359/359/359 
f 359/359/359 359/359/359 358/358/358 
f 359/359/359 362/362/362 358/358/358 
f 358/358/358 362/362/362 363/363/363 
f 362/362/362 364/364/364 363/363/363 
f 363/363/363 364/364/364 365/365/365 
f 364/364/364 366/366/366 365/365/365 
f 365/365/365 366/366/366 367/367/367 
f 366/366/366 368/368/368 367/367/367 
f 367/367/367 368/368/368 369/369/369 
f 368/368/368 370/370/370 369/369/369 
f 369/369/369 370/370/370 371/371/371 
f 370/370/370 372/372/372 371/371/371 
f 371/371/371 372/372/372 373/373/373 
f 372/372/372 374/374/374 373/373/373 
f 373/373/373 374/374/374 375/375/375 
f 374/374/374 376/376/376 375/375/375 
f 375/375/375 376/376/376 377/377/377 
f 376/376/376 378/378/378 377/377/377 
f 377/377/377 378/378/378 379/379/379 
f 378/378/378 380/380/380 379/379/379 
f 379/379/379 380/380/380 381/381/381 
f 380/380/380 361/361/361 381/381/381 
f 381/381/381 361/361/361 360/360/360 
f 361/361/361 360/360/360 360/360/360 
f 360/360/360 360/360/360 382/382/382 
f 360/360/360 382/382/382 382/382/382 
f 382/382/382 382/382/382 383/383/383 
f 382/382/382 384/384/384 383/383/383 
f 383/383/383 384/384/384 385/385/385 
f 384/384/384 384/384/384 385/385/385 
f 385/385/385 384/384/384 386/386/386 
f 384/384/384 384/384/384 386/386/386 
f 386/386/386 384/384/384 387/387/387 
f 384/384/384 384/384/384 387/387/387 
f 387/387/387 384/384/384 388/388/388 
f 384/384/384 384/384/384 388/388/388 
f 388/388/388 384/384/384 389/389/389 
f 384/384/384 384/384/384 389/389/389 
f 389/389/389 384/384/384 390/390/390 
f 384/384/384 384/384/384 390/390/390 
f 390/390/390 384/384/384 391/391/391 
f 384/384/384 384/384/384 391/391/391 
f 391/391/391 384/384/384 392/392/392 
f 384/384/384 384/384/384 392/392/392 
f 392/392/392 384/384/384 393/393/393 
f 384/384/384 384/384/384 393/393/393 
f 393/393/393 384/384/384 394/394/394 
f 384/384/384 382/382/382 394/394/394 
f 394/394/394 382/382/382 382/382/382 
f 382/382/382 395/395/395 382/382/382 
f 382/382/382 395/395/395 395/395/395 
f 395/395/395 396/396/396 395/395/395 
f 395/395/395 396/396/396 397/397/397 
f 396/396/396 398/398/398 397/397/397 
f 397/397/397 398/398/398 398/398/398 
f 398/398/398 399/399/399 398/398/398 
f 398/398/398 399/399/399 399/399/399 
f 399/399/399 400/400/400 399/399/399 
f 399/399/399 400/400/400 401/401/401 
f 400/400/400 401/401/401 401/401/401 
f 401/401/401 401/401/401 402/402/402 
f 401/401/401 402/402/402 402/402/402 
f 402/402/402 402/402/402 403/403/403 
f 402/402/402 404/404/404 403/403/403 
f 403/403/403 404/404/404 404/404/404 
f 404/404/404 405/405/405 404/404/404 
f 404/404/404 405/405/405 405/405/405 
f 405/405/405 406/406/406 405/405/405 
f 405/405/405 406/406/406 407/407/407 
f 406/406/406 407/407/407 407/407/407 
f 407/407/407 407/407/407 408/408/408 
f 407/407/407 408/408/408 408/408/408 
f 408/408/408 408/408/408 409/409/409 
f 408/408/408 410/410/410 409/409/409 
f 409/409/409 410/410/410 410/410/410 
f 410/410/410 411/411/411 410/410/410 
f 410/410/410 411/411/411 411/411/411 
f 411/411/411 412/412/412 411/411/411 
f 411/411/411 412/412/412 413/413/413 
f 412/412/412 414/414/414 413/413/413 
f 413/413/413 414/414/414 414/414/414 
f 414/414/414 415/415/415 414/414/414 
f 414/414/414 415/415/415 415/415/415 
f 415/415/415 416/416/416 415/415/415 
f 415/415/415 416/416/416 417/417/417 
f 416/416/416 418/418/418 417/417/417 
f 417/417/417 418/418/418 418/418/418 
f 418/418/418 419/419/419 418/418/418 
f 418/418/418 419/419/419 419/419/419 
f 419/419/419 420/420/420 419/419/419 
f 419/419/419 420/420/420 421/421/421 
f 420/420/420 421/421/421 421/421/421 
f 421/421/421 421/421/421 422/422/422 
f 421/421/421 422/422/422 422/422/422 
f 422/422/422 422/422/422 423/423/423 
f 422/422/422 424/424/424 423/423/423 
f 423/423/423 424/424/424 424/424/424 
f 424/424/424 425/425/425 424/424/424 
f 424/424/424 425/425/425 425/425/425 
f 425/425/425 426/426/426 425/425/425 
f 425/425/425 426/426/426 427/427/427 
f 426/426/426 428/428/428 427/427/427 
f 427/427/427 428/428/428 429/429/429 
f 428/428/428 430/430/430 429/429/429 
f 429/429/429 430/430/430 431/431/431 
f 430/430/430 432/432/432 431/431/431 
f 431/431/431 432/432/432 433/433/433 
f 432/432/432 434/434/434 433/433/433 
f 433/433/433 434/434/434 435/435/435 
f 434/434/434 436/436/436 435/435/435 
f 435/435/435 436/436/436 437/437/437 
f 436/436/436 438/438/438 437/437/437 
f 437/437/437 438/438/438 439/439/439 
f 438/438/438 440/440/440 439/439/439 
f 439/439/439 440/440/440 441/441/441 
f 440/440/440 442/442/442 441/441/441 
f 441/441/441 442/442/442 442/442/442 
f 442/442/442 443/443/443 442/442/442 
f 442/442/442 443/443/443 443/443/443 
f 443/443/443 444/444/444 443/443/443 
f 443/443/443 444/444/444 445/445/445 
f 444/444/444 446/446/446 445/445/445 
f 445/445/445 446/446/446 447/447/447 
f 446/446/446 448/448/448 447/447/447 
f 447/447/447 448/448/448 449/449/449 
f 448/448/448 450/450/450 449/449/449 
f 449/449/449 450/450/450 451/451/451 
f 450/450/450 452/452/452 451/451/451 
f 451/451/451 452/452/452 453/453/453 
f 452/452/452 454/454/454 453/453/453 
f 453/453/453 454/454/454 455/455/455 
f 454/454/454 456/456/456 455/455/455 
f 455/455/455 456/456/456 457/457/457 
f 456/456/456 458/458/458 457/457/457 
f 457/457/457 458/458/458 459/459/459 
f 458/458/458 460/460/460 459/459/459 
f 459/459/459 460/460/460 460/460/460 
f 460/460/460 461/461/461 460/460/460 
f 460/460/460 461/461/461 461/461/461 
f 461/461/461 462/462/462 461/461/461 
f 461/461/461 462/462/462 463/463/463 
f 462/462/462 464/464/464 463/463/463 
f 463/463/463 464/464/464 465/465/465 
f 464/464/464 466/466/466 465/465/465 
f 465/465/465 466/466/466 467/467/467 
f 466/466/466 468/468/468 467/467/467 
f 467/467/467 468/468/468 469/469/469 
f 468/468/468 470/470/470 469/469/469 
f 469/469/469 470/470/470 471/471/471 
f 470/470/470 472/472/472 471/471/471 
f 471/471/471 472/472/472 473/473/473 
f 472/472/472 474/474/474 473/473/473 
f 473/473/473 474/474/474 475/475/475 
f 474/474/474 476/476/476 475/475/475 
f 475/475/475 476/476/476 477/477/477 
f 476/476/476 478/478/478 477/477/477 
f 477/477/477 478/478/478 478/478/478 
f 478/478/478 479/479/479 478/478/478 
f 478/478/478 479/479/479 479/479/479 
f 479/479/479 480/480/480 479/479/479 
f 479/479/479 480/480/480 481/481/481 
f 480/480/480 482/482/482 481/481/481 
f 481/481/481 482/482/482 483/483/483 
f 482/482/482 484/484/484 483/483/483 
f 483/483/483 484/484/484 485/485/485 
f 484/484/484 486/486/486 485/485/485 
f 485/485/485 486/486/486 487/487/487 
f 486/486/486 488/488/488 487/487/487 
f 487/487/487 488/488/488 489/489/489 
f 488/488/488 490/490/490 489/489/489 
f 489/489/489 490/490/490 491/491/491 
f 490/490/490 492/492/492 491/491/491 
f 491/491/491 492/492/492 493/493/493 
f 492/492/492 494/494/494 493/493/493 
f 493/493/493 494/494/494 495/495/495 
f 494/494/494 496/496/496 495/495/495 
f 495/495/495 496/496/496 496/496/496 
f 496/496/496 497/497/497 496/496/496 
f 496/496/496 497/497/497 497/497/497 
f 497/497/497 498/498/498 497/497/497 
f 497/497/497 498/498/498 499/499/499 
f 498/498/498 500/500/500 499/499/499 
f 499/499/499 500/500/500 501/501/501 
f 500/500/500 502/502/502 501/501/501 
f 501/501/501 502/502/502 503/503/503 
f 502/502/502 504/504/504 503/503/503 
f 503/503/503 504/504/504 505/505/505 
f 504/504/504 506/506/506 505/505/505 
f 505/505/505 506/506/506 507/507/507 
f 506/506/506 508/508/508 507/507/507 
f 507/507/507 508/508/508 509/509/509 
f 508/508/508 510/510/510 509/509/509 
f 509/509/509 510/510/510 511/511/511 
f 510/510/510 512/512/512 511/511/511 
f 511/511/511 512/512/512 513/513/513 
f 512/512/512 514/514/514 513/513/513 
f 513/513/513 514/514/514 514/514/514 
f 514/514/514 515/515/515 514/514/514 
f 514/514/514 515/515/515 515/515/515 
f 515/515/515 516/516/516 515/515/515 
f 515/515/515 516/516/516 517/517/517 
f 516/516/516 518/518/518 517/517/517 
f 517/517/517 518/518/518 519/519/519 
f 518/518/518 520/520/520 519/519/519 
f 519/519/519 520/520/520 521/521/521 
f 520/520/520 522/522/522 521/521/521 
f 521/521/521 522/522/522 523/523/523 
f 522/522/522 524/524/524 523/523/523 
f 523/523/523 524/524/524 525/525/525 
f 524/524/524 526/526/526 525/525/525 
f 525/525/525 526/526/526 527/527/527 
f 526/526/526 528/528/528 527/527/527 
f 527/527/527 528/528/528 529/529/529 
f 528/528/528 530/530/530 529/529/529 
f 529/529/529 530/530/530 531/531/531 
f 530/530/530 532/532/532 531/531/531 
f 531/531/531 532/532/532 532/532/532 
f 532/532/532 533/533/533 532/532/532 
f 532/532/532 533/533/533 533/533/533 
f 533/533/533 534/534/534 533/533/533 
f 533/533/533 534/534/534 535/535/535 
f 534/534/534 536/536/536 535/535/535 
f 535/535/535 536/536/536 537/537/537 
f 536/536/536 538/538/538 537/537/537 
f 537/537/537 538/538/538 539/539/539 
f 538/538/538 540/540/540 539/539/539 
f 539/539/539 540/540/540 541/541/541 
f 540/540/540 542/542/542 541/541/541 
f 541/541/541 542/542/542 543/543/543 
f 542/542/542 544/544/544 543/543/543 
f 543/543/543 544/544/544 545/545/545 
f 544/544/544 546/546/546 545/545/545 
f 545/545/545 546/546/546 547/547/547 
f 546/546/546 548/548/548 547/547/547 
f 547/547/547 548/548/548 549/549/549 
f 548/548/548 550/550/550 549/549/549 
f 549/549/549 550/550/550 550/550/550 
f 550/550/550 551/551/551 550/550/550 
f 550/550/550 551/551/551 551/551/551 
f 551/551/551 552/552/552 551/551/551 
f 551/551/551 552/552/552 553/553/553 
f 552/552/552 554/554/554 553/553/553 
f 553/553/553 554/554/554 555/555/555 
f 554/554/554 556/556/556 555/555/555 
f 555/555/555 556/556/556 557/557/557 
f 556/556/556 558/558/558 557/557/557 
f 557/557/557 558/558/558 559/559/559 
f 558/558/558 560/560/560 559/559/559 
f 559/559/559 560/560/560 561/561/561 
f 560/560/560 562/562/562 561/561/561 
f 561/561/561 562/562/562 563/563/563 
f 562/562/562 564/564/564 563/563/563 
f 563/563/563 564/564/564 565/565/565 
f 564/564/564 566/566/566 565/565/565 
f 565/565/565 566/566/566 567/567/567 
f 566/566/566 568/568/568 567/567/567 
f 567/567/567 568/568/568 568/568/568 
f 568/568/568 569/569/569 568/568/568 
f 568/568/568 569/569/569 569/569/569 
f 569/569/569 570/570/570 569/569/569 
f 569/569/569 570/570/570 571/571/571 
f 570/570/570 572/572/572 571/571/571 
f 571/571/571 572/572/572 573/573/573 
f 572/572/572 574/574/574 573/573/573 
f 573/573/573 574/574/574 575/575/575 
f 574/574/574 576/576/576 575/575/575 
f 575/575/575 576/576/576 577/577/577 
f 576/576/576 578/578/578 577/577/577 
f 577/577/577 578/578/578 579/579/579 
f 578/578/578 580/580/580 579/579/579 
f 579/579/579 580/580/580 581/581/581 
f 580/580/580 582/582/582 581/581/581 
f 581/581/581 582/582/582 583/583/583 
f 582/582/582 584/584/584 583/583/583 
f 583/583/583 584/584/584 585/585/585 
f 584/584/584 586/586/586 585/585/585 
f 585/585/585 586/586/586 586/586/586 
f 586/586/586 587/587/587 586/586/586 
f 586/586/586 587/587/587 587/587/587 
f 587/587/587 588/588/588 587/587/587 
f 587/587/587 588/588/588 589/589/589 
f 588/588/588 590/590/590 589/589/589 
f 589/589/589 590/590/590 591/591/591 
f 590/590/590 592/592/592 591/591/591 
f 591/591/591 592/592/592 593/593/593 
f 592/592/592 594/594/594 593/593/593 
f 593/593/593 594/594/594 595/595/595 
f 594/594/594 596/596/596 595/595/595 
f 595/595/595 596/596/596 597/597/597 
f 596/596/596 598/598/598 597/597/597 
f 597/597/597 598/598/598 599/599/599 
f 598/598/598 600/600/600 599/599/599 
f 599/599/599 600/600/600 601/601/601 
f 600/600/600 602/602/602 601/601/601 
f 601/601/601 602/602/602 603/603/603 
f 602/602/602 604/604/604 603/603/603 
f 603/603/603 604/604/604 604/604/604 
f 604/604/604 605/605/605 604/604/604 
f 604/604/604 605/605/605 605/605/605 
f 605/605/605 606/606/606 605/605/605 
f 605/605/605 606/606/606 607/607/607 
f 606/606/606 608/608/608 607/607/607 
f 607/607/607 608/608/608 609/609/609 
f 608/608/608 610/610/610 609/609/609 
f 609/609/609 610/610/610 611/611/611 
f 610/610/610 612/612/612 611/611/611 
f 611/611/611 612/612/612 613/613/613 
f 612/612/612 614/614/614 613/613/613 
f 613/613/613 614/614/614 615/615/615 
f 614/614/614 616/616/616 615/615/615 
f 615/615/615 616/616/616 617/617/617 
f 616/616/616 618/618/618 617/617/617 
f 617/617/617 618/618/618 618/618/618 
f 618/618/618 619/619/619 618/618/618 
f 618/618/618 619/619/619 619/619/619 
f 619/619/619 620/620/620 619/619/619 
f 619/619/619 620/620/620 621/621/621 
f 620/620/620 622/622/622 621/621/621 
f 621/621/621 622/622/622 622/622/622 
f 622/622/622 620/620/620 622/622/622 
f 622/622/622 620/620/620 620/620/620 
f 620/620/620 623/623/623 620/620/620 
f 620/620/620 623/623/623 624/624/624 
f 623/623/623 625/625/625 624/624/624 
f 624/624/624 625/625/625 625/625/625 
f 625/625/625 626/626/626 625/625/625 
f 625/625/625 626/626/626 626/626/626 
f 626/626/626 627/627/627 626/626/626 
f 626/626/626 627/627/627 628/628/628 
f 627/627/627 629/629/629 628/628/628 
f 628/628/628 629/629/629 630/630/630 
f 629/629/629 631/631/631 630/630/630 
f 630/630/630 631/631/631 632/632/632 
f 631/631/631 633/633/633 632/632/632 
f 632/632/632 633/633/633 634/634/634 
f 633/633/633 635/635/635 634/634/634 
f 634/634/634 635/635/635 636/636/636 
f 635/635/635 637/637/637 636/636/636 
f 636/636/636 637/637/637 638/638/638 
f 637/637/637 639/639/639 638/638/638 
f 638/638/638 639/639/639 640/640/640 
f 639/639/639 641/641/641 640/640/640 
f 640/640/640 641/641/641 626/626/626 
f 641/641/641 641/641/641 626/626/626 
f 626/626/626 641/641/641 627/627/627 
f 641/641/641 642/642/642 627/627/627 
f 627/627/627 642/642/642 629/629/629 
f 642/642/642 642/642/642 629/629/629 
f 629/629/629 642/642/642 631/631/631 
f 642/642/642 642/642/642 631/631/631 
f 631/631/631 642/642/642 633/633/633 
f 642/642/642 642/642/642 633/633/633 
f 633/633/633 642/642/642 635/635/635 
f 642/642/642 642/642/642 635/635/635 
f 635/635/635 642/642/642 637/637/637 
f 642/642/642 642/642/642 637/637/637 
f 637/637/637 642/642/642 639/639/639 
f 642/642/642 641/641/641 639/639/639 
f 639/639/639 641/641/641 641/641/641 
f 641/641/641 643/643/643 641/641/641 
f 641/641/641 643/643/643 643/643/643 
f 643/643/643 644/644/644 643/643/643 
f 643/643/643 644/644/644 645/645/645 
f 644/644/644 645/645/645 645/645/645 
f 645/645/645 645/645/645 645/645/645 
f 645/645/645 645/645/645 645/645/645 
f 645/645/645 645/645/645 646/646/646 
f 645/645/645 647/647/647 646/646/646 
f 646/646/646 647/647/647 647/647/647 
f 647/647/647 648/648/648 647/647/647 
f 647/647/647 648/648/648 648/648/648 
f 648/648/648 649/649/649 648/648/648 
f 648/648/648 649/649/649 650/650/650 
f 649/649/649 650/650/650 650/650/650 
f 650/650/650 650/650/650 651/651/651 
f 650/650/650 651/651/651 651/651/651 
f 651/651/651 651/651/651 652/652/652 
f 651/651/651 653/653/653 652/652/652 
f 652/652/652 653/653/653 653/653/653 
f 653/653/653 654/654/654 653/653/653 
f 653/653/653 654/654/654 654/654/654 
f 654/654/654 655/655/655 654/654/654 
f 654/654/654 655/655/655 656/656/656 
f 655/655/655 656/656/656 656/656/656 
f 656/656/656 656/656/656 656/656/656 
f 656/656/656 656/656/656 656/656/656 
f 656/656/656 656/656/656 657/657/657 
f 656/656/656 658/658/658 657/657/657 
f 657/657/657 658/658/658 658/658/658 
f 658/658/658 659/659/659 658/658/658 
f 658/658/658 659/659/659 659/659/659 
f 659/659/659 660/660/660 659/659/659 
f 659/659/659 660/660/660 661/661/661 
f 660/660/660 661/661/661 661/661/661 
f 661/661/661 661/661/661 662/662/662 
f 661/661/661 662/662/662 662/662/662 
f 662/662/662 662/662/662 663/663/663 
f 662/662/662 664/664/664 663/663/663 
f 663/663/663 664/664/664 664/664/664 
f 664/664/664 665/665/665 664/664/664 
f 664/664/664 665/665/665 665/665/665 
f 665/665/665 666/666/666 665/665/665 
f 665/665/665 666/666/666 667/667/667 
f 666/666/666 667/667/667 667/667/667 
f 667/667/667 667/667/667 668/668/668 
f 667/667/667 668/668/668 668/668/668 
f 668/668/668 668/668/668 669/669/669 
f 668/668/668 670/670/670 669/669/669 
f 669/669/669 670/670/670 670/670/670 
f 670/670/670 671/671/671 670/670/670 
f 670/670/670 671/671/671 671/671/671 
f 671/671/671 672/672/672 671/671/671 
f 671/671/671 672/672/672 673/673/673 
f 672/672/672 673/673/673 673/673/673 
f 673/673/673 673/673/673 673/673/673 
f 673/673/673 673/673/673 673/673/673 
f 673/673/673 673/673/673 674/674/674 
f 673/673/673 675/675/675 674/674/674 
f 674/674/674 675/675/675 675/675/675 
f 675/675/675 676/676/676 675/675/675 
f 675/675/675 676/676/676 676/676/676 
f 676/676/676 677/677/677 676/676/676 
f 676/676/676 677/677/677 678/678/678 
f 677/677/677 678/678/678 678/678/678 
f 678/678/678 678/678/678 679/679/679 
f 678/678/678 679/679/679 679/679/679 
f 679/679/679 679/679/679 680/680/680 
f 679/679/679 681/681/681 680/680/680 
f 680/680/680 681/681/681 681/681/681 
f 681/681/681 682/682/682 681/681/681 
f 681/681/681 682/682/682 682/682/682 
f 682/682/682 683/683/683 682/682/682 
f 682/682/682 683/683/683 684/684/684 
f 683/683/683 684/684/684 684/684/684 
f 684/684/684 684/684/684 685/685/685 
f 684/684/684 685/685/685 685/685/685 
f 685/685/685 685/685/685 686/686/686 
f 685/685/685 687/687/687 686/686/686 
f 686/686/686 687/687/687 687/687/687 
f 687/687/687 688/688/688 687/687/687 
f 687/687/687 688/688/688 688/688/688 
f 688/688/688 689/689/689 688/688/688 
f 688/688/688 689/689/689 690/690/690 
f 689/689/689 690/690/690 690/690/690 
f 690/690/690 690/690/690 691/691/691 
f 690/690/690 691/691/691 691/691/691 
f 691/691/691 691/691/691 692/692/692 
f 691/691/691 693/693/693 692/692/692 
f 692/692/692 693/693/693 693/693/693 
f 693/693/693 694/694/694 693/693/693 
f 693/693/693 694/694/694 694/694/694 
f 694/694/694 695/695/695 694/694/694 
f 694/694/694 695/695/695 696/696/696 
f 695/695/695 696/696/696 696/696/696 
f 696/696/696 696/696/696 697/697/697 
f 696/696/696 697/697/697 697/697/697 
f 697/697/697 697/697/697 698/698/698 
f 697/697/697 699/699/699 698/698/698 
f 698/698/698 699/699/699 699/699/699 
f 699/699/699 700/700/700 699/699/699 
f 699/699/699 700/700/700 700/700/700 
f 700/700/700 701/701/701 700/700/700 
f 700/700/700 701/701/701 702/702/702 
f 701/701/701 703/703/703 702/702/702 
f 702/702/702 703/703/703 704/704/704 
f 703/703/703 705/705/705 704/704/704 
f 704/704/704 705/705/705 706/706/706 
f 705/705/705 706/706/706 706/706/706 
f 706/706/706 706/706/706 701/701/701 
f 706/706/706 701/701/701 701/701/701 
f 701/701/701 701/701/701 703/703/703 
f 701/701/701 707/707/707 703/703/703 
f 703/703/703 707/707/707 708/708/708 
f 707/707/707 709/709/709 708/708/708 
f 708/708/708 709/709/709 710/710/710 
f 709/709/709 711/711/711 710/710/710 
f 710/710/710 711/711/711 711/711/711 
f 711/711/711 703/703/703 711/711/711 
f 711/711/711 703/703/703 703/703/703 
f 703/703/703 708/708/708 703/703/703 
f 703/703/703 708/708/708 705/705/705 
f 708/708/708 712/712/712 705/705/705 
f 705/705/705 712/712/712 705/705/705 
f 712/712/712 713/713/713 705/705/705 
f 705/705/705 713/713/713 706/706/706 
f 713/713/713 714/714/714 706/706/706 
f 706/706/706 714/714/714 715/715/715 
f 714/714/714 716/716/716 715/715/715 
f 715/715/715 716/716/716 717/717/717 
f 716/716/716 718/718/718 717/717/717 
f 717/717/717 718/718/718 719/719/719 
f 718/718/718 719/719/719 719/719/719 
f 719/719/719 719/719/719 712/712/712 
f 719/719/719 712/712/712 712/712/712 
f 712/712/712 712/712/712 710/710/710 
f 712/712/712 708/708/708 710/710/710 
f 710/710/710 708/708/708 708/708/708 
f 708/708/708 718/718/718 708/708/708 
f 708/708/708 718/718/718 718/718/718 
f 718/718/718 716/716/716 718/718/718 
f 718/718/718 716/716/716 720/720/720 
f 716/716/716 721/721/721 720/720/720 
f 720/720/720 721/721/721 722/722/722 
f 721/721/721 723/723/723 722/722/722 
f 722/722/722 723/723/723 724/724/724 
f 723/723/723 724/724/724 724/724/724 
f 724/724/724 724/724/724 716/716/716 
f 724/724/724 716/716/716 716/716/716 
f 716/716/716 716/716/716 721/721/721 
f 716/716/716 714/714/714 721/721/721 
f 721/721/721 714/714/714 725/725/725 
f 714/714/714 713/713/713 725/725/725 
f 725/725/725 713/713/713 726/726/726 
f 713/713/713 712/712/712 726/726/726 
f 726/726/726 712/712/712 727/727/727 
f 712/712/712 710/710/710 727/727/727 
f 727/727/727 710/710/710 728/728/728 
f 710/710/710 711/711/711 728/728/728 
f 728/728/728 711/711/711 729/729/729 
f 711/711/711 730/730/730 729/729/729 
f 729/729/729 730/730/730 731/731/731 
f 730/730/730 732/732/732 731/731/731 
f 731/731/731 732/732/732 733/733/733 
f 732/732/732 734/734/734 733/733/733 
f 733/733/733 734/734/734 735/735/735 
f 734/734/734 736/736/736 735/735/735 
f 735/735/735 736/736/736 736/736/736 
f 736/736/736 723/723/723 736/736/736 
f 736/736/736 723/723/723 723/723/723 
f 723/723/723 721/721/721 723/723/723 
f 723/723/723 721/721/721 725/725/725 
f 721/721/721 725/725/725 725/725/725 
f 725/725/725 725/725/725 735/735/735 
f 725/725/725 735/735/735 735/735/735 
f 735/735/735 735/735/735 733/733/733 
f 735/735/735 737/737/737 733/733/733 
f 733/733/733 737/737/737 733/733/733 
f 737/737/737 738/738/738 733/733/733 
f 733/733/733 738/738/738 731/731/731 
f 738/738/738 739/739/739 731/731/731 
f 731/731/731 739/739/739 729/729/729 
f 739/739/739 740/740/740 729/729/729 
f 729/729/729 740/740/740 728/728/728 
f 740/740/740 741/741/741 728/728/728 
f 728/728/728 741/741/741 727/727/727 
f 741/741/741 742/742/742 727/727/727 
f 727/727/727 742/742/742 726/726/726 
f 742/742/742 726/726/726 726/726/726 
f 726/726/726 726/726/726 742/742/742 
f 726/726/726 742/742/742 742/742/742 
f 742/742/742 742/742/742 743/743/743 
f 742/742/742 741/741/741 743/743/743 
f 743/743/743 741/741/741 743/743/743 
f 741/741/741 740/740/740 743/743/743 
f 743/743/743 740/740/740 744/744/744 
f 740/740/740 739/739/739 744/744/744 
f 744/744/744 739/739/739 745/745/745 
f 739/739/739 738/738/738 745/745/745 
f 745/745/745 738/738/738 746/746/746 
f 738/738/738 737/737/737 746/746/746 
f 746/746/746 737/737/737 746/746/746 
f 737/737/737 747/747/747 746/746/746 
f 746/746/746 747/747/747 746/746/746 
f 747/747/747 748/748/748 746/746/746 
f 746/746/746 748/748/748 746/746/746 
f 748/748/748 749/749/749 746/746/746 
f 746/746/746 749/749/749 745/745/745 
f 749/749/749 750/750/750 745/745/745 
f 745/745/745 750/750/750 744/744/744 
f 750/750/750 751/751/751 744/744/744 
f 744/744/744 751/751/751 743/743/743 
f 751/751/751 752/752/752 743/743/743 
f 743/743/743 752/752/752 742/742/742 
f 752/752/752 753/753/753 742/742/742 
f 742/742/742 753/753/753 726/726/726 
f 753/753/753 753/753/753 726/726/726 
f 726/726/726 753/753/753 725/725/725 
f 753/753/753 753/753/753 725/725/725 
f 725/725/725 753/753/753 723/723/723 
f 753/753/753 754/754/754 723/723/723 
f 723/723/723 754/754/754 724/724/724 
f 754/754/754 755/755/755 724/724/724 
f 724/724/724 755/755/755 756/756/756 
f 755/755/755 755/755/755 756/756/756 
f 756/756/756 755/755/755 757/757/757 
f 755/755/755 750/750/750 757/757/757 
f 757/757/757 750/750/750 757/757/757 
f 750/750/750 749/749/749 757/757/757 
f 757/757/757 749/749/749 758/758/758 
f 749/749/749 748/748/748 758/758/758 
f 758/758/758 748/748/748 758/758/758 
f 748/748/748 759/759/759 758/758/758 
f 758/758/758 759/759/759 760/760/760 
f 759/759/759 761/761/761 760/760/760 
f 760/760/760 761/761/761 761/761/761 
f 761/761/761 753/753/753 761/761/761 
f 761/761/761 753/753/753 753/753/753 
f 753/753/753 752/752/752 753/753/753 
f 753/753/753 752/752/752 754/754/754 
f 752/752/752 751/751/751 754/754/754 
f 754/754/754 751/751/751 755/755/755 
f 751/751/751 750/750/750 755/755/755 
f 755/755/755 750/750/750 750/750/750 
f 750/750/750 760/760/760 750/750/750 
f 750/750/750 760/760/760 760/760/760 
f 760/760/760 762/762/762 760/760/760 
f 760/760/760 762/762/762 758/758/758 
f 762/762/762 762/762/762 758/758/758 
f 758/758/758 762/762/762 757/757/757 
f 762/762/762 756/756/756 757/757/757 
f 757/757/757 756/756/756 756/756/756 
f 756/756/756 763/763/763 756/756/756 
f 756/756/756 763/763/763 763/763/763 
f 763/763/763 764/764/764 763/763/763 
f 763/763/763 764/764/764 765/765/765 
f 764/764/764 766/766/766 765/765/765 
f 765/765/765 766/766/766 767/767/767 
f 766/766/766 768/768/768 767/767/767 
f 767/767/767 768/768/768 769/769/769 
f 768/768/768 770/770/770 769/769/769 
f 769/769/769 770/770/770 771/771/771 
f 770/770/770 772/772/772 771/771/771 
f 771/771/771 772/772/772 773/773/773 
f 772/772/772 774/774/774 773/773/773 
f 773/773/773 774/774/774 775/775/775 
f 774/774/774 776/776/776 775/775/775 
f 775/775/775 776/776/776 777/777/777 
f 776/776/776 778/778/778 777/777/777 
f 777/777/777 778/778/778 779/779/779 
f 778/778/778 780/780/780 779/779/779 
f 779/779/779 780/780/780 780/780/780 
f 780/780/780 781/781/781 780/780/780 
f 780/780/780 781/781/781 781/781/781 
f 781/781/781 782/782/782 781/781/781 
f 781/781/781 782/782/782 783/783/783 
f 782/782/782 782/782/782 783/783/783 
f 783/783/783 782/782/782 784/784/784 
f 782/782/782 785/785/785 784/784/784 
f 784/784/784 785/785/785 786/786/786 
f 785/785/785 787/787/787 786/786/786 
f 786/786/786 787/787/787 788/788/788 
f 787/787/787 789/789/789 788/788/788 
f 788/788/788 789/789/789 790/790/790 
f 789/789/789 791/791/791 790/790/790 
f 790/790/790 791/791/791 792/792/792 
f 791/791/791 793/793/793 792/792/792 
f 792/792/792 793/793/793 794/794/794 
f 793/793/793 795/795/795 794/794/794 
f 794/794/794 795/795/795 796/796/796 
f 795/795/795 797/797/797 796/796/796 
f 796/796/796 797/797/797 797/797/797 
f 797/797/797 783/783/783 797/797/797 
f 797/797/797 783/783/783 783/783/783 
f 783/783/783 798/798/798 783/783/783 
f 783/783/783 798/798/798 781/781/781 

