mtllib model_6.mtl
o model_6
v 0.6088176965713501 5.3119916915893555 -0.31519582867622375 
v 0.3001334071159363 5.174508094787598 -0.19223624467849731 
v 0.5591009855270386 5.279642581939697 -0.10440739244222641 
v 0.15574200451374054 5.117897033691406 -0.11321672797203064 
v 0.10641743242740631 4.778231143951416 0.3089132308959961 
v 0.7417323589324951 5.263467788696289 -0.03702966123819351 
v -0.029300732538104057 4.333431720733643 0.7191960215568542 
v -0.22920408844947815 4.390042304992676 0.5862656831741333 
v -0.5253434777259827 4.398129940032959 0.7050063014030457 
v -0.45640116930007935 4.297039031982422 0.3876720666885376 
v -0.8694962859153748 4.567962646484375 0.6162372827529907 
v -0.05339879170060158 4.6043548583984375 0.17642530798912048 
v -0.5676681399345398 4.365780830383301 0.9463786482810974 
v 0.041529580950737 4.054420471191406 1.1687970161437988 
v 0.15748804807662964 4.195947647094727 0.6885766386985779 
v 0.2359943687915802 3.9533298015594482 1.0990451574325562 
v 0.43781939148902893 4.102944374084473 1.6829946041107178 
v 0.8423885703086853 4.272777080535889 2.0099124908447266 
v 0.8207462430000305 4.377911567687988 2.094644069671631 
v 0.6502694487571716 4.228296756744385 2.1189074516296387 
v -0.0580831877887249 3.9654605388641357 1.3267451524734497 
v 0.6504327058792114 5.057242393493652 -0.38227733969688416 
v 0.6305310726165771 5.218987941741943 -0.4173567593097687 
v 0.3001334071159363 5.174508094787598 -0.19223624467849731 
v 0.6088176965713501 5.3119916915893555 -0.31519582867622375 
v 0.8031051158905029 5.032980918884277 -0.3413750231266022 
v 0.6504327058792114 5.057242393493652 -0.38227733969688416 
v 0.3871302306652069 4.82271146774292 -0.32853633165359497 
v 0.42984700202941895 4.988500595092773 -0.35856711864471436 
v 0.3921056389808655 5.134071350097656 -0.31976649165153503 
v 1.6406728029251099 7.366158962249756 0.09925853461027145 
v 1.5925867557525635 7.006274700164795 -0.3980236351490021 
v 1.6219440698623657 7.398508071899414 0.08380063623189926 
v 1.545817255973816 6.90922737121582 -0.6033408045768738 
v 1.5747096538543701 6.747482776641846 -0.6226305365562439 
v 1.4494355916976929 6.213722229003906 -0.9312146306037903 
v 1.5720782279968262 6.157111167907715 -0.8993588089942932 
v 1.6014338731765747 7.042667865753174 -0.7247360348701477 
v 1.5524977445602417 6.848573207855225 -0.7056675553321838 
v 1.4550498723983765 6.2460713386535645 -1.0793066024780273 
v 1.2889450788497925 5.878100395202637 -0.8981262445449829 
v 1.220462441444397 5.8457512855529785 -1.0012825727462769 
v -0.9790651798248291 -0.013477420434355736 -0.16495883464813232 
v -0.7121021151542664 0.4677152931690216 -0.19469335675239563 
v -0.5696679353713989 -0.013477420434355736 -0.716017484664917 
v -0.3595653772354126 0.4515407383441925 -0.6265491843223572 
v 0.16711057722568512 -0.013477420434355736 -0.7514603137969971 
v 0.1893579363822937 0.43132254481315613 -0.6771378517150879 
v -0.07625304907560349 1.688893437385559 -0.3641529679298401 
v 0.22806105017662048 2.0366461277008057 -0.33682817220687866 
v -0.46301257610321045 3.2295188903808594 0.1653682142496109 
v -0.1319388747215271 3.302304267883301 0.08187294006347656 
v -0.053043901920318604 3.860326051712036 0.08927986770868301 
v -0.8364108800888062 4.191904544830322 0.4902358651161194 
v -0.45640116930007935 4.297039031982422 0.3876720666885376 
v -0.8694962859153748 4.567962646484375 0.6162372827529907 
v -0.9658761024475098 4.026115417480469 0.5955649018287659 
v -0.6680669784545898 3.2214314937591553 0.3744422197341919 
v -0.2777533233165741 1.7252862453460693 -0.10492882877588272 
v 0.0806141197681427 4.972325801849365 -0.1227608472108841 
v 0.11959938704967499 4.82271146774292 -0.1593690812587738 
v -0.05339879170060158 4.6043548583984375 0.17642530798912048 
v 0.22436675429344177 4.519438743591309 -0.044918570667505264 
v -0.1058889776468277 4.260645866394043 0.14534373581409454 
v 0.08587518334388733 4.123162269592285 0.12349416315555573 
v 0.24895809590816498 4.7661004066467285 -0.23855450749397278 
v 0.3871302306652069 4.82271146774292 -0.32853633165359497 
v -0.0580831877887249 3.9654605388641357 1.3267451524734497 
v -0.08470086753368378 3.7915842533111572 1.4027070999145508 
v -0.4299200475215912 3.8320207595825195 1.2681728601455688 
v -0.0819292962551117 3.573227882385254 1.3373756408691406 
v -0.5130451321601868 3.4155261516571045 1.0689905881881714 
v -0.25749146938323975 2.817068099975586 0.7646096348762512 
v -0.5488702058792114 3.003075361251831 0.6372058987617493 
v -0.24914295971393585 1.8627697229385376 0.2526993155479431 
v -0.6680669784545898 3.2214314937591553 0.3744422197341919 
v -0.2777533233165741 1.7252862453460693 -0.10492882877588272 
v -0.33045464754104614 1.333053469657898 0.22347834706306458 
v -0.011959570460021496 1.7859406471252441 0.4601181149482727 
v -0.06711486726999283 1.244093418121338 0.46822428703308105 
v -0.794370174407959 0.5283698439598083 0.31857988238334656 
v -0.30422550439834595 -0.013477420434355736 0.5505779385566711 
v -0.560634434223175 -0.013477420434355736 0.4497049152851105 
v -0.9790651798248291 -0.013477420434355736 -0.16495883464813232 
v -0.7121021151542664 0.4677152931690216 -0.19469335675239563 
v -0.6571171283721924 4.212122440338135 1.0695792436599731 
v -0.8186030387878418 3.9775917530059814 1.0394734144210815 
v -0.9440545439720154 3.860326051712036 0.7744619250297546 
v -0.9658761024475098 4.026115417480469 0.5955649018287659 
v -1.7021186351776123 5.198769569396973 1.1146926879882812 
v -1.6914935111999512 5.190682411193848 0.966655969619751 
v -1.5677491426467896 6.468471527099609 1.035562515258789 
v -1.5522178411483765 6.335031032562256 1.220926284790039 
v -1.6524001359939575 6.711089611053467 1.2111057043075562 
v -1.652967929840088 6.662566184997559 1.3505383729934692 
v -2.274348497390747 7.661344051361084 2.2739996910095215 
v -2.5104265213012695 7.928224563598633 2.718034505844116 
v -1.598595142364502 5.206857204437256 1.2269506454467773 
v 1.6406728029251099 7.366158962249756 0.09925853461027145 
v 1.6634844541549683 6.868791580200195 -0.5802547335624695 
v 1.5925867557525635 7.006274700164795 -0.3980236351490021 
v -0.059224121272563934 -0.013477420434355736 0.6840060353279114 
v 0.759396493434906 -0.013477420434355736 0.2398645132780075 
v 0.2080937772989273 0.13209348917007446 0.5671260952949524 
v 0.5568634867668152 1.0419116020202637 0.13740737736225128 
v 0.3278920352458954 1.3451844453811646 0.37454095482826233 
v 0.5203304886817932 1.9476861953735352 0.18711505830287933 
v 0.03829307109117508 2.8858096599578857 0.7330144643783569 
v -0.011959570460021496 1.7859406471252441 0.4601181149482727 
v -0.25749146938323975 2.817068099975586 0.7646096348762512 
v -0.0819292962551117 3.573227882385254 1.3373756408691406 
v 0.12635982036590576 3.5327913761138916 1.256882667541504 
v 0.2733808755874634 3.6015334129333496 1.1473898887634277 
v 0.2320108264684677 3.0839478969573975 0.5390664935112 
v -0.30422550439834595 -0.013477420434355736 0.5505779385566711 
v -0.06711486726999283 1.244093418121338 0.46822428703308105 
v -0.22920408844947815 4.390042304992676 0.5862656831741333 
v -0.05339879170060158 4.6043548583984375 0.17642530798912048 
v 0.10641743242740631 4.778231143951416 0.3089132308959961 
v 0.15574200451374054 5.117897033691406 -0.11321672797203064 
v 0.0806141197681427 4.972325801849365 -0.1227608472108841 
v 0.2956601679325104 3.860326051712036 0.5985947847366333 
v 0.15748804807662964 4.195947647094727 0.6885766386985779 
v 0.3842202126979828 4.321300983428955 0.3860563337802887 
v 0.8495907187461853 5.1502461433410645 -0.06634149700403214 
v 0.8952921032905579 5.05319881439209 -0.21399103105068207 
v 0.7417323589324951 5.263467788696289 -0.03702966123819351 
v -0.029300732538104057 4.333431720733643 0.7191960215568542 
v 0.22436675429344177 4.519438743591309 -0.044918570667505264 
v 0.2331109493970871 4.102944374084473 0.2689156234264374 
v 0.08587518334388733 4.123162269592285 0.12349416315555573 
v -0.053043901920318604 3.860326051712036 0.08927986770868301 
v 0.1592269241809845 3.172907829284668 0.2615639865398407 
v -0.1319388747215271 3.302304267883301 0.08187294006347656 
v 0.22806105017662048 2.0366461277008057 -0.33682817220687866 
v 0.4664527475833893 2.0406899452209473 -0.11850235611200333 
v 0.5021322965621948 0.9893444180488586 -0.2662624716758728 
v 0.1893579363822937 0.43132254481315613 -0.6771378517150879 
v 0.7419435977935791 0.30596983432769775 -0.3965184986591339 
v 0.6330187916755676 -0.013477420434355736 -0.4129718244075775 
v 0.759396493434906 -0.013477420434355736 0.2398645132780075 
v 0.5568634867668152 1.0419116020202637 0.13740737736225128 
v 0.5203304886817932 1.9476861953735352 0.18711505830287933 
v 0.2320108264684677 3.0839478969573975 0.5390664935112 
v 0.2956601679325104 3.860326051712036 0.5985947847366333 
v 0.3842202126979828 4.321300983428955 0.3860563337802887 
v 0.8031051158905029 5.032980918884277 -0.3413750231266022 
v 0.8952921032905579 5.05319881439209 -0.21399103105068207 
v 0.16711057722568512 -0.013477420434355736 -0.7514603137969971 
v 0.2733808755874634 3.6015334129333496 1.1473898887634277 
v 0.31012681126594543 3.7632787227630615 1.045395016670227 
v 0.2359943687915802 3.9533298015594482 1.0990451574325562 
v 0.15748804807662964 4.195947647094727 0.6885766386985779 
v 1.220462441444397 5.8457512855529785 -1.0012825727462769 
v 1.4145349264144897 5.886187553405762 -1.2823759317398071 
v 0.6088176965713501 5.3119916915893555 -0.31519582867622375 
v 0.6305310726165771 5.218987941741943 -0.4173567593097687 
v 0.6504327058792114 5.057242393493652 -0.38227733969688416 
v 1.459562063217163 5.756791591644287 -1.264449119567871 
v 1.3724961280822754 5.8134026527404785 -0.803518533706665 
v 1.2889450788497925 5.878100395202637 -0.8981262445449829 
v 0.7417323589324951 5.263467788696289 -0.03702966123819351 
v 0.5591009855270386 5.279642581939697 -0.10440739244222641 
v 0.6088176965713501 5.3119916915893555 -0.31519582867622375 
v 1.220462441444397 5.8457512855529785 -1.0012825727462769 
v 0.8952921032905579 5.05319881439209 -0.21399103105068207 
v 1.7853056192398071 5.898318767547607 -1.269568920135498 
v 0.8495907187461853 5.1502461433410645 -0.06634149700403214 
v 1.4741706848144531 5.724442481994629 -0.8525072336196899 
v 1.3724961280822754 5.8134026527404785 -0.803518533706665 
v 0.7417323589324951 5.263467788696289 -0.03702966123819351 
v 0.6504327058792114 5.057242393493652 -0.38227733969688416 
v 0.8031051158905029 5.032980918884277 -0.3413750231266022 
v 1.459562063217163 5.756791591644287 -1.264449119567871 
v 1.7155077457427979 5.8457512855529785 -1.3574885129928589 
v 1.7853056192398071 5.898318767547607 -1.269568920135498 
v 0.8952921032905579 5.05319881439209 -0.21399103105068207 
v 3.0776844024658203 7.871613025665283 -2.0723302364349365 
v 3.2574357986450195 7.58451509475708 -2.2206790447235107 
v 3.1858975887298584 7.5036420822143555 -2.1887874603271484 
v 3.382174015045166 7.58451509475708 -2.395779609680176 
v 3.2161757946014404 7.216544151306152 -2.2407429218292236 
v 3.451437473297119 7.560253620147705 -2.4843432903289795 
v 3.599487781524658 7.924180507659912 -2.846557855606079 
v 3.624577760696411 7.883744716644287 -2.8549959659576416 
v 3.1146433353424072 7.289330005645752 -2.2266123294830322 
v 2.68210768699646 6.711089611053467 -2.1464157104492188 
v 2.7360193729400635 6.64639139175415 -2.15671443939209 
v 1.8630986213684082 6.076239109039307 -1.2992125749588013 
v 2.7537879943847656 6.589780330657959 -2.213165283203125 
v 1.7853056192398071 5.898318767547607 -1.269568920135498 
v 1.6776618957519531 6.080282211303711 -0.985342800617218 
v 1.4741706848144531 5.724442481994629 -0.8525072336196899 
v 1.3724961280822754 5.8134026527404785 -0.803518533706665 
v 1.5720782279968262 6.157111167907715 -0.8993588089942932 
v 1.5747096538543701 6.747482776641846 -0.6226305365562439 
v 1.6634844541549683 6.868791580200195 -0.5802547335624695 
v 1.5925867557525635 7.006274700164795 -0.3980236351490021 
v 1.779299259185791 6.1935038566589355 -1.3328185081481934 
v 1.619449257850647 6.2541584968566895 -1.1493903398513794 
v 1.691628098487854 6.217766284942627 -1.0309420824050903 
v -1.9760408401489258 7.790740489959717 2.238074779510498 
v -2.134256601333618 7.7260422706604 2.3278355598449707 
v -2.040579080581665 7.750304222106934 2.0892086029052734 
v -2.274348497390747 7.661344051361084 2.2739996910095215 
v -2.5065529346466064 7.992922782897949 2.689753770828247 
v -2.4527835845947266 8.0090970993042 2.714313268661499 
v -2.465505838394165 7.9727044105529785 2.7621049880981445 
v 1.619449257850647 6.2541584968566895 -1.1493903398513794 
v 1.631641149520874 6.812180995941162 -0.7592623829841614 
v 1.691628098487854 6.217766284942627 -1.0309420824050903 
v 1.6751049757003784 6.9173150062561035 -0.6650971174240112 
v 1.6634844541549683 6.868791580200195 -0.5802547335624695 
v 1.6406728029251099 7.366158962249756 0.09925853461027145 
v 1.6178895235061646 7.0871477127075195 -0.45874884724617004 
v 1.6219440698623657 7.398508071899414 0.08380063623189926 
v 1.6014338731765747 7.042667865753174 -0.7247360348701477 
v 1.6776618957519531 6.080282211303711 -0.985342800617218 
v 1.6638038158416748 7.095235347747803 -0.6586856245994568 
v 1.6471350193023682 7.4793806076049805 -0.8723855018615723 
v 1.6014338731765747 7.042667865753174 -0.7247360348701477 
v 1.5524977445602417 6.848573207855225 -0.7056675553321838 
v 1.631641149520874 6.812180995941162 -0.7592623829841614 
v 1.4550498723983765 6.2460713386535645 -1.0793066024780273 
v 1.619449257850647 6.2541584968566895 -1.1493903398513794 
v 0.2331109493970871 4.102944374084473 0.2689156234264374 
v 0.22436675429344177 4.519438743591309 -0.044918570667505264 
v 0.8031051158905029 5.032980918884277 -0.3413750231266022 
v 1.1149693727493286 4.907627582550049 2.446489095687866 
v 1.1537415981292725 4.879322528839111 2.462167978286743 
v 1.0972360372543335 4.907627582550049 2.49422550201416 
v 1.6471350193023682 7.4793806076049805 -0.8723855018615723 
v 1.6146175861358643 7.4793806076049805 -0.8858168125152588 
v 1.618242621421814 7.483424663543701 -0.8530958294868469 
v 1.128509759902954 4.871235370635986 2.5054643154144287 
v 0.7999574542045593 4.272777080535889 2.277428388595581 
v 1.0972360372543335 4.907627582550049 2.49422550201416 
v 0.6502694487571716 4.228296756744385 2.1189074516296387 
v 0.6673285365104675 4.058464050292969 2.2367472648620605 
v -0.08470086753368378 3.7915842533111572 1.4027070999145508 
v 0.41447195410728455 3.8037149906158447 1.8788230419158936 
v -0.0819292962551117 3.573227882385254 1.3373756408691406 
v -0.0580831877887249 3.9654605388641357 1.3267451524734497 
v 0.6647343635559082 3.7713658809661865 2.2585060596466064 
v 0.9025582671165466 3.6702752113342285 2.616264581680298 
v 0.844950795173645 3.5489659309387207 2.611271381378174 
v 1.0333064794540405 3.573227882385254 3.118816614151001 
v -1.7950809001922607 8.255758285522461 2.100633144378662 
v -1.7373316287994385 8.231496810913086 2.070768356323242 
v -1.7577300071716309 8.263846397399902 2.1576924324035645 
v -1.7075145244598389 8.223409652709961 2.1321017742156982 
v 1.1537415981292725 4.879322528839111 2.462167978286743 
v 0.8423885703086853 4.272777080535889 2.0099124908447266 
v 0.9330477118492126 4.256602764129639 2.204820394515991 
v 0.89093416929245 4.0099406242370605 2.0867040157318115 
v 0.8876303434371948 3.9492859840393066 2.2827537059783936 
v 1.0217887163162231 3.6177079677581787 2.5631120204925537 
v 0.794731855392456 3.8320207595825195 2.022459030151367 
v 0.9604496955871582 3.49639892578125 2.551541566848755 
v 1.106053113937378 3.597489595413208 3.097832202911377 
v 0.2359943687915802 3.9533298015594482 1.0990451574325562 
v 0.31012681126594543 3.7632787227630615 1.045395016670227 
v 0.2733808755874634 3.6015334129333496 1.1473898887634277 
v 0.6504327058792114 5.057242393493652 -0.38227733969688416 
v 0.3921056389808655 5.134071350097656 -0.31976649165153503 
v -0.2549079954624176 5.267511367797852 -1.1003581285476685 
v -0.3891356289386749 5.227075099945068 -1.0560861825942993 
v -0.16673830151557922 5.251337051391602 -1.2170366048812866 
v 1.4550498723983765 6.2460713386535645 -1.0793066024780273 
v 1.220462441444397 5.8457512855529785 -1.0012825727462769 
v 1.5916215181350708 6.116674900054932 -1.391537070274353 
v 1.4145349264144897 5.886187553405762 -1.2823759317398071 
v 2.6152236461639404 6.666609764099121 -2.3345248699188232 
v 2.6703789234161377 6.605954647064209 -2.3426311016082764 
v 3.155440092086792 7.252936840057373 -2.400460958480835 
v 2.7252860069274902 6.573605537414551 -2.2897355556488037 
v 3.3059089183807373 7.378289699554443 -2.433659791946411 
v 3.3136911392211914 7.568340301513672 -2.4989359378814697 
v 3.5870492458343506 7.887787818908691 -2.8684823513031006 
v 2.5911645889282227 6.719176769256592 -2.2716071605682373 
v 3.1063265800476074 7.32167911529541 -2.3378195762634277 
v 3.2100985050201416 7.608777046203613 -2.2865633964538574 
v 3.133513927459717 7.576427936553955 -2.2460126876831055 
v 3.0339367389678955 7.859482288360596 -2.0967791080474854 
v 1.459562063217163 5.756791591644287 -1.264449119567871 
v -1.2735668420791626 7.523860454559326 0.4745173156261444 
v -1.1984034776687622 7.507686138153076 0.4753468930721283 
v -1.2745267152786255 7.495555400848389 0.4026084840297699 
v -1.2044097185134888 7.467249870300293 0.412097305059433 
v -1.6524001359939575 6.711089611053467 1.2111057043075562 
v -1.5684587955474854 6.852616786956787 1.2098534107208252 
v -1.4833818674087524 6.880922317504883 0.9297357201576233 
v -1.2735668420791626 7.523860454559326 0.4745173156261444 
v -1.1984034776687622 7.507686138153076 0.4753468930721283 
v -1.3622314929962158 6.89305305480957 1.020400881767273 
v -1.3114465475082397 6.557431221008301 1.1625791788101196 
v -1.4120547771453857 6.775787830352783 1.2573330402374268 
v -1.4790079593658447 6.674696922302246 1.3938543796539307 
v -1.8345646858215332 7.374245643615723 1.9520434141159058 
v -1.906741976737976 7.406594753265381 2.140796661376953 
v -1.8403918743133545 7.734129905700684 2.1524226665496826 
v -2.054011344909668 7.467249870300293 2.311291217803955 
v -1.9760408401489258 7.790740489959717 2.238074779510498 
v -2.109450578689575 7.645169258117676 2.3891139030456543 
v -2.134256601333618 7.7260422706604 2.3278355598449707 
v -2.4527835845947266 8.0090970993042 2.714313268661499 
v -2.465505838394165 7.9727044105529785 2.7621049880981445 
v -1.411948323249817 6.2460713386535645 1.2311893701553345 
v -1.7075145244598389 8.223409652709961 2.1321017742156982 
v -1.7577300071716309 8.263846397399902 2.1576924324035645 
v 1.106053113937378 3.597489595413208 3.097832202911377 
v 0.9604496955871582 3.49639892578125 2.551541566848755 
v 1.0333064794540405 3.573227882385254 3.118816614151001 
v 0.844950795173645 3.5489659309387207 2.611271381378174 
v 0.6647343635559082 3.7713658809661865 2.2585060596466064 
v 0.7055667638778687 3.7713658809661865 2.0759432315826416 
v 0.41447195410728455 3.8037149906158447 1.8788230419158936 
v 0.12635982036590576 3.5327913761138916 1.256882667541504 
v -0.0819292962551117 3.573227882385254 1.3373756408691406 
v 0.794731855392456 3.8320207595825195 2.022459030151367 
v 0.2733808755874634 3.6015334129333496 1.1473898887634277 
v -1.4458534717559814 6.250115394592285 0.9432223439216614 
v -1.5677491426467896 6.468471527099609 1.035562515258789 
v -1.3727874755859375 6.7555694580078125 0.8438069820404053 
v -1.2745267152786255 7.495555400848389 0.4026084840297699 
v -1.2044097185134888 7.467249870300293 0.412097305059433 
v 1.4494355916976929 6.213722229003906 -0.9312146306037903 
v 1.5720782279968262 6.157111167907715 -0.8993588089942932 
v 1.2889450788497925 5.878100395202637 -0.8981262445449829 
v 1.5720782279968262 6.157111167907715 -0.8993588089942932 
v 1.2889450788497925 5.878100395202637 -0.8981262445449829 
v 1.3724961280822754 5.8134026527404785 -0.803518533706665 
v -1.7373316287994385 8.231496810913086 2.070768356323242 
v -1.7950809001922607 8.255758285522461 2.100633144378662 
v -1.897573471069336 7.774565696716309 2.0428547859191895 
v -2.040579080581665 7.750304222106934 2.0892086029052734 
v -1.9107946157455444 7.414682388305664 1.9054486751556396 
v -1.9933146238327026 7.378289699554443 1.8653206825256348 
v -2.274348497390747 7.661344051361084 2.2739996910095215 
v -1.6524001359939575 6.711089611053467 1.2111057043075562 
v -1.5684587955474854 6.852616786956787 1.2098534107208252 
v 1.619449257850647 6.2541584968566895 -1.1493903398513794 
v 1.691628098487854 6.217766284942627 -1.0309420824050903 
v 1.8630986213684082 6.076239109039307 -1.2992125749588013 
v 3.2574357986450195 7.58451509475708 -2.2206790447235107 
v 3.2100985050201416 7.608777046203613 -2.2865633964538574 
v 3.382174015045166 7.58451509475708 -2.395779609680176 
v 3.3136911392211914 7.568340301513672 -2.4989359378814697 
v 3.599487781524658 7.924180507659912 -2.846557855606079 
v 2.7537879943847656 6.589780330657959 -2.213165283203125 
v 1.7853056192398071 5.898318767547607 -1.269568920135498 
v 2.7252860069274902 6.573605537414551 -2.2897355556488037 
v 1.7155077457427979 5.8457512855529785 -1.3574885129928589 
v 1.459562063217163 5.756791591644287 -1.264449119567871 
v 2.6703789234161377 6.605954647064209 -2.3426311016082764 
v -0.9658761024475098 4.026115417480469 0.5955649018287659 
v -0.8364108800888062 4.191904544830322 0.4902358651161194 
v -1.6914935111999512 5.190682411193848 0.966655969619751 
v -1.5846306085586548 5.235162258148193 0.8741498589515686 
v -1.4458534717559814 6.250115394592285 0.9432223439216614 
v -1.4481282234191895 5.344340801239014 0.8865501284599304 
v -0.8694962859153748 4.567962646484375 0.6162372827529907 
v -1.5677491426467896 6.468471527099609 1.035562515258789 
v -1.3495800495147705 5.307947635650635 0.990038275718689 
v -0.5676681399345398 4.365780830383301 0.9463786482810974 
v -0.5253434777259827 4.398129940032959 0.7050063014030457 
v -1.5522178411483765 6.335031032562256 1.220926284790039 
v -1.411948323249817 6.2460713386535645 1.2311893701553345 
v -1.598595142364502 5.206857204437256 1.2269506454467773 
v -1.4482684135437012 5.231118679046631 1.2286098003387451 
v -0.8186030387878418 3.9775917530059814 1.0394734144210815 
v -0.6571171283721924 4.212122440338135 1.0695792436599731 
v -0.5676681399345398 4.365780830383301 0.9463786482810974 
v -1.355194330215454 5.307947635650635 1.1381303071975708 
v -1.3114465475082397 6.557431221008301 1.1625791788101196 
v -0.5253434777259827 4.398129940032959 0.7050063014030457 
v -0.8694962859153748 4.567962646484375 0.6162372827529907 
v -1.3495800495147705 5.307947635650635 0.990038275718689 
v -1.4481282234191895 5.344340801239014 0.8865501284599304 
v -1.3097058534622192 6.371424198150635 1.0427680015563965 
v -1.4458534717559814 6.250115394592285 0.9432223439216614 
v -1.3054065704345703 6.707046031951904 0.9099127054214478 
v -1.3727874755859375 6.7555694580078125 0.8438069820404053 
v -1.2044097185134888 7.467249870300293 0.412097305059433 
v -1.1984034776687622 7.507686138153076 0.4753468930721283 
v -1.3114465475082397 6.557431221008301 1.1625791788101196 
v -1.355194330215454 5.307947635650635 1.1381303071975708 
v -0.5676681399345398 4.365780830383301 0.9463786482810974 
v -1.9933146238327026 7.378289699554443 1.8653206825256348 
v -1.9107946157455444 7.414682388305664 1.9054486751556396 
v -1.5684587955474854 6.852616786956787 1.2098534107208252 
v -1.8345646858215332 7.374245643615723 1.9520434141159058 
v -1.4120547771453857 6.775787830352783 1.2573330402374268 
v -1.3622314929962158 6.89305305480957 1.020400881767273 
v -1.4833818674087524 6.880922317504883 0.9297357201576233 
v 2.68210768699646 6.711089611053467 -2.1464157104492188 
v 2.623433828353882 6.743438720703125 -2.197174072265625 
v 3.1146433353424072 7.289330005645752 -2.2266123294830322 
v 3.1063265800476074 7.32167911529541 -2.3378195762634277 
v 3.1858975887298584 7.5036420822143555 -2.1887874603271484 
v 3.133513927459717 7.576427936553955 -2.2460126876831055 
v 3.0339367389678955 7.859482288360596 -2.0967791080474854 
v 3.0776844024658203 7.871613025665283 -2.0723302364349365 
v 2.5911645889282227 6.719176769256592 -2.2716071605682373 
v 1.6471350193023682 7.4793806076049805 -0.8723855018615723 
v 1.6638038158416748 7.095235347747803 -0.6586856245994568 
v 1.618242621421814 7.483424663543701 -0.8530958294868469 
v 1.594788670539856 7.091191291809082 -0.6311238408088684 
v 0.2080937772989273 0.13209348917007446 0.5671260952949524 
v -0.059224121272563934 -0.013477420434355736 0.6840060353279114 
v -0.30422550439834595 -0.013477420434355736 0.5505779385566711 
v 0.3871302306652069 4.82271146774292 -0.32853633165359497 
v -0.0757952630519867 4.9116716384887695 -1.0918450355529785 
v 0.42984700202941895 4.988500595092773 -0.35856711864471436 
v -0.15135079622268677 5.109809875488281 -1.30401611328125 
v 0.3921056389808655 5.134071350097656 -0.31976649165153503 
v -0.16673830151557922 5.251337051391602 -1.2170366048812866 
v -0.6645253300666809 6.189460277557373 -1.7258182764053345 
v -0.7394403219223022 6.128805637359619 -1.7876496315002441 
v -0.28003519773483276 5.093635082244873 -1.3904069662094116 
v -0.733646810054779 6.221809387207031 -1.6721127033233643 
v -0.809947669506073 6.144980430603027 -1.7012784481048584 
v -0.3891356289386749 5.227075099945068 -1.0560861825942993 
v -0.4642280638217926 5.085547924041748 -1.0743448734283447 
v 0.15574200451374054 5.117897033691406 -0.11321672797203064 
v 0.0806141197681427 4.972325801849365 -0.1227608472108841 
v 0.11959938704967499 4.82271146774292 -0.1593690812587738 
v -0.4650815427303314 4.972325801849365 -1.172397255897522 
v 0.3871302306652069 4.82271146774292 -0.32853633165359497 
v 0.24895809590816498 4.7661004066467285 -0.23855450749397278 
v -0.0757952630519867 4.9116716384887695 -1.0918450355529785 
v -0.27978503704071045 4.887409687042236 -1.1442073583602905 
v -0.28003519773483276 5.093635082244873 -1.3904069662094116 
v -0.46785491704940796 5.198769569396973 -1.4142674207687378 
v -0.4650815427303314 4.972325801849365 -1.172397255897522 
v 0.11959938704967499 4.82271146774292 -0.1593690812587738 
v -0.3891356289386749 5.227075099945068 -1.0560861825942993 
v -0.2549079954624176 5.267511367797852 -1.1003581285476685 
v -0.733646810054779 6.221809387207031 -1.6721127033233643 
v -0.6645253300666809 6.189460277557373 -1.7258182764053345 
v -0.16673830151557922 5.251337051391602 -1.2170366048812866 
v 0.9025582671165466 3.6702752113342285 2.616264581680298 
v 0.8876303434371948 3.9492859840393066 2.2827537059783936 
v 0.6673285365104675 4.058464050292969 2.2367472648620605 
v 1.4550498723983765 6.2460713386535645 -1.0793066024780273 
v 1.5916215181350708 6.116674900054932 -1.391537070274353 
v 1.619449257850647 6.2541584968566895 -1.1493903398513794 
v 1.779299259185791 6.1935038566589355 -1.3328185081481934 
v 2.5911645889282227 6.719176769256592 -2.2716071605682373 
v 2.623433828353882 6.743438720703125 -2.197174072265625 
v 2.68210768699646 6.711089611053467 -2.1464157104492188 
v -0.4299200475215912 3.8320207595825195 1.2681728601455688 
v -0.0580831877887249 3.9654605388641357 1.3267451524734497 
v -0.6571171283721924 4.212122440338135 1.0695792436599731 
v -0.5676681399345398 4.365780830383301 0.9463786482810974 
v 1.6219440698623657 7.398508071899414 0.08380063623189926 
v 1.6178895235061646 7.0871477127075195 -0.45874884724617004 
v 1.545817255973816 6.90922737121582 -0.6033408045768738 
v 0.8031051158905029 5.032980918884277 -0.3413750231266022 
v 0.3871302306652069 4.82271146774292 -0.32853633165359497 
v 0.22436675429344177 4.519438743591309 -0.044918570667505264 
v 1.0972360372543335 4.907627582550049 2.49422550201416 
v 1.128509759902954 4.871235370635986 2.5054643154144287 
v 1.1537415981292725 4.879322528839111 2.462167978286743 
v 0.9330477118492126 4.256602764129639 2.204820394515991 
v 0.7999574542045593 4.272777080535889 2.277428388595581 
v 0.8876303434371948 3.9492859840393066 2.2827537059783936 
v 0.6673285365104675 4.058464050292969 2.2367472648620605 
v -0.733646810054779 6.221809387207031 -1.6721127033233643 
v -0.6645253300666809 6.189460277557373 -1.7258182764053345 
v -0.7394403219223022 6.128805637359619 -1.7876496315002441 
v -0.733646810054779 6.221809387207031 -1.6721127033233643 
v -0.809947669506073 6.144980430603027 -1.7012784481048584 
v -0.7394403219223022 6.128805637359619 -1.7876496315002441 
v -0.46785491704940796 5.198769569396973 -1.4142674207687378 
v -0.28003519773483276 5.093635082244873 -1.3904069662094116 
v -0.4650815427303314 4.972325801849365 -1.172397255897522 
v 3.599487781524658 7.924180507659912 -2.846557855606079 
v 3.5870492458343506 7.887787818908691 -2.8684823513031006 
v 3.624577760696411 7.883744716644287 -2.8549959659576416 
v -2.465505838394165 7.9727044105529785 2.7621049880981445 
v -2.5065529346466064 7.992922782897949 2.689753770828247 
v -2.5104265213012695 7.928224563598633 2.718034505844116 
v -1.5677491426467896 6.468471527099609 1.035562515258789 
v -1.4833818674087524 6.880922317504883 0.9297357201576233 
v -1.6524001359939575 6.711089611053467 1.2111057043075562 
v -1.4790079593658447 6.674696922302246 1.3938543796539307 
v -1.5522178411483765 6.335031032562256 1.220926284790039 
v -1.411948323249817 6.2460713386535645 1.2311893701553345 
v -1.652967929840088 6.662566184997559 1.3505383729934692 
v -1.4790079593658447 6.674696922302246 1.3938543796539307 
v -1.5522178411483765 6.335031032562256 1.220926284790039 
v -1.8345646858215332 7.374245643615723 1.9520434141159058 
v -1.9107946157455444 7.414682388305664 1.9054486751556396 
v -1.8403918743133545 7.734129905700684 2.1524226665496826 
v -1.897573471069336 7.774565696716309 2.0428547859191895 
v -1.7075145244598389 8.223409652709961 2.1321017742156982 
v -1.7373316287994385 8.231496810913086 2.070768356323242 
v 3.624577760696411 7.883744716644287 -2.8549959659576416 
v 3.451437473297119 7.560253620147705 -2.4843432903289795 
v 3.3059089183807373 7.378289699554443 -2.433659791946411 
v 3.2161757946014404 7.216544151306152 -2.2407429218292236 
v 2.7252860069274902 6.573605537414551 -2.2897355556488037 
v 2.7537879943847656 6.589780330657959 -2.213165283203125 
v 1.6178895235061646 7.0871477127075195 -0.45874884724617004 
v 1.594788670539856 7.091191291809082 -0.6311238408088684 
v 1.545817255973816 6.90922737121582 -0.6033408045768738 
v 1.6146175861358643 7.4793806076049805 -0.8858168125152588 
v 1.618242621421814 7.483424663543701 -0.8530958294868469 
v 1.6178895235061646 7.0871477127075195 -0.45874884724617004 
v 1.6638038158416748 7.095235347747803 -0.6586856245994568 
v 1.594788670539856 7.091191291809082 -0.6311238408088684 
v -2.465505838394165 7.9727044105529785 2.7621049880981445 
v -2.054011344909668 7.467249870300293 2.311291217803955 
v -2.5104265213012695 7.928224563598633 2.718034505844116 
v -2.062114953994751 7.3176350593566895 2.147796630859375 
v -1.652967929840088 6.662566184997559 1.3505383729934692 
v -1.4790079593658447 6.674696922302246 1.3938543796539307 
v -1.3622314929962158 6.89305305480957 1.020400881767273 
v -1.4833818674087524 6.880922317504883 0.9297357201576233 
v -1.2735668420791626 7.523860454559326 0.4745173156261444 
v -1.2745267152786255 7.495555400848389 0.4026084840297699 
v -1.5677491426467896 6.468471527099609 1.035562515258789 
v -2.040579080581665 7.750304222106934 2.0892086029052734 
v -1.7950809001922607 8.255758285522461 2.100633144378662 
v -1.9760408401489258 7.790740489959717 2.238074779510498 
v -1.7577300071716309 8.263846397399902 2.1576924324035645 
v -2.5104265213012695 7.928224563598633 2.718034505844116 
v -2.274348497390747 7.661344051361084 2.2739996910095215 
v -2.5065529346466064 7.992922782897949 2.689753770828247 
v 1.6751049757003784 6.9173150062561035 -0.6650971174240112 
v 1.6014338731765747 7.042667865753174 -0.7247360348701477 
v 1.6471350193023682 7.4793806076049805 -0.8723855018615723 
v 1.6146175861358643 7.4793806076049805 -0.8858168125152588 
v 1.545817255973816 6.90922737121582 -0.6033408045768738 
v 3.0776844024658203 7.871613025665283 -2.0723302364349365 
v 3.2574357986450195 7.58451509475708 -2.2206790447235107 
v 3.2100985050201416 7.608777046203613 -2.2865633964538574 
v 3.0339367389678955 7.859482288360596 -2.0967791080474854 
v 3.2100985050201416 7.608777046203613 -2.2865633964538574 
v 3.0776844024658203 7.871613025665283 -2.0723302364349365 
v 3.5870492458343506 7.887787818908691 -2.8684823513031006 
v 3.624577760696411 7.883744716644287 -2.8549959659576416 
v 3.3059089183807373 7.378289699554443 -2.433659791946411 
v 3.599487781524658 7.924180507659912 -2.846557855606079 
v 3.3136911392211914 7.568340301513672 -2.4989359378814697 
v 3.5870492458343506 7.887787818908691 -2.8684823513031006 
v 0.6502694487571716 4.228296756744385 2.1189074516296387 
v 1.0972360372543335 4.907627582550049 2.49422550201416 
v 0.8207462430000305 4.377911567687988 2.094644069671631 
v 1.1149693727493286 4.907627582550049 2.446489095687866 
v 1.1537415981292725 4.879322528839111 2.462167978286743 
v 0.8423885703086853 4.272777080535889 2.0099124908447266 
v 0.9025582671165466 3.6702752113342285 2.616264581680298 
v 0.8876303434371948 3.9492859840393066 2.2827537059783936 
v 1.0217887163162231 3.6177079677581787 2.5631120204925537 
v 1.0217887163162231 3.6177079677581787 2.5631120204925537 
v 0.9025582671165466 3.6702752113342285 2.616264581680298 
v 1.106053113937378 3.597489595413208 3.097832202911377 
v 1.0333064794540405 3.573227882385254 3.118816614151001 
v -0.3319823443889618 4.0705952644348145 0.2910022437572479 
v -0.9966210722923279 5.101722240447998 -0.16079512238502502 
v -0.3026622533798218 4.357693195343018 0.4743395149707794 
v -0.9370936155319214 5.198769569396973 -0.011984177865087986 
v -1.2236051559448242 5.946842670440674 -0.41167595982551575 
v -1.1828066110610962 6.0155839920043945 -0.2783229649066925 
v -2.0475614070892334 6.864747524261475 -0.8107633590698242 
v -1.3752467632293701 5.906405925750732 -0.39809849858283997 
v -1.1671688556671143 5.028936862945557 -0.11910279095172882 
v -0.6167851686477661 3.9088497161865234 0.39461684226989746 
v -0.7618508338928223 4.094857215881348 0.6392126679420471 
v -1.2092095613479614 5.085547924041748 0.05255323275923729 
v -0.5691266655921936 4.373867988586426 0.6892719268798828 
v -1.0666652917861938 5.190682411193848 0.11948848515748978 
v -1.425923466682434 5.950885772705078 -0.25921890139579773 
v -1.3084691762924194 6.0155839920043945 -0.18384554982185364 
v -1.1828066110610962 6.0155839920043945 -0.2783229649066925 
v -0.9370936155319214 5.198769569396973 -0.011984177865087986 
v -0.3026622533798218 4.357693195343018 0.4743395149707794 
v 0.024681681767106056 4.030158996582031 0.6914682984352112 
v 0.038184817880392075 3.7875404357910156 0.4519566297531128 
v 1.2814198732376099 4.353650093078613 0.642155647277832 
v 1.3491202592849731 4.179773330688477 0.6298304200172424 
v 2.1735360622406006 4.527526378631592 0.6084272861480713 
v 2.2186341285705566 4.377911567687988 0.608924925327301 
v 3.2817628383636475 5.041068077087402 1.0346181392669678 
v 2.2418413162231445 4.337475299835205 0.7551563382148743 
v 2.208897829055786 4.458784103393555 0.8462994694709778 
v 2.166677951812744 4.5760498046875 0.7543267607688904 
v 1.2965607643127441 4.236384391784668 0.9233794808387756 
v 1.2455984354019165 4.390042304992676 0.824773907661438 
v 0.11367116123437881 3.888631582260132 0.9887583255767822 
v 0.024681681767106056 4.030158996582031 0.6914682984352112 
v 0.13403230905532837 3.49639892578125 0.60334712266922 
v 1.2455984354019165 4.390042304992676 0.824773907661438 
v 2.166677951812744 4.5760498046875 0.7543267607688904 
v 1.3584321737289429 4.106987953186035 0.8042319416999817 
v 0.18279269337654114 3.5610971450805664 0.9350528717041016 
v -0.6652154922485352 4.458784103393555 1.827689290046692 
v -0.47156864404678345 4.4264349937438965 1.6511703729629517 
v -0.6783654689788818 4.483046054840088 1.6728540658950806 
v -0.3885163366794586 4.422391414642334 1.5605801343917847 
v -0.43088001012802124 4.276820659637451 1.1962640285491943 
v -0.8148679137229919 4.462828159332275 1.6604537963867188 
v -0.4079601764678955 4.0705952644348145 0.7978087067604065 
v -0.24409301578998566 4.106987953186035 0.8584430813789368 
v 0.1931055337190628 4.381955146789551 2.0942533016204834 
v 0.11015962809324265 4.3859992027282715 2.1586997509002686 
v -0.5020243525505066 4.361737251281738 1.7466984987258911 
v -0.6626922488212585 4.268733501434326 1.8233596086502075 
v 0.0772162601351738 4.341518878936768 2.249842882156372 
v -0.6626922488212585 4.268733501434326 1.8233596086502075 
v -0.6503956913948059 4.369824409484863 1.8801424503326416 
v -0.47156864404678345 4.4264349937438965 1.6511703729629517 
v -0.6652154922485352 4.458784103393555 1.827689290046692 
v -0.7729318737983704 4.2404279708862305 1.8221429586410522 
v -0.6626922488212585 4.268733501434326 1.8233596086502075 
v -0.47920918464660645 4.147424221038818 1.6815882921218872 
v -0.5120461583137512 4.252558708190918 1.746587872505188 
v -0.5020243525505066 4.361737251281738 1.7466984987258911 
v -1.5863641500473022 5.817445755004883 2.2227671146392822 
v -1.4181959629058838 5.477780818939209 2.4577476978302 
v -1.5726463794708252 5.8376641273498535 2.2381696701049805 
v -1.3334366083145142 5.380733489990234 2.5632622241973877 
v -1.338376522064209 5.263467788696289 2.5457780361175537 
v -1.1506987810134888 4.851016998291016 2.604496479034424 
v -1.2370922565460205 4.802493095397949 2.592649221420288 
v -1.3502099514007568 5.441388130187988 2.6829075813293457 
v -1.3123621940612793 5.316035270690918 2.6179633140563965 
v -1.1210592985153198 4.842929363250732 2.7094027996063232 
v -1.029905080795288 4.648835182189941 2.4751055240631104 
v -0.9536753296852112 4.612442493438721 2.521700382232666 
v -1.5863641500473022 5.817445755004883 2.2227671146392822 
v -1.4181959629058838 5.477780818939209 2.4577476978302 
v -1.4173778295516968 5.344340801239014 2.564514636993408 
v -0.33681046962738037 3.7956278324127197 1.1689786911010742 
v -0.41414037346839905 4.018028259277344 1.392534852027893 
v -0.21644262969493866 3.9169368743896484 1.1441624164581299 
v -0.28311195969581604 4.151467800140381 1.2109674215316772 
v -0.03765105456113815 4.034202575683594 0.9239048957824707 
v -0.3269643485546112 4.32938814163208 1.5198636054992676 
v -0.3382299542427063 4.216166019439697 1.517560601234436 
v -0.4023761451244354 4.147424221038818 1.5800358057022095 
v -0.47920918464660645 4.147424221038818 1.6815882921218872 
v -0.24409301578998566 4.106987953186035 0.8584430813789368 
v -0.28311195969581604 4.151467800140381 1.2109674215316772 
v -0.43088001012802124 4.276820659637451 1.1962640285491943 
v -0.3885163366794586 4.422391414642334 1.5605801343917847 
v -0.3269643485546112 4.32938814163208 1.5198636054992676 
v -0.5734969973564148 3.682406187057495 0.8395563364028931 
v -0.520829439163208 3.9452426433563232 0.8270652294158936 
v -0.6108817458152771 3.9452426433563232 1.098413109779358 
v -0.8750696182250977 4.365780830383301 1.677219271659851 
v -0.8678904175758362 4.264689922332764 1.7600903511047363 
v -0.8148679137229919 4.462828159332275 1.6604537963867188 
v -0.4079601764678955 4.0705952644348145 0.7978087067604065 
v -0.41414037346839905 4.018028259277344 1.392534852027893 
v -0.4718206524848938 3.7915842533111572 1.0977691411972046 
v -0.33681046962738037 3.7956278324127197 1.1689786911010742 
v -0.9536753296852112 4.612442493438721 2.521700382232666 
v -0.6652154922485352 4.458784103393555 1.827689290046692 
v -1.0260297060012817 4.563918590545654 2.754026412963867 
v -0.6503956913948059 4.369824409484863 1.8801424503326416 
v -0.6626922488212585 4.268733501434326 1.8233596086502075 
v -1.053465485572815 4.4709153175354 2.7232213020324707 
v -1.1035761833190918 4.612442493438721 2.415466785430908 
v -1.029905080795288 4.648835182189941 2.4751055240631104 
v -0.8148679137229919 4.462828159332275 1.6604537963867188 
v -0.6783654689788818 4.483046054840088 1.6728540658950806 
v -0.6652154922485352 4.458784103393555 1.827689290046692 
v -0.9536753296852112 4.612442493438721 2.521700382232666 
v -0.8678904175758362 4.264689922332764 1.7600903511047363 
v -1.280625343322754 4.527526378631592 2.8231146335601807 
v -0.8750696182250977 4.365780830383301 1.677219271659851 
v -1.1550709009170532 4.527526378631592 2.4475793838500977 
v -1.1035761833190918 4.612442493438721 2.415466785430908 
v -0.8148679137229919 4.462828159332275 1.6604537963867188 
v -0.6626922488212585 4.268733501434326 1.8233596086502075 
v -0.7729318737983704 4.2404279708862305 1.8221429586410522 
v -1.053465485572815 4.4709153175354 2.7232213020324707 
v -1.2080916166305542 4.483046054840088 2.854417562484741 
v -1.280625343322754 4.527526378631592 2.8231146335601807 
v -0.8678904175758362 4.264689922332764 1.7600903511047363 
v -2.099952220916748 5.558653354644775 4.055950164794922 
v -2.170388698577881 5.3119916915893555 4.124892234802246 
v -2.122554302215576 5.271555423736572 4.06877326965332 
v -2.2160544395446777 5.263467788696289 4.263827323913574 
v -2.1149492263793945 5.061285972595215 4.047069549560547 
v -2.2413928508758545 5.218987941741943 4.3332672119140625 
v -2.27913236618042 5.380733489990234 4.679269313812256 
v -2.2929210662841797 5.348384380340576 4.681295871734619 
v -2.0535037517547607 5.125984191894531 4.032496452331543 
v -1.7429721355438232 4.802493095397949 3.763582229614258 
v -1.7717937231063843 4.7499260902404785 3.7654428482055664 
v -1.342319130897522 4.632660865783691 2.8986895084381104 
v -1.766889214515686 4.693315029144287 3.7916417121887207 
v -1.280625343322754 4.527526378631592 2.8231146335601807 
v -1.2849619388580322 4.721620559692383 2.657482862472534 
v -1.1550709009170532 4.527526378631592 2.4475793838500977 
v -1.1035761833190918 4.612442493438721 2.415466785430908 
v -1.2370922565460205 4.802493095397949 2.592649221420288 
v -1.338376522064209 5.263467788696289 2.5457780361175537 
v -1.4173778295516968 5.344340801239014 2.564514636993408 
v -1.4181959629058838 5.477780818939209 2.4577476978302 
v -1.2810511589050293 4.71757698059082 2.9276890754699707 
v -1.2191088199615479 4.814624309539795 2.7911124229431152 
v -1.2902212142944336 4.80653715133667 2.7184295654296875 
v -1.2191088199615479 4.814624309539795 2.7911124229431152 
v -1.2902212142944336 4.80653715133667 2.7184295654296875 
v -1.3476157188415527 5.271555423736572 2.6611487865448 
v -1.408883810043335 5.356471538543701 2.6321492195129395 
v -1.3502099514007568 5.441388130187988 2.6829075813293457 
v -1.2849619388580322 4.721620559692383 2.657482862472534 
v -1.4173778295516968 5.344340801239014 2.564514636993408 
v -1.5863641500473022 5.817445755004883 2.2227671146392822 
v -1.4259783029556274 5.518217086791992 2.523023843765259 
v -1.5726463794708252 5.8376641273498535 2.2381696701049805 
v -1.4102697372436523 5.481823921203613 2.6648149490356445 
v -1.3773599863052368 5.704224586486816 2.889587640762329 
v -1.3502099514007568 5.441388130187988 2.6829075813293457 
v -1.3123621940612793 5.316035270690918 2.6179633140563965 
v -1.3476157188415527 5.271555423736572 2.6611487865448 
v -1.1210592985153198 4.842929363250732 2.7094027996063232 
v -1.2191088199615479 4.814624309539795 2.7911124229431152 
v -0.8678904175758362 4.264689922332764 1.7600903511047363 
v -0.6108817458152771 3.9452426433563232 1.098413109779358 
v -0.7729318737983704 4.2404279708862305 1.8221429586410522 
v -0.4718206524848938 3.7915842533111572 1.0977691411972046 
v -0.5734969973564148 3.682406187057495 0.8395563364028931 
v -0.4718206524848938 3.7915842533111572 1.0977691411972046 
v -0.41414037346839905 4.018028259277344 1.392534852027893 
v -0.7729318737983704 4.2404279708862305 1.8221429586410522 
v -1.3773599863052368 5.704224586486816 2.889587640762329 
v -1.3584892749786377 5.716355323791504 2.870187282562256 
v -1.347294569015503 5.704224586486816 2.8899195194244385 
v -1.1210592985153198 4.842929363250732 2.7094027996063232 
v -1.1356642246246338 4.677140712738037 2.9118638038635254 
v -0.9536753296852112 4.612442493438721 2.521700382232666 
v -1.0260297060012817 4.563918590545654 2.754026412963867 
v -1.6506788730621338 4.7418389320373535 3.8648226261138916 
v -1.6807442903518677 4.689271450042725 3.8644909858703613 
v -2.0389325618743896 5.061285972595215 4.145951747894287 
v -1.7307466268539429 4.673097133636475 3.837794065475464 
v -2.1419928073883057 5.121940612792969 4.227605819702148 
v -2.1461148262023926 5.239206314086914 4.316888809204102 
v -2.2628557682037354 5.352427959442139 4.68162727355957 
v -1.6505368947982788 4.794405937194824 3.8299643993377686 
v -2.0237579345703125 5.130027770996094 4.111259460449219 
v -2.1229448318481445 5.324122428894043 4.164632797241211 
v -2.0776336193084717 5.3200788497924805 4.1128435134887695 
v -2.063632011413574 5.554609775543213 4.058529853820801 
v -1.053465485572815 4.4709153175354 2.7232213020324707 
v -1.1506987810134888 4.851016998291016 2.604496479034424 
v -1.029905080795288 4.648835182189941 2.4751055240631104 
v -1.2370922565460205 4.802493095397949 2.592649221420288 
v -1.2370922565460205 4.802493095397949 2.592649221420288 
v -1.1035761833190918 4.612442493438721 2.415466785430908 
v -1.029905080795288 4.648835182189941 2.4751055240631104 
v -1.2191088199615479 4.814624309539795 2.7911124229431152 
v -1.2902212142944336 4.80653715133667 2.7184295654296875 
v -1.342319130897522 4.632660865783691 2.8986895084381104 
v -2.170388698577881 5.3119916915893555 4.124892234802246 
v -2.1229448318481445 5.324122428894043 4.164632797241211 
v -2.2160544395446777 5.263467788696289 4.263827323913574 
v -2.1461148262023926 5.239206314086914 4.316888809204102 
v -2.27913236618042 5.380733489990234 4.679269313812256 
v -1.766889214515686 4.693315029144287 3.7916417121887207 
v -1.280625343322754 4.527526378631592 2.8231146335601807 
v -1.7307466268539429 4.673097133636475 3.837794065475464 
v -1.2080916166305542 4.483046054840088 2.854417562484741 
v -1.053465485572815 4.4709153175354 2.7232213020324707 
v -1.6807442903518677 4.689271450042725 3.8644909858703613 
v -1.7429721355438232 4.802493095397949 3.763582229614258 
v -1.6917259693145752 4.818667888641357 3.792471408843994 
v -2.0535037517547607 5.125984191894531 4.032496452331543 
v -2.0237579345703125 5.130027770996094 4.111259460449219 
v -2.122554302215576 5.271555423736572 4.06877326965332 
v -2.0776336193084717 5.3200788497924805 4.1128435134887695 
v -2.063632011413574 5.554609775543213 4.058529853820801 
v -2.099952220916748 5.558653354644775 4.055950164794922 
v -1.6505368947982788 4.794405937194824 3.8299643993377686 
v -1.3773599863052368 5.704224586486816 2.889587640762329 
v -1.4102697372436523 5.481823921203613 2.6648149490356445 
v -1.3584892749786377 5.716355323791504 2.870187282562256 
v -1.373807668685913 5.493955135345459 2.6325364112854004 
v -0.47920918464660645 4.147424221038818 1.6815882921218872 
v -0.5120461583137512 4.252558708190918 1.746587872505188 
v 0.007631581276655197 4.119118690490723 2.109636068344116 
v 0.09463012218475342 4.2242536544799805 2.2805373668670654 
v 0.20351943373680115 4.212122440338135 2.3057053089141846 
v 0.548917829990387 4.9035844802856445 2.7038683891296387 
v 0.477556973695755 4.94806432723999 2.6921870708465576 
v 0.0772162601351738 4.341518878936768 2.249842882156372 
v -0.5020243525505066 4.361737251281738 1.7466984987258911 
v 0.5090436339378357 4.988500595092773 2.6511385440826416 
v 0.1931055337190628 4.381955146789551 2.0942533016204834 
v 0.5767439603805542 4.935933589935303 2.6388134956359863 
v 0.25838905572891235 4.292994976043701 2.0601139068603516 
v 0.2895562946796417 4.191904544830322 2.097496509552002 
v -0.3382299542427063 4.216166019439697 1.517560601234436 
v -0.3269643485546112 4.32938814163208 1.5198636054992676 
v -0.3885163366794586 4.422391414642334 1.5605801343917847 
v -0.47920918464660645 4.147424221038818 1.6815882921218872 
v 0.007631581276655197 4.119118690490723 2.109636068344116 
v -0.4023761451244354 4.147424221038818 1.5800358057022095 
v 0.16051693260669708 4.119118690490723 2.0982508659362793 
v -0.3382299542427063 4.216166019439697 1.517560601234436 
v 0.2895562946796417 4.191904544830322 2.097496509552002 
v 0.3287917673587799 4.301082611083984 2.3070878982543945 
v 0.20351943373680115 4.212122440338135 2.3057053089141846 
v 0.1931055337190628 4.381955146789551 2.0942533016204834 
v 0.5090436339378357 4.988500595092773 2.6511385440826416 
v 0.11015962809324265 4.3859992027282715 2.1586997509002686 
v 0.477556973695755 4.94806432723999 2.6921870708465576 
v 0.0772162601351738 4.341518878936768 2.249842882156372 
v -1.1210592985153198 4.842929363250732 2.7094027996063232 
v -1.2191088199615479 4.814624309539795 2.7911124229431152 
v -1.1356642246246338 4.677140712738037 2.9118638038635254 
v -1.2810511589050293 4.71757698059082 2.9276890754699707 
v -1.6505368947982788 4.794405937194824 3.8299643993377686 
v -1.6917259693145752 4.818667888641357 3.792471408843994 
v -1.7429721355438232 4.802493095397949 3.763582229614258 
v -1.5726463794708252 5.8376641273498535 2.2381696701049805 
v -1.4259783029556274 5.518217086791992 2.523023843765259 
v -1.3334366083145142 5.380733489990234 2.5632622241973877 
v -0.28311195969581604 4.151467800140381 1.2109674215316772 
v -0.24409301578998566 4.106987953186035 0.8584430813789368 
v -0.03765105456113815 4.034202575683594 0.9239048957824707 
v -0.7729318737983704 4.2404279708862305 1.8221429586410522 
v -0.41414037346839905 4.018028259277344 1.392534852027893 
v -0.47920918464660645 4.147424221038818 1.6815882921218872 
v 0.5090436339378357 4.988500595092773 2.6511385440826416 
v 0.548917829990387 4.9035844802856445 2.7038683891296387 
v 0.477556973695755 4.94806432723999 2.6921870708465576 
v -2.27913236618042 5.380733489990234 4.679269313812256 
v -2.2929210662841797 5.348384380340576 4.681295871734619 
v -2.2628557682037354 5.352427959442139 4.68162727355957 
v -2.2929210662841797 5.348384380340576 4.681295871734619 
v -2.1419928073883057 5.121940612792969 4.227605819702148 
v -2.2413928508758545 5.218987941741943 4.3332672119140625 
v -2.1149492263793945 5.061285972595215 4.047069549560547 
v -1.7307466268539429 4.673097133636475 3.837794065475464 
v -1.766889214515686 4.693315029144287 3.7916417121887207 
v -1.4259783029556274 5.518217086791992 2.523023843765259 
v -1.373807668685913 5.493955135345459 2.6325364112854004 
v -1.3334366083145142 5.380733489990234 2.5632622241973877 
v -1.347294569015503 5.704224586486816 2.8899195194244385 
v -1.3584892749786377 5.716355323791504 2.870187282562256 
v -1.4259783029556274 5.518217086791992 2.523023843765259 
v -1.4102697372436523 5.481823921203613 2.6648149490356445 
v -1.373807668685913 5.493955135345459 2.6325364112854004 
v -1.408883810043335 5.356471538543701 2.6321492195129395 
v -1.3773599863052368 5.704224586486816 2.889587640762329 
v -1.3502099514007568 5.441388130187988 2.6829075813293457 
v -1.347294569015503 5.704224586486816 2.8899195194244385 
v -1.3334366083145142 5.380733489990234 2.5632622241973877 
v -2.099952220916748 5.558653354644775 4.055950164794922 
v -2.170388698577881 5.3119916915893555 4.124892234802246 
v -2.1229448318481445 5.324122428894043 4.164632797241211 
v -2.063632011413574 5.554609775543213 4.058529853820801 
v -2.1229448318481445 5.324122428894043 4.164632797241211 
v -2.099952220916748 5.558653354644775 4.055950164794922 
v -2.2628557682037354 5.352427959442139 4.68162727355957 
v -2.2929210662841797 5.348384380340576 4.681295871734619 
v -2.1419928073883057 5.121940612792969 4.227605819702148 
v -2.27913236618042 5.380733489990234 4.679269313812256 
v -2.1461148262023926 5.239206314086914 4.316888809204102 
v -2.2628557682037354 5.352427959442139 4.68162727355957 
v 0.2895562946796417 4.191904544830322 2.097496509552002 
v 0.5767439603805542 4.935933589935303 2.6388134956359863 
v 0.3287917673587799 4.301082611083984 2.3070878982543945 
v 0.548917829990387 4.9035844802856445 2.7038683891296387 
v 0.20351943373680115 4.212122440338135 2.3057053089141846 
vn -0.4472407102584839 0.4658743441104889 -0.19945818185806274 
vn -0.1574576497077942 0.6560415029525757 -0.04077933728694916 
vn -0.20677487552165985 0.5837504267692566 0.2707878649234772 
vn -0.3554305136203766 0.5069394707679749 0.27116069197654724 
vn -0.31967610120773315 0.4783320426940918 0.3547566831111908 
vn 0.1440218687057495 0.41841810941696167 0.5109117031097412 
vn 0.1631927788257599 0.519067108631134 0.40097886323928833 
vn -0.1505841165781021 0.6387659311294556 0.16170603036880493 
vn 0.24949753284454346 0.6270016431808472 -0.03829203546047211 
vn -0.2368050068616867 0.4250921607017517 -0.4691128134727478 
vn 0.12574999034404755 0.36164993047714233 -0.5569947361946106 
vn -0.5729963779449463 0.25952786207199097 -0.24732042849063873 
vn 0.29206040501594543 0.4798072278499603 0.37594205141067505 
vn 0.1521274894475937 0.6262953281402588 0.20361176133155823 
vn 0.49082663655281067 0.28705134987831116 0.3654281198978424 
vn 0.4910920560359955 0.45308932662010193 -0.10190867632627487 
vn -0.12947332859039307 0.6524920463562012 -0.11973780393600464 
vn 0.45183295011520386 0.22498050332069397 -0.44953063130378723 
vn -0.22486941516399384 0.4907817542552948 -0.40671077370643616 
vn -0.5122535228729248 0.3711954951286316 0.23802752792835236 
vn -0.24200396239757538 0.4586447477340698 0.4335040748119354 
vn -0.10152444243431091 -0.24473708868026733 -0.6218066811561584 
vn -0.4630765914916992 0.033041249960660934 -0.49123871326446533 
vn -0.1574576497077942 0.6560415029525757 -0.04077933728694916 
vn -0.4472407102584839 0.4658743441104889 -0.19945818185806274 
vn 0.25268393754959106 -0.5267922282218933 -0.3398343026638031 
vn -0.10152444243431091 -0.24473708868026733 -0.6218066811561584 
vn 0.2471546232700348 -0.47059738636016846 -0.4174917936325073 
vn 0.2668720781803131 0 -0.6209882497787476 
vn 0.26582592725753784 0.5715466737747192 -0.24396204948425293 
vn 0.1837529093027115 0.045161545276641846 0.6488777995109558 
vn -0.3320421278476715 -0.45110949873924255 0.3782789409160614 
vn -0.13258737325668335 0.5783249735832214 0.3237394690513611 
vn -0.6715800166130066 0.038238707929849625 0.06606922298669815 
vn -0.21889232099056244 -0.27490049600601196 0.5773758292198181 
vn -0.5505501627922058 0.08902864158153534 0.3818580210208893 
vn 0.10830138623714447 -0.133320614695549 0.6537151336669922 
vn -0.2661954164505005 -0.13303522765636444 -0.6068679690361023 
vn -0.566163182258606 0.16516351699829102 -0.33019283413887024 
vn -0.5166231989860535 0.34756073355674744 -0.26296180486679077 
vn -0.3713482618331909 0.46018579602241516 0.3273777663707733 
vn -0.5627582669258118 0.3392091393470764 -0.15838930010795593 
vn -0.6422082185745239 0.1825934648513794 -0.10523921251296997 
vn -0.5559950470924377 0.2795046269893646 -0.263806015253067 
vn -0.32680001854896545 0.23643824458122253 -0.542352020740509 
vn -0.27204588055610657 0.20261405408382416 -0.5846243500709534 
vn 0.1701725274324417 0.10628922283649445 -0.6454386115074158 
vn 0.16873909533023834 0.12622232735157013 -0.6422165632247925 
vn -0.3039074242115021 0.15031814575195312 -0.5847151279449463 
vn 0.19104807078838348 0.1893514096736908 -0.6200755834579468 
vn -0.354866623878479 0.059298764914274216 -0.5721891522407532 
vn 0.0780261754989624 0.09612654149532318 -0.6644687652587891 
vn 0.04875952750444412 0.03064524568617344 -0.6734467148780823 
vn -0.3043826222419739 0.08301731199026108 -0.5977511405944824 
vn -0.2368050068616867 0.4250921607017517 -0.4691128134727478 
vn 0.12574999034404755 0.36164993047714233 -0.5569947361946106 
vn -0.5417760610580444 -0.14989636838436127 -0.37530896067619324 
vn -0.6155322194099426 -0.15495158731937408 -0.23228676617145538 
vn -0.6361900568008423 0.07372955232858658 -0.21603985130786896 
vn -0.6433483362197876 0.12931524217128754 0.16194944083690643 
vn -0.542915403842926 -0.36635062098503113 -0.16696393489837646 
vn -0.5729963779449463 0.25952786207199097 -0.24732042849063873 
vn -0.14117830991744995 -0.33878886699676514 -0.567571759223938 
vn -0.3101198971271515 0.023638593032956123 -0.6000949740409851 
vn 0.2073943316936493 -0.16552802920341492 -0.6216390132904053 
vn -0.19997859001159668 -0.550729513168335 -0.33697494864463806 
vn 0.2471546232700348 -0.47059738636016846 -0.4174917936325073 
vn -0.24200396239757538 0.4586447477340698 0.4335040748119354 
vn -0.3896467685699463 0.030575400218367577 0.5514414310455322 
vn -0.2803688645362854 -0.0025474182330071926 0.6150072813034058 
vn -0.17079941928386688 -0.37439513206481934 0.536192774772644 
vn -0.3803209364414215 -0.30105486512184143 0.4707110524177551 
vn -0.17025166749954224 -0.3228687644004822 0.5688734650611877 
vn -0.545473575592041 -0.29355040192604065 0.27043238282203674 
vn -0.5910236239433289 -0.11673036962747574 0.3064509332180023 
vn -0.6155322194099426 -0.15495158731937408 -0.23228676617145538 
vn -0.6361900568008423 0.07372955232858658 -0.21603985130786896 
vn -0.5647442936897278 0.19620035588741302 0.3153035342693329 
vn -0.22294408082962036 -0.11366774886846542 0.6278715133666992 
vn -0.13624273240566254 0.10110802203416824 0.6542646288871765 
vn -0.5581141114234924 0.18144936859607697 0.3353084921836853 
vn -0.16832351684570312 0.15025700628757477 0.637131929397583 
vn -0.37268713116645813 -0.02802210859954357 0.5631750822067261 
vn -0.6422082185745239 0.1825934648513794 -0.10523921251296997 
vn -0.5559950470924377 0.2795046269893646 -0.263806015253067 
vn -0.0010859111789613962 0.18478964269161224 0.6501528024673462 
vn -0.37631386518478394 -0.18084903061389923 0.5315341353416443 
vn -0.5967549085617065 -0.29281342029571533 0.12243717163801193 
vn -0.5417760610580444 -0.14989636838436127 -0.37530896067619324 
vn -0.6231085062026978 -0.15184593200683594 0.21336747705936432 
vn -0.6082541346549988 -0.11093813925981522 -0.2730691730976105 
vn -0.5968030095100403 -0.04080862179398537 -0.31465527415275574 
vn -0.5135859251022339 -0.12421269714832306 0.4214828610420227 
vn -0.6314684152603149 0.007668187376111746 -0.24090655148029327 
vn -0.48273226618766785 -0.4106918275356293 0.23483729362487793 
vn -0.535139262676239 0.2013707309961319 -0.36044809222221375 
vn -0.5565086007118225 -0.26568061113357544 0.27669286727905273 
vn -0.29231491684913635 -0.12392596155405045 0.5966920852661133 
vn 0.1837529093027115 0.045161545276641846 0.6488777995109558 
vn 0.5648564696311951 -0.235093355178833 0.28725478053092957 
vn -0.3320421278476715 -0.45110949873924255 0.3782789409160614 
vn -0.09915031492710114 0.51773601770401 0.42304283380508423 
vn 0.5915471315383911 0.060758449137210846 0.32129037380218506 
vn 0.22414225339889526 0.04212180897593498 0.636264979839325 
vn 0.634120523929596 0.08102719485759735 0.21948303282260895 
vn 0.34296613931655884 0.004520469345152378 0.5824095606803894 
vn 0.6480732560157776 0.05595935508608818 0.1836210936307907 
vn 0.3455253839492798 -0.25006383657455444 0.5243350863456726 
vn -0.22294408082962036 -0.11366774886846542 0.6278715133666992 
vn -0.17025166749954224 -0.3228687644004822 0.5688734650611877 
vn -0.17079941928386688 -0.37439513206481934 0.536192774772644 
vn 0.20756226778030396 -0.5538555383682251 0.3271215260028839 
vn 0.5654486417770386 -0.3699561059474945 0.01572052575647831 
vn 0.6678533554077148 -0.045794349163770676 0.09339087456464767 
vn -0.16832351684570312 0.15025700628757477 0.637131929397583 
vn -0.13624273240566254 0.10110802203416824 0.6542646288871765 
vn -0.1505841165781021 0.6387659311294556 0.16170603036880493 
vn -0.5729963779449463 0.25952786207199097 -0.24732042849063873 
vn -0.31967610120773315 0.4783320426940918 0.3547566831111908 
vn -0.3554305136203766 0.5069394707679749 0.27116069197654724 
vn -0.6433483362197876 0.12931524217128754 0.16194944083690643 
vn 0.6754527688026428 0.015294760465621948 -0.01941010355949402 
vn 0.49082663655281067 0.28705134987831116 0.3654281198978424 
vn 0.6190427541732788 -0.21691498160362244 0.16303689777851105 
vn 0.5004832744598389 0.03534756228327751 0.45289531350135803 
vn 0.5434866547584534 -0.39562204480171204 0.07037237286567688 
vn 0.1440218687057495 0.41841810941696167 0.5109117031097412 
vn 0.1631927788257599 0.519067108631134 0.40097886323928833 
vn -0.14117830991744995 -0.33878886699676514 -0.567571759223938 
vn 0.5190316438674927 -0.23963522911071777 -0.36059409379959106 
vn 0.2073943316936493 -0.16552802920341492 -0.6216390132904053 
vn 0.04875952750444412 0.03064524568617344 -0.6734467148780823 
vn 0.5662552118301392 0.11673036962747574 -0.3501087427139282 
vn 0.0780261754989624 0.09612654149532318 -0.6644687652587891 
vn 0.19104807078838348 0.1893514096736908 -0.6200755834579468 
vn 0.5824686884880066 0.15670964121818542 -0.30499082803726196 
vn 0.5701649785041809 0.1468372941017151 -0.331960529088974 
vn 0.16873909533023834 0.12622232735157013 -0.6422165632247925 
vn 0.5801411271095276 0.040802180767059326 -0.3444104492664337 
vn 0.5136629939079285 -0.11171570420265198 -0.42487290501594543 
vn 0.5915471315383911 0.060758449137210846 0.32129037380218506 
vn 0.634120523929596 0.08102719485759735 0.21948303282260895 
vn 0.6480732560157776 0.05595935508608818 0.1836210936307907 
vn 0.6678533554077148 -0.045794349163770676 0.09339087456464767 
vn 0.6754527688026428 0.015294760465621948 -0.01941010355949402 
vn 0.6190427541732788 -0.21691498160362244 0.16303689777851105 
vn 0.25268393754959106 -0.5267922282218933 -0.3398343026638031 
vn 0.5434866547584534 -0.39562204480171204 0.07037237286567688 
vn 0.1701725274324417 0.10628922283649445 -0.6454386115074158 
vn 0.5654486417770386 -0.3699561059474945 0.01572052575647831 
vn 0.6594309210777283 -0.005098388530313969 -0.14822950959205627 
vn 0.4910920560359955 0.45308932662010193 -0.10190867632627487 
vn 0.49082663655281067 0.28705134987831116 0.3654281198978424 
vn -0.5627582669258118 0.3392091393470764 -0.15838930010795593 
vn -0.4836820662021637 0.022926362231373787 -0.4715645909309387 
vn -0.4472407102584839 0.4658743441104889 -0.19945818185806274 
vn -0.4630765914916992 0.033041249960660934 -0.49123871326446533 
vn -0.10152444243431091 -0.24473708868026733 -0.6218066811561584 
vn -0.18643902242183685 -0.4046981632709503 -0.5082387924194336 
vn 0.1588447093963623 0.32601115107536316 0.570378839969635 
vn -0.3713482618331909 0.46018579602241516 0.3273777663707733 
vn 0.1440218687057495 0.41841810941696167 0.5109117031097412 
vn -0.20677487552165985 0.5837504267692566 0.2707878649234772 
vn -0.4472407102584839 0.4658743441104889 -0.19945818185806274 
vn -0.5627582669258118 0.3392091393470764 -0.15838930010795593 
vn 0.5434866547584534 -0.39562204480171204 0.07037237286567688 
vn 0.5197482109069824 -0.3902713656425476 0.18546397984027863 
vn 0.5004832744598389 0.03534756228327751 0.45289531350135803 
vn 0.49658000469207764 -0.015238460153341293 0.4582828879356384 
vn 0.1588447093963623 0.32601115107536316 0.570378839969635 
vn 0.1440218687057495 0.41841810941696167 0.5109117031097412 
vn -0.10152444243431091 -0.24473708868026733 -0.6218066811561584 
vn 0.25268393754959106 -0.5267922282218933 -0.3398343026638031 
vn -0.18643902242183685 -0.4046981632709503 -0.5082387924194336 
vn 0.24817736446857452 -0.5900283455848694 -0.21707364916801453 
vn 0.5197482109069824 -0.3902713656425476 0.18546397984027863 
vn 0.5434866547584534 -0.39562204480171204 0.07037237286567688 
vn 0.08376434445381165 0.5483760833740234 0.3861524760723114 
vn 0.5624948740005493 0.12418690323829651 0.35358765721321106 
vn -0.03655011206865311 -0.1628786325454712 0.6549669504165649 
vn 0.36898842453956604 0.4188949167728424 0.38107922673225403 
vn 0.4769873321056366 -0.2755450904369354 0.3916694223880768 
vn 0.6263054013252258 -0.19832825660705566 0.15891654789447784 
vn 0.08041597902774811 0.6689181923866272 -0.054110947996377945 
vn 0.6252704858779907 -0.03061915747821331 -0.25484585762023926 
vn -0.3236733675003052 0.1707915961742401 0.5682541728019714 
vn 0.05137764289975166 0.3162863254547119 0.5951220393180847 
vn 0.40033113956451416 -0.09820318222045898 0.5356661677360535 
vn 0.5217390656471252 0.07507390528917313 0.4230831563472748 
vn 0.5076083540916443 -0.42375579476356506 0.14004123210906982 
vn 0.5197482109069824 -0.3902713656425476 0.18546397984027863 
vn 0.526416540145874 -0.10901471972465515 0.40969324111938477 
vn 0.49658000469207764 -0.015238460153341293 0.4582828879356384 
vn 0.1588447093963623 0.32601115107536316 0.570378839969635 
vn 0.10830138623714447 -0.133320614695549 0.6537151336669922 
vn -0.21889232099056244 -0.27490049600601196 0.5773758292198181 
vn 0.5648564696311951 -0.235093355178833 0.28725478053092957 
vn -0.3320421278476715 -0.45110949873924255 0.3782789409160614 
vn 0.10791545361280441 0.6312869191169739 0.2160497009754181 
vn 0.13050737977027893 0.5739900469779968 -0.33218929171562195 
vn 0.6522364020347595 0.17574632167816162 0.023408664390444756 
vn -0.01818838343024254 0.36475613713264465 0.5687434077262878 
vn 0.07950563728809357 0.6618523001670837 0.11169928312301636 
vn -0.4198818504810333 0.36904311180114746 -0.3799385130405426 
vn -0.535139262676239 0.2013707309961319 -0.36044809222221375 
vn -0.5022779107093811 0.43181735277175903 -0.13452684879302979 
vn 0.17745259404182434 0.6380819082260132 0.13493843376636505 
vn 0.00031049063545651734 0.12696412205696106 0.6638727784156799 
vn 0.13050737977027893 0.5739900469779968 -0.33218929171562195 
vn 0.11182943731546402 0.29505854845046997 -0.5977303385734558 
vn 0.6522364020347595 0.17574632167816162 0.023408664390444756 
vn 0.655348539352417 0.045854151248931885 -0.15894271433353424 
vn 0.5648564696311951 -0.235093355178833 0.28725478053092957 
vn 0.1837529093027115 0.045161545276641846 0.6488777995109558 
vn -0.04895896092057228 0.6275144815444946 -0.2463228851556778 
vn -0.13258737325668335 0.5783249735832214 0.3237394690513611 
vn -0.2661954164505005 -0.13303522765636444 -0.6068679690361023 
vn 0.526416540145874 -0.10901471972465515 0.40969324111938477 
vn 0.5733727216720581 0.25445792078971863 0.2516780495643616 
vn 0.5253727436065674 0.3707415461540222 -0.2082810252904892 
vn -0.2661954164505005 -0.13303522765636444 -0.6068679690361023 
vn -0.566163182258606 0.16516351699829102 -0.33019283413887024 
vn 0.11182943731546402 0.29505854845046997 -0.5977303385734558 
vn -0.5166231989860535 0.34756073355674744 -0.26296180486679077 
vn 0.13050737977027893 0.5739900469779968 -0.33218929171562195 
vn 0.5190316438674927 -0.23963522911071777 -0.36059409379959106 
vn -0.14117830991744995 -0.33878886699676514 -0.567571759223938 
vn 0.25268393754959106 -0.5267922282218933 -0.3398343026638031 
vn 0.04429061710834503 0.5877963304519653 -0.3307269215583801 
vn 0.6484290361404419 0.18569205701351166 -0.043649885803461075 
vn -0.220805823802948 0.5203557014465332 0.37056899070739746 
vn 0.5253727436065674 0.3707415461540222 -0.2082810252904892 
vn -0.309734046459198 0.2562647759914398 -0.5433601140975952 
vn -0.24799881875514984 0.5243319869041443 0.3470146059989929 
vn 0.2732236385345459 0.007503510918468237 0.6181744337081909 
vn -0.1919034868478775 0.005096917040646076 0.6480695605278015 
vn -0.220805823802948 0.5203557014465332 0.37056899070739746 
vn -0.5122535228729248 0.3711954951286316 0.23802752792835236 
vn -0.4189838469028473 0.13913726806640625 0.5118011236190796 
vn -0.3896467685699463 0.030575400218367577 0.5514414310455322 
vn -0.3844495415687561 -0.37400010228157043 0.41130197048187256 
vn -0.17079941928386688 -0.37439513206481934 0.536192774772644 
vn -0.24200396239757538 0.4586447477340698 0.4335040748119354 
vn -0.5642117857933044 -0.30486151576042175 0.21347469091415405 
vn -0.18669559061527252 0.5380026698112488 0.36406657099723816 
vn -0.5728065371513367 -0.32039162516593933 0.16152022778987885 
vn -0.17576086521148682 -0.12092828750610352 0.6413513422012329 
vn -0.3604896664619446 0.5274460911750793 -0.22066807746887207 
vn 0.3069801330566406 0.2705836892127991 -0.5379540920257568 
vn 0.041564103215932846 0.5269037485122681 0.4212973713874817 
vn 0.6393186450004578 0.1455240696668625 0.16413851082324982 
vn 0.6484290361404419 0.18569205701351166 -0.043649885803461075 
vn 0.45183295011520386 0.22498050332069397 -0.44953063130378723 
vn 0.6480104327201843 -0.12118495255708694 0.14914339780807495 
vn 0.6299117207527161 -0.06116732209920883 -0.23731179535388947 
vn 0.46626996994018555 0.3338873088359833 0.35771283507347107 
vn 0.6610878109931946 0.11658934503793716 -0.0788474902510643 
vn 0.48758822679519653 -0.3712352216243744 -0.285112202167511 
vn 0.19038844108581543 -0.6227927207946777 -0.1809084415435791 
vn 0.4736438989639282 0.11994043737649918 0.4670362174510956 
vn 0.4910920560359955 0.45308932662010193 -0.10190867632627487 
vn 0.6594309210777283 -0.005098388530313969 -0.14822950959205627 
vn 0.5654486417770386 -0.3699561059474945 0.01572052575647831 
vn -0.10152444243431091 -0.24473708868026733 -0.6218066811561584 
vn 0.26582592725753784 0.5715466737747192 -0.24396204948425293 
vn 0.13727205991744995 0.6052196621894836 0.267790824174881 
vn -0.332101970911026 0.37213754653930664 0.4561455547809601 
vn 0.5405285954475403 0.3940218389034271 -0.09706947207450867 
vn -0.5166231989860535 0.34756073355674744 -0.26296180486679077 
vn -0.5627582669258118 0.3392091393470764 -0.15838930010795593 
vn -0.4328819215297699 0.38996610045433044 -0.34261712431907654 
vn -0.4836820662021637 0.022926362231373787 -0.4715645909309387 
vn -0.3464081287384033 0.06271717697381973 -0.5769879221916199 
vn -0.008910063654184341 -0.3058893084526062 -0.6026601791381836 
vn -0.23873469233512878 0.04940351843833923 -0.6304063200950623 
vn 0.3396388292312622 -0.49783310294151306 -0.30602994561195374 
vn 0.30771204829216003 -0.4045933187007904 -0.4454934000968933 
vn -0.5105203986167908 0.2925536632537842 -0.3326082229614258 
vn -0.23673966526985168 0.03525036945939064 -0.6321067214012146 
vn -0.4847697615623474 0.40270283818244934 -0.24428574740886688 
vn -0.5775808095932007 0.26458269357681274 -0.23074528574943542 
vn -0.10871942341327667 0.5537567734718323 -0.3719947040081024 
vn -0.6413900256156921 -0.007660945411771536 -0.21308977901935577 
vn -0.54567551612854 0.38997507095336914 0.08369258046150208 
vn -0.18643902242183685 -0.4046981632709503 -0.5082387924194336 
vn -0.273667573928833 0.6063361763954163 0.11962005496025085 
vn 0.49533116817474365 0.4487343728542328 0.10065381228923798 
vn -0.27919018268585205 0.26813167333602905 -0.5540804862976074 
vn 0.42783281207084656 -0.010207395069301128 -0.5231653451919556 
vn -0.6314684152603149 0.007668187376111746 -0.24090655148029327 
vn -0.18567992746829987 0.6062215566635132 -0.2342323213815689 
vn -0.5795302987098694 0.3478352129459381 0.001478828489780426 
vn -0.273667573928833 0.6063361763954163 0.11962005496025085 
vn 0.49533116817474365 0.4487343728542328 0.10065381228923798 
vn 0.22722327709197998 0.49685582518577576 0.39793282747268677 
vn 0.6300475001335144 0.02037203311920166 0.24386923015117645 
vn 0.5449261665344238 0.31639963388442993 0.24452738463878632 
vn 0.3487846553325653 -0.20043011009693146 0.5431612133979797 
vn 0.6180203557014465 0.27091166377067566 -0.03879030793905258 
vn 0.5303173661231995 -0.14171920716762543 0.39436808228492737 
vn 0.6426272988319397 -0.05085557699203491 0.20320184528827667 
vn 0.24604186415672302 -0.32114195823669434 0.5414592623710632 
vn -0.01818838343024254 0.36475613713264465 0.5687434077262878 
vn 0.4866684377193451 0.09341069310903549 0.45964697003364563 
vn 0.07950563728809357 0.6618523001670837 0.11169928312301636 
vn 0.17745259404182434 0.6380819082260132 0.13493843376636505 
vn 0.00031049063545651734 0.12696412205696106 0.6638727784156799 
vn 0.23130552470684052 -0.06055346876382828 0.6322010159492493 
vn 0.6393186450004578 0.1455240696668625 0.16413851082324982 
vn 0.041564103215932846 0.5269037485122681 0.4212973713874817 
vn 0.4736438989639282 0.11994043737649918 0.4670362174510956 
vn 0.19038844108581543 -0.6227927207946777 -0.1809084415435791 
vn -0.17576086521148682 -0.12092828750610352 0.6413513422012329 
vn -0.5728065371513367 -0.32039162516593933 0.16152022778987885 
vn -0.5642117857933044 -0.30486151576042175 0.21347469091415405 
vn 0.037901122123003006 -0.6638327240943909 -0.1213916689157486 
vn -0.3844495415687561 -0.37400010228157043 0.41130197048187256 
vn 0.20756226778030396 -0.5538555383682251 0.3271215260028839 
vn -0.17079941928386688 -0.37439513206481934 0.536192774772644 
vn 0.48758822679519653 -0.3712352216243744 -0.285112202167511 
vn 0.5654486417770386 -0.3699561059474945 0.01572052575647831 
vn 0.020324597135186195 0.005106059368699789 -0.6755797266960144 
vn -0.5968030095100403 -0.04080862179398537 -0.31465527415275574 
vn 0.08227024972438812 -0.31796813011169434 -0.5907408595085144 
vn -0.27919018268585205 0.26813167333602905 -0.5540804862976074 
vn 0.42783281207084656 -0.010207395069301128 -0.5231653451919556 
vn -0.5505501627922058 0.08902864158153534 0.3818580210208893 
vn 0.10830138623714447 -0.133320614695549 0.6537151336669922 
vn -0.3713482618331909 0.46018579602241516 0.3273777663707733 
vn 0.10830138623714447 -0.133320614695549 0.6537151336669922 
vn -0.3713482618331909 0.46018579602241516 0.3273777663707733 
vn 0.1588447093963623 0.32601115107536316 0.570378839969635 
vn 0.3069801330566406 0.2705836892127991 -0.5379540920257568 
vn -0.3604896664619446 0.5274460911750793 -0.22066807746887207 
vn 0.21564072370529175 0.0914057269692421 -0.6340277194976807 
vn -0.4198818504810333 0.36904311180114746 -0.3799385130405426 
vn 0.23363128304481506 0.41662096977233887 -0.47821560502052307 
vn -0.2631589472293854 0.3527675271034241 -0.5129808187484741 
vn -0.535139262676239 0.2013707309961319 -0.36044809222221375 
vn -0.6314684152603149 0.007668187376111746 -0.24090655148029327 
vn -0.18567992746829987 0.6062215566635132 -0.2342323213815689 
vn 0.13050737977027893 0.5739900469779968 -0.33218929171562195 
vn 0.6522364020347595 0.17574632167816162 0.023408664390444756 
vn 0.5217390656471252 0.07507390528917313 0.4230831563472748 
vn 0.5624948740005493 0.12418690323829651 0.35358765721321106 
vn -0.10871942341327667 0.5537567734718323 -0.3719947040081024 
vn 0.36898842453956604 0.4188949167728424 0.38107922673225403 
vn -0.5105203986167908 0.2925536632537842 -0.3326082229614258 
vn 0.08041597902774811 0.6689181923866272 -0.054110947996377945 
vn 0.5076083540916443 -0.42375579476356506 0.14004123210906982 
vn 0.5197482109069824 -0.3902713656425476 0.18546397984027863 
vn 0.3396388292312622 -0.49783310294151306 -0.30602994561195374 
vn 0.24817736446857452 -0.5900283455848694 -0.21707364916801453 
vn -0.18643902242183685 -0.4046981632709503 -0.5082387924194336 
vn -0.008910063654184341 -0.3058893084526062 -0.6026601791381836 
vn -0.5417760610580444 -0.14989636838436127 -0.37530896067619324 
vn -0.3043826222419739 0.08301731199026108 -0.5977511405944824 
vn -0.6082541346549988 -0.11093813925981522 -0.2730691730976105 
vn -0.29936665296554565 0.05293399468064308 -0.6036759614944458 
vn 0.020324597135186195 0.005106059368699789 -0.6755797266960144 
vn 0.22974014282226562 0.14613017439842224 -0.6186376214027405 
vn 0.12574999034404755 0.36164993047714233 -0.5569947361946106 
vn -0.5968030095100403 -0.04080862179398537 -0.31465527415275574 
vn 0.5876769423484802 0.272270143032074 -0.19326604902744293 
vn 0.29206040501594543 0.4798072278499603 0.37594205141067505 
vn 0.24949753284454346 0.6270016431808472 -0.03829203546047211 
vn -0.5135859251022339 -0.12421269714832306 0.4214828610420227 
vn 0.23130552470684052 -0.06055346876382828 0.6322010159492493 
vn -0.29231491684913635 -0.12392596155405045 0.5966920852661133 
vn 0.176070436835289 0.015190561302006245 0.6523922085762024 
vn -0.37631386518478394 -0.18084903061389923 0.5315341353416443 
vn -0.0010859111789613962 0.18478964269161224 0.6501528024673462 
vn 0.29206040501594543 0.4798072278499603 0.37594205141067505 
vn 0.5717249512672424 0.1435435712337494 0.33071571588516235 
vn 0.6300475001335144 0.02037203311920166 0.24386923015117645 
vn 0.24949753284454346 0.6270016431808472 -0.03829203546047211 
vn 0.12574999034404755 0.36164993047714233 -0.5569947361946106 
vn 0.5876769423484802 0.272270143032074 -0.19326604902744293 
vn 0.22974014282226562 0.14613017439842224 -0.6186376214027405 
vn 0.641107439994812 -0.06617618352174759 -0.20359046757221222 
vn 0.020324597135186195 0.005106059368699789 -0.6755797266960144 
vn 0.5819622874259949 -0.1714998185634613 -0.29791730642318726 
vn 0.08227024972438812 -0.31796813011169434 -0.5907408595085144 
vn 0.42783281207084656 -0.010207395069301128 -0.5231653451919556 
vn 0.49533116817474365 0.4487343728542328 0.10065381228923798 
vn 0.6300475001335144 0.02037203311920166 0.24386923015117645 
vn 0.5717249512672424 0.1435435712337494 0.33071571588516235 
vn 0.29206040501594543 0.4798072278499603 0.37594205141067505 
vn -0.2631589472293854 0.3527675271034241 -0.5129808187484741 
vn 0.23363128304481506 0.41662096977233887 -0.47821560502052307 
vn -0.18567992746829987 0.6062215566635132 -0.2342323213815689 
vn 0.6180203557014465 0.27091166377067566 -0.03879030793905258 
vn 0.5449261665344238 0.31639963388442993 0.24452738463878632 
vn 0.22722327709197998 0.49685582518577576 0.39793282747268677 
vn -0.5795302987098694 0.3478352129459381 0.001478828489780426 
vn 0.05137764289975166 0.3162863254547119 0.5951220393180847 
vn -0.3504374623298645 0.5236393809318542 0.24462614953517914 
vn -0.3236733675003052 0.1707915961742401 0.5682541728019714 
vn -0.5775808095932007 0.26458269357681274 -0.23074528574943542 
vn -0.03655011206865311 -0.1628786325454712 0.6549669504165649 
vn -0.6413900256156921 -0.007660945411771536 -0.21308977901935577 
vn -0.54567551612854 0.38997507095336914 0.08369258046150208 
vn 0.08376434445381165 0.5483760833740234 0.3861524760723114 
vn -0.4847697615623474 0.40270283818244934 -0.24428574740886688 
vn 0.5253727436065674 0.3707415461540222 -0.2082810252904892 
vn 0.5733727216720581 0.25445792078971863 0.2516780495643616 
vn -0.24799881875514984 0.5243319869041443 0.3470146059989929 
vn -0.421627938747406 0.44037947058677673 0.29179197549819946 
vn 0.22414225339889526 0.04212180897593498 0.636264979839325 
vn -0.09915031492710114 0.51773601770401 0.42304283380508423 
vn -0.16832351684570312 0.15025700628757477 0.637131929397583 
vn 0.2471546232700348 -0.47059738636016846 -0.4174917936325073 
vn 0.35241422057151794 -0.47299155592918396 -0.33004525303840637 
vn 0.2668720781803131 0 -0.6209882497787476 
vn 0.508521556854248 -0.07642548531293869 -0.43864795565605164 
vn 0.26582592725753784 0.5715466737747192 -0.24396204948425293 
vn 0.5405285954475403 0.3940218389034271 -0.09706947207450867 
vn 0.4153650403022766 0.4667982757091522 -0.2577168643474579 
vn -0.1445344090461731 0.08453848212957382 -0.6548359990119934 
vn 0.11585372686386108 -0.3490048348903656 -0.5671159029006958 
vn -0.11538923531770706 0.638637900352478 0.1888737678527832 
vn -0.6531681418418884 0.17093248665332794 -0.03163033351302147 
vn -0.332101970911026 0.37213754653930664 0.4561455547809601 
vn -0.5974247455596924 -0.040788158774375916 0.3134758770465851 
vn -0.3554305136203766 0.5069394707679749 0.27116069197654724 
vn -0.6433483362197876 0.12931524217128754 0.16194944083690643 
vn -0.542915403842926 -0.36635062098503113 -0.16696393489837646 
vn -0.4885256886482239 -0.4559345245361328 -0.10155341029167175 
vn 0.2471546232700348 -0.47059738636016846 -0.4174917936325073 
vn -0.19997859001159668 -0.550729513168335 -0.33697494864463806 
vn 0.35241422057151794 -0.47299155592918396 -0.33004525303840637 
vn -0.08434087038040161 -0.6313034892082214 -0.22624965012073517 
vn 0.11585372686386108 -0.3490048348903656 -0.5671159029006958 
vn -0.3383782207965851 -0.3480786383152008 -0.4703066051006317 
vn -0.4885256886482239 -0.4559345245361328 -0.10155341029167175 
vn -0.542915403842926 -0.36635062098503113 -0.16696393489837646 
vn -0.332101970911026 0.37213754653930664 0.4561455547809601 
vn 0.13727205991744995 0.6052196621894836 0.267790824174881 
vn -0.11538923531770706 0.638637900352478 0.1888737678527832 
vn 0.4153650403022766 0.4667982757091522 -0.2577168643474579 
vn 0.5405285954475403 0.3940218389034271 -0.09706947207450867 
vn -0.18669559061527252 0.5380026698112488 0.36406657099723816 
vn 0.46626996994018555 0.3338873088359833 0.35771283507347107 
vn -0.4189838469028473 0.13913726806640625 0.5118011236190796 
vn -0.5166231989860535 0.34756073355674744 -0.26296180486679077 
vn -0.4328819215297699 0.38996610045433044 -0.34261712431907654 
vn 0.13050737977027893 0.5739900469779968 -0.33218929171562195 
vn 0.10791545361280441 0.6312869191169739 0.2160497009754181 
vn -0.4847697615623474 0.40270283818244934 -0.24428574740886688 
vn -0.3504374623298645 0.5236393809318542 0.24462614953517914 
vn 0.05137764289975166 0.3162863254547119 0.5951220393180847 
vn -0.2803688645362854 -0.0025474182330071926 0.6150072813034058 
vn -0.24200396239757538 0.4586447477340698 0.4335040748119354 
vn -0.0010859111789613962 0.18478964269161224 0.6501528024673462 
vn 0.29206040501594543 0.4798072278499603 0.37594205141067505 
vn -0.13258737325668335 0.5783249735832214 0.3237394690513611 
vn -0.04895896092057228 0.6275144815444946 -0.2463228851556778 
vn -0.6715800166130066 0.038238707929849625 0.06606922298669815 
vn 0.25268393754959106 -0.5267922282218933 -0.3398343026638031 
vn 0.2471546232700348 -0.47059738636016846 -0.4174917936325073 
vn -0.14117830991744995 -0.33878886699676514 -0.567571759223938 
vn -0.220805823802948 0.5203557014465332 0.37056899070739746 
vn 0.2732236385345459 0.007503510918468237 0.6181744337081909 
vn 0.6484290361404419 0.18569205701351166 -0.043649885803461075 
vn 0.6480104327201843 -0.12118495255708694 0.14914339780807495 
vn -0.1919034868478775 0.005096917040646076 0.6480695605278015 
vn 0.46626996994018555 0.3338873088359833 0.35771283507347107 
vn -0.4189838469028473 0.13913726806640625 0.5118011236190796 
vn -0.11538923531770706 0.638637900352478 0.1888737678527832 
vn 0.4153650403022766 0.4667982757091522 -0.2577168643474579 
vn -0.1445344090461731 0.08453848212957382 -0.6548359990119934 
vn -0.11538923531770706 0.638637900352478 0.1888737678527832 
vn -0.6531681418418884 0.17093248665332794 -0.03163033351302147 
vn -0.1445344090461731 0.08453848212957382 -0.6548359990119934 
vn -0.3383782207965851 -0.3480786383152008 -0.4703066051006317 
vn 0.11585372686386108 -0.3490048348903656 -0.5671159029006958 
vn -0.4885256886482239 -0.4559345245361328 -0.10155341029167175 
vn 0.08041597902774811 0.6689181923866272 -0.054110947996377945 
vn -0.23673966526985168 0.03525036945939064 -0.6321067214012146 
vn 0.6252704858779907 -0.03061915747821331 -0.25484585762023926 
vn 0.00031049063545651734 0.12696412205696106 0.6638727784156799 
vn -0.5022779107093811 0.43181735277175903 -0.13452684879302979 
vn -0.5565086007118225 -0.26568061113357544 0.27669286727905273 
vn -0.5968030095100403 -0.04080862179398537 -0.31465527415275574 
vn -0.5795302987098694 0.3478352129459381 0.001478828489780426 
vn -0.6314684152603149 0.007668187376111746 -0.24090655148029327 
vn 0.3487846553325653 -0.20043011009693146 0.5431612133979797 
vn -0.5135859251022339 -0.12421269714832306 0.4214828610420227 
vn 0.23130552470684052 -0.06055346876382828 0.6322010159492493 
vn -0.48273226618766785 -0.4106918275356293 0.23483729362487793 
vn 0.3487846553325653 -0.20043011009693146 0.5431612133979797 
vn -0.5135859251022339 -0.12421269714832306 0.4214828610420227 
vn 0.6180203557014465 0.27091166377067566 -0.03879030793905258 
vn 0.23363128304481506 0.41662096977233887 -0.47821560502052307 
vn 0.6426272988319397 -0.05085557699203491 0.20320184528827667 
vn 0.21564072370529175 0.0914057269692421 -0.6340277194976807 
vn 0.6393186450004578 0.1455240696668625 0.16413851082324982 
vn 0.3069801330566406 0.2705836892127991 -0.5379540920257568 
vn 0.6252704858779907 -0.03061915747821331 -0.25484585762023926 
vn 0.6263054013252258 -0.19832825660705566 0.15891654789447784 
vn 0.30771204829216003 -0.4045933187007904 -0.4454934000968933 
vn 0.4769873321056366 -0.2755450904369354 0.3916694223880768 
vn 0.3396388292312622 -0.49783310294151306 -0.30602994561195374 
vn 0.5076083540916443 -0.42375579476356506 0.14004123210906982 
vn -0.04895896092057228 0.6275144815444946 -0.2463228851556778 
vn -0.421627938747406 0.44037947058677673 0.29179197549819946 
vn -0.6715800166130066 0.038238707929849625 0.06606922298669815 
vn -0.309734046459198 0.2562647759914398 -0.5433601140975952 
vn -0.24799881875514984 0.5243319869041443 0.3470146059989929 
vn -0.04895896092057228 0.6275144815444946 -0.2463228851556778 
vn 0.5733727216720581 0.25445792078971863 0.2516780495643616 
vn -0.421627938747406 0.44037947058677673 0.29179197549819946 
vn 0.00031049063545651734 0.12696412205696106 0.6638727784156799 
vn 0.24604186415672302 -0.32114195823669434 0.5414592623710632 
vn -0.5565086007118225 -0.26568061113357544 0.27669286727905273 
vn -0.21513059735298157 -0.5359441637992859 0.3511826694011688 
vn -0.48273226618766785 -0.4106918275356293 0.23483729362487793 
vn 0.3487846553325653 -0.20043011009693146 0.5431612133979797 
vn 0.22722327709197998 0.49685582518577576 0.39793282747268677 
vn -0.5795302987098694 0.3478352129459381 0.001478828489780426 
vn -0.273667573928833 0.6063361763954163 0.11962005496025085 
vn -0.27919018268585205 0.26813167333602905 -0.5540804862976074 
vn -0.5968030095100403 -0.04080862179398537 -0.31465527415275574 
vn -0.4198818504810333 0.36904311180114746 -0.3799385130405426 
vn -0.3604896664619446 0.5274460911750793 -0.22066807746887207 
vn -0.01818838343024254 0.36475613713264465 0.5687434077262878 
vn 0.041564103215932846 0.5269037485122681 0.4212973713874817 
vn -0.5565086007118225 -0.26568061113357544 0.27669286727905273 
vn -0.535139262676239 0.2013707309961319 -0.36044809222221375 
vn -0.5022779107093811 0.43181735277175903 -0.13452684879302979 
vn 0.655348539352417 0.045854151248931885 -0.15894271433353424 
vn -0.2661954164505005 -0.13303522765636444 -0.6068679690361023 
vn 0.5253727436065674 0.3707415461540222 -0.2082810252904892 
vn -0.309734046459198 0.2562647759914398 -0.5433601140975952 
vn -0.6715800166130066 0.038238707929849625 0.06606922298669815 
vn 0.08376434445381165 0.5483760833740234 0.3861524760723114 
vn 0.5624948740005493 0.12418690323829651 0.35358765721321106 
vn -0.10871942341327667 0.5537567734718323 -0.3719947040081024 
vn -0.54567551612854 0.38997507095336914 0.08369258046150208 
vn -0.10871942341327667 0.5537567734718323 -0.3719947040081024 
vn 0.08376434445381165 0.5483760833740234 0.3861524760723114 
vn -0.23673966526985168 0.03525036945939064 -0.6321067214012146 
vn 0.6252704858779907 -0.03061915747821331 -0.25484585762023926 
vn 0.30771204829216003 -0.4045933187007904 -0.4454934000968933 
vn 0.08041597902774811 0.6689181923866272 -0.054110947996377945 
vn -0.5105203986167908 0.2925536632537842 -0.3326082229614258 
vn -0.23673966526985168 0.03525036945939064 -0.6321067214012146 
vn -0.5122535228729248 0.3711954951286316 0.23802752792835236 
vn -0.220805823802948 0.5203557014465332 0.37056899070739746 
vn -0.22486941516399384 0.4907817542552948 -0.40671077370643616 
vn 0.04429061710834503 0.5877963304519653 -0.3307269215583801 
vn 0.6484290361404419 0.18569205701351166 -0.043649885803461075 
vn 0.45183295011520386 0.22498050332069397 -0.44953063130378723 
vn -0.18669559061527252 0.5380026698112488 0.36406657099723816 
vn 0.46626996994018555 0.3338873088359833 0.35771283507347107 
vn 0.6610878109931946 0.11658934503793716 -0.0788474902510643 
vn 0.6610878109931946 0.11658934503793716 -0.0788474902510643 
vn -0.18669559061527252 0.5380026698112488 0.36406657099723816 
vn 0.4736438989639282 0.11994043737649918 0.4670362174510956 
vn -0.17576086521148682 -0.12092828750610352 0.6413513422012329 
vn 0.2343447357416153 -0.12640470266342163 -0.6212499737739563 
vn 0.29586267471313477 -0.08647700399160385 -0.6015264987945557 
vn 0.558691680431366 0.37296414375305176 -0.0748879536986351 
vn 0.5969930291175842 0.3143961727619171 0.04001658782362938 
vn 0.3900153934955597 0.02041538618505001 -0.5516505241394043 
vn 0.5621140599250793 0.36238914728164673 0.09771767258644104 
vn -0.39530622959136963 0.4775567948818207 -0.26929381489753723 
vn -0.33660733699798584 -0.3289472162723541 -0.48511457443237305 
vn -0.41772282123565674 -0.3137969672679901 -0.42881935834884644 
vn -0.35101035237312317 -0.3753994107246399 -0.438991904258728 
vn -0.6225390434265137 -0.17149105668067932 0.1997072845697403 
vn -0.6146695613861084 -0.08143170177936554 0.2690674364566803 
vn -0.04854493960738182 0.36510053277015686 0.5667378902435303 
vn -0.011005941778421402 0.3131901025772095 0.5988637208938599 
vn -0.5930150151252747 -0.1293485313653946 0.29740408062934875 
vn 0.005660426802933216 0.3188457190990448 0.5959465503692627 
vn 0.5621140599250793 0.36238914728164673 0.09771767258644104 
vn 0.5969930291175842 0.3143961727619171 0.04001658782362938 
vn 0.558691680431366 0.37296414375305176 -0.0748879536986351 
vn -0.20223017036914825 0.6265297532081604 -0.15300258994102478 
vn 0.03409455344080925 0.07613148540258408 -0.6707373857498169 
vn -0.09104851633310318 0.44867512583732605 -0.4972399175167084 
vn 0.14480654895305634 -0.31366145610809326 -0.5809427499771118 
vn -0.017480257898569107 0.3603299558162689 -0.5715799331665039 
vn 0.2211700677871704 -0.35120707750320435 -0.5334643721580505 
vn 0.5766340494155884 0.30946075916290283 0.16903896629810333 
vn 0.2595613896846771 -0.6002562642097473 0.170782670378685 
vn -0.015820279717445374 -0.035589322447776794 0.6747816205024719 
vn -0.2013980895280838 0.6214020848274231 0.17362211644649506 
vn 0.0573522225022316 -0.025398628786206245 0.6729879379272461 
vn -0.13213658332824707 0.6090701222419739 0.26157209277153015 
vn -0.046395283192396164 0.26759347319602966 0.6189411878585815 
vn -0.20223017036914825 0.6265297532081604 -0.15300258994102478 
vn 0.27143940329551697 -0.5146863460540771 -0.34389716386795044 
vn -0.13213658332824707 0.6090701222419739 0.26157209277153015 
vn -0.2013980895280838 0.6214020848274231 0.17362211644649506 
vn 0.23726172745227814 -0.6038197875022888 0.18961787223815918 
vn 0.26251742243766785 -0.4609730541706085 0.41884979605674744 
vn 0.44784680008888245 0.46543896198272705 0.19911432266235352 
vn 0.10831066220998764 0.638494074344635 0.19349540770053864 
vn 0.061898209154605865 0.6613742709159851 -0.12489575147628784 
vn 0.20670641958713531 0.6147810220718384 -0.19016613066196442 
vn 0.1525772213935852 0.6020858287811279 -0.2665694057941437 
vn -0.33025673031806946 0.5087251663208008 -0.29828816652297974 
vn -0.2561722993850708 0.5051058530807495 -0.36890438199043274 
vn 0.16346998512744904 0.6318451166152954 -0.17577172815799713 
vn 0.13674837350845337 0.5329862833023071 -0.3925201892852783 
vn -0.2645496428012848 0.6216591000556946 -0.0199960395693779 
vn -0.22183407843112946 0.42711684107780457 0.4745604395866394 
vn 0.3155699372291565 -0.38041266798973083 0.461029976606369 
vn -0.5099827647209167 0.25604355335235596 0.3622240722179413 
vn 0.3155699372291565 -0.38041266798973083 0.461029976606369 
vn 0.5898487567901611 -0.020366346463561058 0.32940971851348877 
vn 0.10831066220998764 0.638494074344635 0.19349540770053864 
vn 0.44784680008888245 0.46543896198272705 0.19911432266235352 
vn -0.08932096511125565 -0.6337087154388428 0.21744289994239807 
vn 0.3155699372291565 -0.38041266798973083 0.461029976606369 
vn -0.06152858957648277 -0.6012229919433594 0.30264100432395935 
vn -0.05499756336212158 -0.21355903148651123 0.6389169096946716 
vn -0.22183407843112946 0.42711684107780457 0.4745604395866394 
vn -0.3845154941082001 0.18579047918319702 -0.523905336856842 
vn 0.23051247000694275 -0.26894718408584595 -0.5756547451019287 
vn -0.024231119081377983 0.6571287512779236 -0.15633608400821686 
vn 0.6108425855636597 0.1665961891412735 -0.236567422747612 
vn 0.04393807426095009 -0.07115325331687927 -0.67071133852005 
vn 0.3918381631374359 0.28572356700897217 -0.4708203971385956 
vn -0.3000180721282959 0.02857278473675251 -0.6049957871437073 
vn 0.45259055495262146 -0.2444530725479126 0.438464879989624 
vn 0.6247482895851135 0.1694803386926651 0.19445569813251495 
vn 0.5437310338020325 0.347767174243927 0.20065253973007202 
vn 0.2108435332775116 0.5872961282730103 -0.25975900888442993 
vn 0.5524195432662964 0.37851354479789734 0.09168960899114609 
vn -0.3845154941082001 0.18579047918319702 -0.523905336856842 
vn 0.23051247000694275 -0.26894718408584595 -0.5756547451019287 
vn -0.6041505336761475 -0.2444995641708374 -0.1790783703327179 
vn 0.07542362064123154 -0.4656718671321869 0.4840534031391144 
vn 0.34131643176078796 -0.4476220905780792 0.37414470314979553 
vn 0.4995800256729126 -0.09373151510953903 0.4455123543739319 
vn 0.5971167087554932 0.2805740535259247 0.146890327334404 
vn 0.4359324872493744 0.48898792266845703 0.16643409430980682 
vn 0.5453468561172485 0.2772878110408783 -0.28732433915138245 
vn 0.5956499576568604 -0.2991555631160736 -0.11204461753368378 
vn 0.3406432569026947 -0.578163743019104 0.08084147423505783 
vn -0.06152858957648277 -0.6012229919433594 0.30264100432395935 
vn 0.16346998512744904 0.6318451166152954 -0.17577172815799713 
vn 0.5971167087554932 0.2805740535259247 0.146890327334404 
vn 0.1525772213935852 0.6020858287811279 -0.2665694057941437 
vn 0.20670641958713531 0.6147810220718384 -0.19016613066196442 
vn 0.5453468561172485 0.2772878110408783 -0.28732433915138245 
vn -0.6660433411598206 -0.1141723021864891 0.014071865938603878 
vn -0.575322151184082 0.19577452540397644 -0.2958441972732544 
vn -0.6191026568412781 -0.26791322231292725 -0.042206425219774246 
vn -0.6192546486854553 0.06606917828321457 -0.2626892626285553 
vn -0.5042373538017273 -0.4489647150039673 -0.03197051212191582 
vn -0.33025673031806946 0.5087251663208008 -0.29828816652297974 
vn -0.2561722993850708 0.5051058530807495 -0.36890438199043274 
vn 0.34131643176078796 -0.4476220905780792 0.37414470314979553 
vn -0.337881863117218 -0.4867874085903168 0.32514688372612 
vn 0.07542362064123154 -0.4656718671321869 0.4840534031391144 
vn 0.5524195432662964 0.37851354479789734 0.09168960899114609 
vn 0.44784680008888245 0.46543896198272705 0.19911432266235352 
vn 0.6050171256065369 -0.02035592868924141 0.3006443679332733 
vn 0.5898487567901611 -0.020366346463561058 0.32940971851348877 
vn 0.3155699372291565 -0.38041266798973083 0.461029976606369 
vn 0.370361864566803 -0.48769503831863403 0.28606346249580383 
vn -0.3604199290275574 0.4338126480579376 -0.3724927008152008 
vn 0.2108435332775116 0.5872961282730103 -0.25975900888442993 
vn -0.33025673031806946 0.5087251663208008 -0.29828816652297974 
vn 0.061898209154605865 0.6613742709159851 -0.12489575147628784 
vn 0.44784680008888245 0.46543896198272705 0.19911432266235352 
vn 0.5524195432662964 0.37851354479789734 0.09168960899114609 
vn -0.5042373538017273 -0.4489647150039673 -0.03197051212191582 
vn -0.5184731483459473 -0.4095986783504486 -0.14234229922294617 
vn -0.6192546486854553 0.06606917828321457 -0.2626892626285553 
vn -0.6125739216804504 0.022991137579083443 -0.2847309410572052 
vn -0.3604199290275574 0.4338126480579376 -0.3724927008152008 
vn -0.33025673031806946 0.5087251663208008 -0.29828816652297974 
vn 0.3155699372291565 -0.38041266798973083 0.461029976606369 
vn -0.08932096511125565 -0.6337087154388428 0.21744289994239807 
vn 0.370361864566803 -0.48769503831863403 0.28606346249580383 
vn -0.1153358444571495 -0.6606587171554565 0.08410683274269104 
vn -0.5184731483459473 -0.4095986783504486 -0.14234229922294617 
vn -0.5042373538017273 -0.4489647150039673 -0.03197051212191582 
vn -0.2473418414592743 0.6085895299911499 -0.15901952981948853 
vn -0.6533641815185547 0.11639858782291412 -0.12811610102653503 
vn -0.1627175509929657 0.025455977767705917 -0.6555319428443909 
vn -0.5023324489593506 0.4367746114730835 -0.11720404028892517 
vn -0.5514448881149292 -0.23881593346595764 -0.30939051508903503 
vn -0.6255906820297241 -0.2541666626930237 -0.029707662761211395 
vn -0.11136927455663681 0.6068322658538818 0.2760397493839264 
vn -0.5065538883209229 -0.20579272508621216 0.3973657488822937 
vn 0.11035265773534775 0.3718335032463074 -0.5535421967506409 
vn -0.2642837166786194 0.4523748755455017 -0.4270336925983429 
vn -0.5398401021957397 -0.020409902557730675 -0.40620583295822144 
vn -0.6343283653259277 0.0912618339061737 -0.21481600403785706 
vn -0.4881661832332611 -0.45273658633232117 -0.11649070680141449 
vn -0.5184731483459473 -0.4095986783504486 -0.14234229922294617 
vn -0.618756890296936 -0.08376681804656982 -0.25878581404685974 
vn -0.6125739216804504 0.022991137579083443 -0.2847309410572052 
vn -0.3604199290275574 0.4338126480579376 -0.3724927008152008 
vn -0.3000180721282959 0.02857278473675251 -0.6049957871437073 
vn 0.04393807426095009 -0.07115325331687927 -0.67071133852005 
vn -0.6041505336761475 -0.2444995641708374 -0.1790783703327179 
vn 0.23051247000694275 -0.26894718408584595 -0.5756547451019287 
vn -0.22514081001281738 0.6366968750953674 0.027840055525302887 
vn -0.06097817048430443 0.43356403708457947 0.5149278044700623 
vn -0.6380528211593628 0.058624885976314545 0.2151716649532318 
vn -0.06097817048430443 0.43356403708457947 0.5149278044700623 
vn -0.6380528211593628 0.058624885976314545 0.2151716649532318 
vn 0.059009451419115067 0.09736718982458115 0.6662466526031494 
vn -0.5716077089309692 -0.11174780875444412 0.3429638147354126 
vn 0.45259055495262146 -0.2444530725479126 0.438464879989624 
vn -0.618756890296936 -0.08376681804656982 -0.25878581404685974 
vn -0.6041505336761475 -0.2444995641708374 -0.1790783703327179 
vn -0.3845154941082001 0.18579047918319702 -0.523905336856842 
vn 0.0713651105761528 0.5368631482124329 0.4043903350830078 
vn -0.024231119081377983 0.6571287512779236 -0.15633608400821686 
vn -0.6423733830451965 0.2098623365163803 0.012699782848358154 
vn -0.4604504406452179 0.20326124131679535 0.45112890005111694 
vn 0.45259055495262146 -0.2444530725479126 0.438464879989624 
vn 0.6247482895851135 0.1694803386926651 0.19445569813251495 
vn 0.059009451419115067 0.09736718982458115 0.6662466526031494 
vn 0.5437310338020325 0.347767174243927 0.20065253973007202 
vn -0.06097817048430443 0.43356403708457947 0.5149278044700623 
vn -0.5042373538017273 -0.4489647150039673 -0.03197051212191582 
vn -0.6191026568412781 -0.26791322231292725 -0.042206425219774246 
vn -0.08932096511125565 -0.6337087154388428 0.21744289994239807 
vn -0.337881863117218 -0.4867874085903168 0.32514688372612 
vn -0.6660433411598206 -0.1141723021864891 0.014071865938603878 
vn -0.337881863117218 -0.4867874085903168 0.32514688372612 
vn 0.34131643176078796 -0.4476220905780792 0.37414470314979553 
vn -0.08932096511125565 -0.6337087154388428 0.21744289994239807 
vn -0.4604504406452179 0.20326124131679535 0.45112890005111694 
vn 0.07982353866100311 0.6333998441696167 -0.22198918461799622 
vn 0.4462742805480957 0.15076927840709686 0.48472151160240173 
vn 0.5437310338020325 0.347767174243927 0.20065253973007202 
vn 0.48574936389923096 0.3529118001461029 0.31039923429489136 
vn 0.5524195432662964 0.37851354479789734 0.09168960899114609 
vn 0.6050171256065369 -0.02035592868924141 0.3006443679332733 
vn 0.5064460635185242 -0.035408008843660355 0.44621264934539795 
vn 0.22647123038768768 -0.44986382126808167 0.45075494050979614 
vn 0.42112037539482117 -0.08465755730867386 0.5218599438667297 
vn -0.17974457144737244 -0.6137747764587402 0.2186751365661621 
vn -0.11544684320688248 -0.5571444034576416 0.36484065651893616 
vn 0.5641971230506897 0.2757232189178467 0.25001055002212524 
vn 0.4238286018371582 -0.09329995512962341 0.5181809663772583 
vn 0.5004679560661316 0.4016571044921875 0.21225030720233917 
vn 0.5964632630348206 0.2895984351634979 0.13119171559810638 
vn 0.17812804877758026 0.4432375729084015 0.47818151116371155 
vn 0.6738343238830566 0.05095231905579567 0.014079834334552288 
vn 0.45739319920539856 0.4862087666988373 -0.10601499676704407 
vn 0.370361864566803 -0.48769503831863403 0.28606346249580383 
vn 0.3918381631374359 0.28572356700897217 -0.4708203971385956 
vn 0.2108435332775116 0.5872961282730103 -0.25975900888442993 
vn -0.3000180721282959 0.02857278473675251 -0.6049957871437073 
vn -0.3000180721282959 0.02857278473675251 -0.6049957871437073 
vn -0.3604199290275574 0.4338126480579376 -0.3724927008152008 
vn 0.2108435332775116 0.5872961282730103 -0.25975900888442993 
vn -0.06097817048430443 0.43356403708457947 0.5149278044700623 
vn -0.6380528211593628 0.058624885976314545 0.2151716649532318 
vn -0.6343283653259277 0.0912618339061737 -0.21481600403785706 
vn -0.6533641815185547 0.11639858782291412 -0.12811610102653503 
vn 0.17812804877758026 0.4432375729084015 0.47818151116371155 
vn -0.5023324489593506 0.4367746114730835 -0.11720404028892517 
vn 0.5641971230506897 0.2757232189178467 0.25001055002212524 
vn -0.11136927455663681 0.6068322658538818 0.2760397493839264 
vn -0.4881661832332611 -0.45273658633232117 -0.11649070680141449 
vn -0.5184731483459473 -0.4095986783504486 -0.14234229922294617 
vn -0.17974457144737244 -0.6137747764587402 0.2186751365661621 
vn -0.1153358444571495 -0.6606587171554565 0.08410683274269104 
vn 0.370361864566803 -0.48769503831863403 0.28606346249580383 
vn 0.22647123038768768 -0.44986382126808167 0.45075494050979614 
vn -0.2642837166786194 0.4523748755455017 -0.4270336925983429 
vn 0.2071685642004013 0.6240313649177551 -0.15656453371047974 
vn 0.11035265773534775 0.3718335032463074 -0.5535421967506409 
vn 0.5964632630348206 0.2895984351634979 0.13119171559810638 
vn -0.1627175509929657 0.025455977767705917 -0.6555319428443909 
vn 0.6738343238830566 0.05095231905579567 0.014079834334552288 
vn 0.45739319920539856 0.4862087666988373 -0.10601499676704407 
vn -0.2473418414592743 0.6085895299911499 -0.15901952981948853 
vn 0.5004679560661316 0.4016571044921875 0.21225030720233917 
vn -0.4604504406452179 0.20326124131679535 0.45112890005111694 
vn -0.6423733830451965 0.2098623365163803 0.012699782848358154 
vn 0.07982353866100311 0.6333998441696167 -0.22198918461799622 
vn 0.2679857909679413 0.568550169467926 -0.24855749309062958 
vn -0.06152858957648277 -0.6012229919433594 0.30264100432395935 
vn -0.05499756336212158 -0.21355903148651123 0.6389169096946716 
vn -0.1893938183784485 -0.5983405113220215 0.2509283721446991 
vn -0.3348558247089386 -0.27774009108543396 0.5172803997993469 
vn 0.09996405988931656 -0.5037075877189636 0.4394684135913849 
vn 0.27804258465766907 -0.22203484177589417 0.5746650099754333 
vn -0.34828823804855347 0.30282244086265564 0.49380239844322205 
vn -0.5099827647209167 0.25604355335235596 0.3622240722179413 
vn -0.22183407843112946 0.42711684107780457 0.4745604395866394 
vn -0.14822229743003845 0.6433035731315613 -0.14504146575927734 
vn 0.13674837350845337 0.5329862833023071 -0.3925201892852783 
vn 0.5677226185798645 0.10666926205158234 -0.3509412407875061 
vn 0.4699484407901764 0.14675988256931305 -0.463095098733902 
vn 0.5312615036964417 -0.37482506036758423 -0.1847003549337387 
vn 0.5956499576568604 -0.2991555631160736 -0.11204461753368378 
vn 0.5453468561172485 0.2772878110408783 -0.28732433915138245 
vn 0.20670641958713531 0.6147810220718384 -0.19016613066196442 
vn -0.06152858957648277 -0.6012229919433594 0.30264100432395935 
vn -0.1893938183784485 -0.5983405113220215 0.2509283721446991 
vn 0.3406432569026947 -0.578163743019104 0.08084147423505783 
vn 0.20314417779445648 -0.644542396068573 -0.011994361877441406 
vn 0.5956499576568604 -0.2991555631160736 -0.11204461753368378 
vn 0.5312615036964417 -0.37482506036758423 -0.1847003549337387 
vn 0.4983925223350525 -0.39649251103401184 0.22637446224689484 
vn 0.09996405988931656 -0.5037075877189636 0.4394684135913849 
vn 0.13674837350845337 0.5329862833023071 -0.3925201892852783 
vn -0.14822229743003845 0.6433035731315613 -0.14504146575927734 
vn -0.2645496428012848 0.6216591000556946 -0.0199960395693779 
vn -0.34828823804855347 0.30282244086265564 0.49380239844322205 
vn -0.5099827647209167 0.25604355335235596 0.3622240722179413 
vn 0.5437310338020325 0.347767174243927 0.20065253973007202 
vn -0.06097817048430443 0.43356403708457947 0.5149278044700623 
vn 0.48574936389923096 0.3529118001461029 0.31039923429489136 
vn -0.22514081001281738 0.6366968750953674 0.027840055525302887 
vn 0.5004679560661316 0.4016571044921875 0.21225030720233917 
vn 0.2071685642004013 0.6240313649177551 -0.15656453371047974 
vn -0.2642837166786194 0.4523748755455017 -0.4270336925983429 
vn -0.024231119081377983 0.6571287512779236 -0.15633608400821686 
vn 0.0713651105761528 0.5368631482124329 0.4043903350830078 
vn 0.6108425855636597 0.1665961891412735 -0.236567422747612 
vn 0.5971167087554932 0.2805740535259247 0.146890327334404 
vn 0.16346998512744904 0.6318451166152954 -0.17577172815799713 
vn 0.4359324872493744 0.48898792266845703 0.16643409430980682 
vn -0.08932096511125565 -0.6337087154388428 0.21744289994239807 
vn 0.34131643176078796 -0.4476220905780792 0.37414470314979553 
vn -0.06152858957648277 -0.6012229919433594 0.30264100432395935 
vn -0.14822229743003845 0.6433035731315613 -0.14504146575927734 
vn 0.27804258465766907 -0.22203484177589417 0.5746650099754333 
vn -0.34828823804855347 0.30282244086265564 0.49380239844322205 
vn -0.11136927455663681 0.6068322658538818 0.2760397493839264 
vn -0.5065538883209229 -0.20579272508621216 0.3973657488822937 
vn 0.4238286018371582 -0.09329995512962341 0.5181809663772583 
vn -0.5065538883209229 -0.20579272508621216 0.3973657488822937 
vn -0.11544684320688248 -0.5571444034576416 0.36484065651893616 
vn -0.6255906820297241 -0.2541666626930237 -0.029707662761211395 
vn -0.5514448881149292 -0.23881593346595764 -0.30939051508903503 
vn -0.17974457144737244 -0.6137747764587402 0.2186751365661621 
vn -0.4881661832332611 -0.45273658633232117 -0.11649070680141449 
vn 0.0713651105761528 0.5368631482124329 0.4043903350830078 
vn 0.2679857909679413 0.568550169467926 -0.24855749309062958 
vn 0.6108425855636597 0.1665961891412735 -0.236567422747612 
vn 0.4462742805480957 0.15076927840709686 0.48472151160240173 
vn 0.07982353866100311 0.6333998441696167 -0.22198918461799622 
vn 0.0713651105761528 0.5368631482124329 0.4043903350830078 
vn -0.6423733830451965 0.2098623365163803 0.012699782848358154 
vn 0.2679857909679413 0.568550169467926 -0.24855749309062958 
vn -0.5716077089309692 -0.11174780875444412 0.3429638147354126 
vn -0.4604504406452179 0.20326124131679535 0.45112890005111694 
vn 0.45259055495262146 -0.2444530725479126 0.438464879989624 
vn 0.4462742805480957 0.15076927840709686 0.48472151160240173 
vn 0.6108425855636597 0.1665961891412735 -0.236567422747612 
vn -0.2473418414592743 0.6085895299911499 -0.15901952981948853 
vn -0.6533641815185547 0.11639858782291412 -0.12811610102653503 
vn 0.17812804877758026 0.4432375729084015 0.47818151116371155 
vn 0.45739319920539856 0.4862087666988373 -0.10601499676704407 
vn 0.17812804877758026 0.4432375729084015 0.47818151116371155 
vn -0.2473418414592743 0.6085895299911499 -0.15901952981948853 
vn 0.4238286018371582 -0.09329995512962341 0.5181809663772583 
vn -0.5065538883209229 -0.20579272508621216 0.3973657488822937 
vn -0.11544684320688248 -0.5571444034576416 0.36484065651893616 
vn -0.11136927455663681 0.6068322658538818 0.2760397493839264 
vn 0.5641971230506897 0.2757232189178467 0.25001055002212524 
vn 0.4238286018371582 -0.09329995512962341 0.5181809663772583 
vn 0.5312615036964417 -0.37482506036758423 -0.1847003549337387 
vn 0.5677226185798645 0.10666926205158234 -0.3509412407875061 
vn 0.4983925223350525 -0.39649251103401184 0.22637446224689484 
vn 0.27804258465766907 -0.22203484177589417 0.5746650099754333 
vn 0.09996405988931656 -0.5037075877189636 0.4394684135913849 
vt 0.7768988013267517 1.2356162071228027 
vt 0.648063600063324 1.2531501054763794 
vt 0.7196288108825684 1.1742982864379883 
vt 0.5857009291648865 1.2542649507522583 
vt 0.4871536195278168 1.1213924884796143 
vt 0.7674282789230347 1.1166290044784546 
vt 0.3632323741912842 1.008689045906067 
vt 0.3219550848007202 1.0920003652572632 
vt 0.19883795082569122 1.108520746231079 
vt 0.28371551632881165 1.2019673585891724 
vt 0.09957587718963623 1.2041970491409302 
vt 0.4590100049972534 1.1964943408966064 
vt 0.13879825174808502 1.035243272781372 
vt 0.300959050655365 0.8439920544624329 
vt 0.43318936228752136 0.9836551547050476 
vt 0.3809226453304291 0.8299041390419006 
vt 0.336696982383728 0.5949702262878418 
vt 0.40978100895881653 0.4072663187980652 
vt 0.38699808716773987 0.3823337256908417 
vt 0.32543954253196716 0.40696224570274353 
vt 0.23779228329658508 0.809735119342804 
vt 0.8035235404968262 1.0316959619522095 
vt 0.8038809299468994 1.0931153297424316 
vt 0.648063600063324 1.0764936208724976 
vt 0.7768988013267517 1.130514144897461 
vt 0.8468557596206665 1.0222702026367188 
vt 0.8035235404968262 1.0316959619522095 
vt 0.7039040923118591 0.9401751160621643 
vt 0.7242746949195862 1.0043309926986694 
vt 0.7037253975868225 1.0610880851745605 
vt 0.44015824794769287 1.97903311252594 
vt 0.5694401860237122 1.7944711446762085 
vt 0.451773077249527 1.9876480102539062 
vt 0.633857786655426 1.737207293510437 
vt 0.6175970435142517 1.6762946844100952 
vt 0.6811211705207825 1.4416648149490356 
vt 0.6421668529510498 1.4304147958755493 
vt 0.6781728267669678 1.7769372463226318 
vt 0.6587849855422974 1.7043691873550415 
vt 0.7316009998321533 1.4399418830871582 
vt 0.6633415818214417 1.311934232711792 
vt 0.7058696746826172 1.2849745750427246 
vt 0.21206098794937134 -0.9337220191955566 
vt 0.3079279363155365 -0.7467275857925415 
vt 0.4557935893535614 -0.9337220191955566 
vt 0.5103832483291626 -0.7535181641578674 
vt 0.7106943130493164 -0.9337220191955566 
vt 0.7043508291244507 -0.7607141137123108 
vt 0.5550556778907776 -0.27402183413505554 
vt 0.6526201963424683 -0.1387169063091278 
vt 0.32365262508392334 0.32294145226478577 
vt 0.45096898078918457 0.35172542929649353 
vt 0.475628137588501 0.5680105686187744 
vt 0.13593921065330505 0.696119487285614 
vt 0.28371551632881165 0.7361535429954529 
vt 0.09957587718963623 0.8418636918067932 
vt 0.0708961933851242 0.631254255771637 
vt 0.21447329223155975 0.3192927837371826 
vt 0.4373885691165924 -0.26013660430908203 
vt 0.5612204670906067 0.9990606307983398 
vt 0.5823951959609985 0.9404791593551636 
vt 0.4590100049972534 0.8553435206413269 
vt 0.5943673849105835 0.8233162760734558 
vt 0.44703781604766846 0.7219642996788025 
vt 0.5161907076835632 0.6696666479110718 
vt 0.6399332284927368 0.9186884760856628 
vt 0.7039040923118591 0.9401751160621643 
vt 0.263166218996048 0.6080446243286133 
vt 0.24279558658599854 0.5404428243637085 
vt 0.3534044623374939 0.5562537312507629 
vt 0.26379162073135376 0.45540851354599 
vt 0.43694183230400085 0.39520543813705444 
vt 0.4903700351715088 0.16290664672851562 
vt 0.589185357093811 0.23557601869106293 
vt 0.6613759994506836 -0.20733220875263214 
vt 0.7006877064704895 0.3192927837371826 
vt 0.7877095341682434 -0.26013660430908203 
vt 0.6865712404251099 -0.4114551544189453 
vt 0.5466572642326355 -0.23712970316410065 
vt 0.5541622042655945 -0.44581347703933716 
vt 0.7440199255943298 -0.7244301438331604 
vt 0.5712270736694336 -0.9337220191955566 
vt 0.6546751260757446 -0.9337220191955566 
vt 0.9413825869560242 -0.9337220191955566 
vt 0.9009093642234802 -0.7467275857925415 
vt 0.4644600450992584 0.7043290138244629 
vt 0.5047545433044434 0.6123014092445374 
vt 0.6182224154472351 0.567503809928894 
vt 0.6828187108039856 0.631254255771637 
vt 0.6484209895133972 1.0861220359802246 
vt 0.69693523645401 1.0831828117370605 
vt 0.6502078771591187 1.5783886909484863 
vt 0.5843607783317566 1.5270031690597534 
vt 0.60678631067276 1.6717338562011719 
vt 0.5600589513778687 1.6534905433654785 
vt 0.3672528862953186 2.0395402908325195 
vt 0.2627194821834564 2.1434261798858643 
vt 0.5912402868270874 1.0887571573257446 
vt 1.7209159135818481 0.6475719213485718 
vt 1.6430072784423828 0.8993302583694458 
vt 1.640863060951233 0.8236203193664551 
vt 0.3602840006351471 -0.9337220191955566 
vt 0.7204328775405884 -0.9337220191955566 
vt 0.47223302721977234 -0.8769648671150208 
vt 0.6723653674125671 -0.5242599248886108 
vt 0.5502310395240784 -0.40699565410614014 
vt 0.6511906981468201 -0.1731765866279602 
vt 0.38369235396385193 0.18956221640110016 
vt 0.41916221380233765 -0.23712970316410065 
vt 0.2786228656768799 0.16290664672851562 
vt 0.22716024518013 0.45540851354599 
vt 0.3133779764175415 0.4406111240386963 
vt 0.38315626978874207 0.46655723452568054 
vt 0.4857240915298462 0.2669951319694519 
vt 0.3039967715740204 -0.9337220191955566 
vt 0.3987022638320923 -0.44581347703933716 
vt 0.5453171133995056 0.7722348570823669 
vt 0.6498504877090454 0.8553435206413269 
vt 0.5748008489608765 0.9234520196914673 
vt 0.7076565623283386 1.0552096366882324 
vt 0.7251681685447693 0.9990606307983398 
vt 0.4958200752735138 0.567503809928894 
vt 0.43318936228752136 0.6974371075630188 
vt 0.5658664107322693 0.7454779148101807 
vt 0.8103137612342834 1.0673718452453613 
vt 0.8528419137001038 1.0301756858825684 
vt 0.7674282789230347 1.1106492280960083 
vt 0.3632323741912842 0.750342845916748 
vt 0.6712932586669922 0.8233162760734558 
vt 0.5636327862739563 0.6614571213722229 
vt 0.6411840319633484 0.6696666479110718 
vt 0.679334282875061 0.5680105686187744 
vt 0.5801615715026855 0.30155616998672485 
vt 0.69693523645401 0.35172542929649353 
vt 0.7690364718437195 -0.1387169063091278 
vt 0.6494037508964539 -0.1373993307352066 
vt 0.692467987537384 -0.5447330474853516 
vt 0.8909921050071716 -0.7607141137123108 
vt 0.6906810998916626 -0.8098698854446411 
vt 0.7170377969741821 -0.9337220191955566 
vt 0.47312650084495544 -0.9337220191955566 
vt 0.5458531379699707 -0.5242599248886108 
vt 0.5360252261161804 -0.1731765866279602 
vt 0.4725904166698456 0.2669951319694519 
vt 0.4411410391330719 0.567503809928894 
vt 0.4958200752735138 0.7454779148101807 
vt 0.6603038311004639 1.0222702026367188 
vt 0.6001747846603394 1.0301756858825684 
vt 0.9202078580856323 -0.9337220191955566 
vt 0.25977110862731934 0.46655723452568054 
vt 0.28755733370780945 0.5303076505661011 
vt 0.2833581268787384 0.6035851240158081 
vt 0.43703117966651917 0.6974371075630188 
vt 0.7806512713432312 1.3525763750076294 
vt 0.8151383996009827 1.4680163860321045 
vt 0.8299696445465088 0.9612563252449036 
vt 0.8752674460411072 0.9705807566642761 
vt 0.931018590927124 0.9449386596679688 
vt 0.8653501868247986 1.4582865238189697 
vt 0.8619550466537476 1.3319005966186523 
vt 0.813798189163208 1.3420357704162598 
vt 0.8388147354125977 0.9469656944274902 
vt 0.7665348052978516 0.9269993901252747 
vt 0.7341920137405396 1.0043309926986694 
vt 0.7679643034934998 1.3582521677017212 
vt 0.952729344367981 0.9893308281898499 
vt 0.8611509799957275 1.5813279151916504 
vt 0.9013561010360718 0.9658172130584717 
vt 0.8469451069831848 1.385515809059143 
vt 0.7969120144844055 1.3611913919448853 
vt 0.844264805316925 0.9444319009780884 
vt 0.7319583892822266 1.0345338582992554 
vt 0.7890496850013733 1.056425929069519 
vt 0.782527506351471 1.4955841302871704 
vt 0.841137707233429 1.5827468633651733 
vt 0.8832191228866577 1.5713953971862793 
vt 0.8464090824127197 1.0372703075408936 
vt 1.3964155912399292 2.1313652992248535 
vt 1.5388312339782715 2.124574661254883 
vt 1.5418689250946045 2.08109450340271 
vt 1.5885069370269775 2.1814329624176025 
vt 1.63943350315094 2.0227158069610596 
vt 1.6222792863845825 2.205554962158203 
vt 1.594582438468933 2.3872790336608887 
vt 1.612362027168274 2.385150671005249 
vt 1.5933315753936768 2.0139994621276855 
vt 1.6546220779418945 1.7443019151687622 
vt 1.6862502098083496 1.7429842948913574 
vt 1.550714135169983 1.2532514333724976 
vt 1.7150192260742188 1.7406532764434814 
vt 1.581716775894165 1.183115839958191 
vt 1.4682488441467285 1.1620346307754517 
vt 1.5105983018875122 1.0000741481781006 
vt 1.4557405710220337 0.9914592504501343 
vt 1.4113361835479736 1.1420682668685913 
vt 1.3467398881912231 1.2920693159103394 
vt 1.3600523471832275 1.3423398733139038 
vt 1.2934904098510742 1.3838942050933838 
vt 1.502646565437317 1.2659204006195068 
vt 1.4257206916809082 1.2156498432159424 
vt 1.4367995262145996 1.2074403762817383 
vt -0.58301842212677 0.8694314360618591 
vt -0.6538687944412231 0.8690260052680969 
vt -0.5769429206848145 0.9320669770240784 
vt -0.6897854208946228 0.9139249324798584 
vt -0.8484618067741394 0.8182486891746521 
vt -0.8353281021118164 0.7994985580444336 
vt -0.848640501499176 0.7861201167106628 
vt 0.7257042527198792 1.4452121257781982 
vt 0.6583382487297058 1.6894704103469849 
vt 0.6701317429542542 1.4472391605377197 
vt 0.6314454674720764 1.74126136302948 
vt 0.6009789109230042 1.7304166555404663 
vt 0.44015824794769287 1.97903311252594 
vt 0.5932952165603638 1.8196064233779907 
vt 0.451773077249527 1.9876480102539062 
vt 0.6781728267669678 1.7769372463226318 
vt 0.6429709792137146 1.399401068687439 
vt 0.6507439613342285 1.8069374561309814 
vt 0.7651053071022034 1.9288638830184937 
vt 1.3545129299163818 1.4088268280029297 
vt 1.3480801582336426 1.3314951658248901 
vt 1.3866770267486572 1.32358980178833 
vt 1.3822991847991943 1.161021113395691 
vt 1.4257206916809082 1.2156498432159424 
vt 0.53843754529953 0.6614571213722229 
vt 0.5943673849105835 0.8233162760734558 
vt 0.8468557596206665 1.0222702026367188 
vt 0.4190728962421417 0.20770423114299774 
vt 0.4287221133708954 0.19483251869678497 
vt 0.4044203460216522 0.1954406350851059 
vt 1.6006578207015991 1.0044323205947876 
vt 1.586184024810791 1.0051417350769043 
vt 1.5921701192855835 0.9929795265197754 
vt 0.30238857865333557 1.0420339107513428 
vt 0.12057190388441086 0.8427758812904358 
vt 0.3187386691570282 1.036662220954895 
vt 0.1262899786233902 0.7590591311454773 
vt 0.05115099623799324 0.7812551856040955 
vt 0.07259374856948853 0.34442806243896484 
vt 0.004244976211339235 0.5909161567687988 
vt -0.0029919527005404234 0.3001372516155243 
vt 0.1432654857635498 0.344022661447525 
vt -0.057224247604608536 0.7569307088851929 
vt -0.14138704538345337 0.9048032760620117 
vt -0.18302172422409058 0.8791612386703491 
vt -0.2333228439092636 1.0801422595977783 
vt -0.49537113308906555 0.8807828426361084 
vt -0.47008657455444336 0.8797693252563477 
vt -0.4943883419036865 0.8542286157608032 
vt -0.4724988639354706 0.8530123829841614 
vt 0.308642715215683 1.0342297554016113 
vt 0.14308679103851318 0.7637212872505188 
vt 0.11324562877416611 0.8418636918067932 
vt 0.03569434583187103 0.7689915895462036 
vt -0.005225572735071182 0.8244311213493347 
vt -0.16291914880275726 0.9038910865783691 
vt -0.01952074095606804 0.7106128334999084 
vt -0.2040177583694458 0.8748030662536621 
vt -0.2256391942501068 1.0897706747055054 
vt 0.14460565149784088 0.32344821095466614 
vt 0.07563146948814392 0.2985156178474426 
vt 0.006657285615801811 0.3071305453777313 
vt 0.8035235404968262 1.250008225440979 
vt 0.7037253975868225 1.278792142868042 
vt 0.6359127163887024 1.665145993232727 
vt 0.5821271538734436 1.675889253616333 
vt 0.6877326965332031 1.6880515813827515 
vt 1.3822991847991943 1.161021113395691 
vt 1.4376035928726196 0.9879119396209717 
vt 1.4899595975875854 1.2077443599700928 
vt 1.504433512687683 1.088149070739746 
vt 1.6769583225250244 1.7437951564788818 
vt 1.70858633518219 1.7423762083053589 
vt 1.6354129314422607 2.0394389629364014 
vt 1.7233282327651978 1.7414640188217163 
vt 1.6355023384094238 2.113527297973633 
vt 1.5908299684524536 2.1750478744506836 
vt 1.6044102907180786 2.3783600330352783 
vt 1.6474745273590088 1.7416667938232422 
vt 1.5952972173690796 2.0353848934173584 
vt 1.5291820764541626 2.128324508666992 
vt 1.5158696174621582 2.0941689014434814 
vt 1.3928418159484863 2.12001371383667 
vt 1.5495526790618896 1.0641286373138428 
vt -0.008352641016244888 1.3291641473770142 
vt 0.016306523233652115 1.3146708011627197 
vt 0.004066286608576775 1.353488564491272 
vt 0.0254196934401989 1.3370695114135742 
vt 0.60678631067276 1.6717338562011719 
vt 0.5907936096191406 1.7263625860214233 
vt 0.6694170236587524 1.7378153800964355 
vt -0.008352641016244888 1.9871412515640259 
vt 0.016306523233652115 1.9811614751815796 
vt -0.14353132247924805 1.7429842948913574 
vt -0.1530912220478058 1.6119362115859985 
vt -0.20517922937870026 1.696869134902954 
vt -0.2545869052410126 1.657848596572876 
vt -0.4801825284957886 1.9283571243286133 
vt -0.5404902696609497 1.9417356252670288 
vt -0.5211024284362793 2.068830966949463 
vt -0.6226874589920044 1.9656546115875244 
vt -0.58301842212677 2.0902161598205566 
vt -0.6572639346122742 2.0336618423461914 
vt -0.6538687944412231 2.0645742416381836 
vt -0.8353281021118164 2.1744396686553955 
vt -0.848640501499176 2.160149097442627 
vt -0.19963985681533813 1.4917327165603638 
vt -0.4724988639354706 2.25835919380188 
vt -0.4943883419036865 2.273663282394409 
vt 0.2911311388015747 -0.009898520074784756 
vt 0.3472396731376648 0.20233257114887238 
vt 0.26361292600631714 -0.002905231900513172 
vt 0.2965811491012573 0.2040555477142334 
vt 0.30363941192626953 0.35699573159217834 
vt 0.3511708378791809 0.4110163450241089 
vt 0.2917565405368805 0.5335509181022644 
vt 0.3133779764175415 0.7978768944740295 
vt 0.22716024518013 0.8104445934295654 
vt 0.392090767621994 0.4121312201023102 
vt 0.38315626978874207 0.8063904643058777 
vt -0.15639697015285492 1.493354320526123 
vt -0.21500715613365173 1.5783886909484863 
vt -0.11243933439254761 1.689774513244629 
vt 0.004066286608576775 1.976499319076538 
vt 0.0254196934401989 1.9647425413131714 
vt 1.3728286027908325 1.1312236785888672 
vt 1.4113361835479736 1.1420682668685913 
vt 1.429919958114624 1.0000741481781006 
vt 0.6421668529510498 1.4304147958755493 
vt 0.6633415818214417 1.311934232711792 
vt 0.610092043876648 1.3014949560165405 
vt -0.47008657455444336 2.261906623840332 
vt -0.49537113308906555 2.271230936050415 
vt -0.519940972328186 2.084033727645874 
vt -0.5769429206848145 2.075317621231079 
vt -0.49787279963493347 1.9449788331985474 
vt -0.517707347869873 1.9297760725021362 
vt -0.6897854208946228 2.0395402908325195 
vt -0.27692312002182007 1.6717338562011719 
vt -0.24833276867866516 1.7263625860214233 
vt 1.5547345876693726 1.1023383140563965 
vt 1.595922589302063 1.0676759481430054 
vt 1.625227689743042 1.187778115272522 
vt 2.019148826599121 1.702646255493164 
vt 1.9928815364837646 1.7209908962249756 
vt 2.0423786640167236 1.782612919807434 
vt 2.0045857429504395 1.811599612236023 
vt 2.064357280731201 1.974674940109253 
vt 1.835009217262268 1.6352471113204956 
vt 1.599853754043579 1.1671022176742554 
vt 1.815264105796814 1.6605851650238037 
vt 1.562954306602478 1.1903119087219238 
vt 1.4812932014465332 1.124129056930542 
vt 1.7878352403640747 1.6727473735809326 
vt -0.1315591186285019 0.6304433941841125 
vt -0.045966800302267075 0.6635855436325073 
vt -0.23752205073833466 1.1708523035049438 
vt -0.18105614185333252 1.1646697521209717 
vt 0.0077294232323765755 1.5110909938812256 
vt -0.12530498206615448 1.1864604949951172 
vt -0.020503534004092216 0.8116607666015625 
vt -0.011569053865969181 1.612544298171997 
vt -0.10198599100112915 1.2057173252105713 
vt 0.09332174062728882 0.9729118347167969 
vt 0.17775258421897888 1.015682339668274 
vt -0.0607980377972126 1.5779832601547241 
vt -0.03247573599219322 1.5270031690597534 
vt -0.2531574070453644 1.1838253736495972 
vt -0.20276692509651184 1.1728793382644653 
vt -0.1708708256483078 0.627098798751831 
vt -0.08876296132802963 0.6913559436798096 
vt -0.016036294400691986 0.7245994210243225 
vt -0.1454075574874878 1.1792645454406738 
vt 0.058566614985466 1.618321418762207 
vt 0.5618458986282349 0.7763903141021729 
vt 0.6576234698295593 0.8418636918067932 
vt 0.6231364011764526 1.127879023551941 
vt 0.677368700504303 1.1426764726638794 
vt 0.5976731181144714 1.5405843257904053 
vt 0.6578915119171143 1.493354320526123 
vt 0.6424348950386047 1.6709229946136475 
vt 0.6776367425918579 1.689774513244629 
vt 0.7904792428016663 1.9647425413131714 
vt 0.7681429982185364 1.9811614751815796 
vt 0.5584507584571838 1.6119362115859985 
vt 0.5745328068733215 1.127879023551941 
vt 0.48867249488830566 0.7640253305435181 
vt -0.517707347869873 0.997844398021698 
vt -0.49787279963493347 0.968756377696991 
vt -0.24833276867866516 1.1374061107635498 
vt -0.4801825284957886 0.9387562274932861 
vt -0.20517922937870026 1.092203140258789 
vt -0.14353132247924805 1.1626427173614502 
vt -0.16604621708393097 1.2160552740097046 
vt 0.8579345345497131 1.6748757362365723 
vt 0.888579785823822 1.679031252861023 
vt 0.8589173555374146 1.905856966972351 
vt 0.9001052975654602 1.908492088317871 
vt 0.8537353277206421 1.99271559715271 
vt 0.8891158699989319 2.0127832889556885 
vt 0.8857207894325256 2.1267030239105225 
vt 0.8711575865745544 2.135317802429199 
vt 0.9169021248817444 1.663625717163086 
vt 1.369076132774353 1.5843684673309326 
vt 1.3591588735580444 1.4310228824615479 
vt 1.3549596071243286 1.5828481912612915 
vt 1.3320873975753784 1.4249417781829834 
vt 0.47223302721977234 1.014567494392395 
vt 0.3602840006351471 1.0264257192611694 
vt 0.3039967715740204 1.1178451776504517 
vt 0.9204759001731873 0.956391453742981 
vt 1.0562800168991089 1.2763596773147583 
vt 0.8650821447372437 0.9888240694999695 
vt 1.0306379795074463 1.3885563611984253 
vt 0.8126367330551147 1.0113242864608765 
vt 0.9697048664093018 1.3920023441314697 
vt 0.7789537310600281 1.800248146057129 
vt 0.8170146346092224 1.8199105262756348 
vt 1.0628021955490112 1.432239055633545 
vt 0.76608806848526 1.8018698692321777 
vt 0.8045957088470459 1.8092684745788574 
vt 0.9722065329551697 1.3767995834350586 
vt 1.0301913022994995 1.3684886693954468 
vt 0.8060252070426941 0.9869997501373291 
vt 0.8636525869369507 0.9752429127693176 
vt 0.9174381494522095 0.9515265226364136 
vt 1.0852277278900146 1.3761913776397705 
vt 0.7039040923118591 1.2825422286987305 
vt 0.6399332284927368 1.2782853841781616 
vt 0.6938081383705139 1.6283552646636963 
vt 0.636091411113739 1.6850110292434692 
vt 0.6829080581665039 1.7681195735931396 
vt 0.6240298748016357 1.8114982843399048 
vt 0.5784640312194824 1.7298085689544678 
vt 0.5823951959609985 1.2768664360046387 
vt 0.5821271538734436 1.0972707271575928 
vt 0.6359127163887024 1.1133856773376465 
vt 0.5840927362442017 1.4827123880386353 
vt 0.616524875164032 1.4706515073776245 
vt 0.6877326965332031 1.1067978143692017 
vt 0.3148075044155121 0.19128519296646118 
vt 0.3742218017578125 0.3069278299808502 
vt 0.30757057666778564 0.3643944263458252 
vt 1.5032720565795898 1.054702877998352 
vt 1.5139933824539185 1.1866631507873535 
vt 1.5547345876693726 1.1023383140563965 
vt 1.5902044773101807 1.188994288444519 
vt 1.7674646377563477 1.6362606287002563 
vt 1.7895327806472778 1.61396324634552 
vt 1.816872239112854 1.6016995906829834 
vt 0.1232522502541542 0.5562537312507629 
vt 0.23779228329658508 0.6080446243286133 
vt 0.08554874360561371 0.7043290138244629 
vt 0.13879825174808502 0.7640253305435181 
vt 1.1861873865127563 1.5191991329193115 
vt 1.308232307434082 1.4178471565246582 
vt 1.3232423067092896 1.3518669605255127 
vt 0.8468557596206665 1.206933617591858 
vt 0.7039040923118591 1.2825422286987305 
vt 0.5943673849105835 1.2178796529769897 
vt 0.4044203460216522 0.9729118347167969 
vt 0.4125507175922394 0.9587225317955017 
vt 0.4287221133708954 0.9624725580215454 
vt 0.4033482074737549 0.7205453515052795 
vt 0.3442912995815277 0.7278426885604858 
vt 0.3742218017578125 0.6019635200500488 
vt 0.30757057666778564 0.6438218951225281 
vt 0.5840927362442017 1.9491342306137085 
vt 0.616524875164032 1.9538978338241577 
vt 0.6031231880187988 1.9894723892211914 
vt 0.5840927362442017 1.4827123880386353 
vt 0.5637221336364746 1.4524081945419312 
vt 0.6031231880187988 1.4467324018478394 
vt 0.6240298748016357 1.0860207080841064 
vt 0.6829080581665039 1.0445677042007446 
vt 0.5784640312194824 0.9979457855224609 
vt 1.0319782495498657 2.1150474548339844 
vt 1.0382323265075684 2.099743366241455 
vt 1.0267068147659302 2.1012635231018066 
vt 0.2394898384809494 2.160149097442627 
vt 0.271653950214386 2.1680545806884766 
vt 0.2627194821834564 2.1434261798858643 
vt -0.21500715613365173 1.5783886909484863 
vt -0.16604621708393097 1.7378153800964355 
vt -0.27692312002182007 1.6717338562011719 
vt 0.5119915008544922 1.657848596572876 
vt 0.5843607783317566 1.5270031690597534 
vt 0.5543408989906311 1.4917327165603638 
vt -0.3050667345523834 1.6534905433654785 
vt -0.2545869052410126 1.657848596572876 
vt -0.24609915912151337 1.5270031690597534 
vt 0.392090767621994 1.9283571243286133 
vt 0.4221106171607971 1.9449788331985474 
vt 0.32517150044441223 2.068830966949463 
vt 0.3734176754951477 2.084033727645874 
vt 0.3064984381198883 2.25835919380188 
vt 0.33312317728996277 2.261906623840332 
vt 1.0267068147659302 2.1012635231018066 
vt 0.9071635007858276 2.001533269882202 
vt 0.899479866027832 1.930586814880371 
vt 0.8381893634796143 1.8813297748565674 
vt 0.883576512336731 1.6131523847579956 
vt 0.8543607592582703 1.6265308856964111 
vt 0.5932952165603638 1.8196064233779907 
vt 0.6541390419006348 1.804707646369934 
vt 0.633857786655426 1.737207293510437 
vt 0.7756479978561401 1.9243030548095703 
vt 0.7643011808395386 1.9300800561904907 
vt 1.642560601234436 0.8493637442588806 
vt 1.6330007314682007 0.9274047613143921 
vt 1.611825942993164 0.909161388874054 
vt -0.848640501499176 0.7861201167106628 
vt -0.6226874589920044 0.859600305557251 
vt -0.8552520275115967 0.8093296885490417 
vt -0.5946332216262817 0.9160533547401428 
vt -0.3050667345523834 1.1065951585769653 
vt -0.2545869052410126 1.0586556196212769 
vt 0.6159888505935669 1.7429842948913574 
vt 0.6694170236587524 1.7378153800964355 
vt 0.782527506351471 1.9871412515640259 
vt 0.8069186806678772 1.976499319076538 
vt 0.6502078771591187 1.5783886909484863 
vt 0.38538989424705505 2.075317621231079 
vt 0.3341953158378601 2.271230936050415 
vt 0.32284852862358093 2.0902161598205566 
vt 0.30757057666778564 2.273663282394409 
vt -0.8552520275115967 2.1434261798858643 
vt -0.6897854208946228 2.0395402908325195 
vt -0.8484618067741394 2.1680545806884766 
vt 1.377206563949585 1.3646372556686401 
vt 1.3545129299163818 1.4088268280029297 
vt 1.369076132774353 1.5843684673309326 
vt 1.3604990243911743 1.5814292430877686 
vt 1.3232423067092896 1.3518669605255127 
vt 0.8711575865745544 2.135317802429199 
vt 0.858470618724823 2.023526668548584 
vt 0.8917962312698364 2.0250468254089355 
vt 1.9525870084762573 1.6283552646636963 
vt 1.9928815364837646 1.7209908962249756 
vt 1.9719748497009277 1.6258213520050049 
vt 2.056852340698242 1.9809588193893433 
vt 2.0723090171813965 1.9810601472854614 
vt 2.0087850093841553 1.7856534719467163 
vt 1.0319782495498657 2.1150474548339844 
vt 0.9373620748519897 1.9974792003631592 
vt 1.0382323265075684 2.099743366241455 
vt 0.32543954253196716 0.7094979882240295 
vt 0.4044203460216522 0.9729118347167969 
vt 0.38699808716773987 0.7673699855804443 
vt 0.4190728962421417 0.9727091193199158 
vt 0.4287221133708954 0.9624725580215454 
vt 0.40978100895881653 0.7270318865776062 
vt 0.3148075044155121 0.494226336479187 
vt 0.3742218017578125 0.6019635200500488 
vt 0.36475124955177307 0.47334781289100647 
vt 0.36475124955177307 0.18601489067077637 
vt 0.3148075044155121 0.19128519296646118 
vt 0.2911311388015747 -0.009898520074784756 
vt 0.26361292600631714 -0.002905231900513172 
vt 0.7528650760650635 -0.11834515631198883 
vt 0.6530669331550598 0.294157475233078 
vt 0.8387253880500793 -0.04881768673658371 
vt 0.7137320041656494 0.30814406275749207 
vt 0.6339471340179443 0.5924364328384399 
vt 0.6849629878997803 0.5998350977897644 
vt 0.5333448648452759 1.0190269947052002 
vt 0.581680417060852 0.5960850715637207 
vt 0.5953501462936401 0.28209659457206726 
vt 0.6420775055885315 -0.15077780187129974 
vt 0.5305752158164978 -0.12138572335243225 
vt 0.5362932682037354 0.27885332703590393 
vt 0.42693522572517395 -0.07800706475973129 
vt 0.4763428866863251 0.2853398621082306 
vt 0.5276268124580383 0.5958823561668396 
vt 0.4767896234989166 0.5891931653022766 
vt 0.42541635036468506 0.5877742171287537 
vt 0.41389089822769165 0.2958804666996002 
vt 0.3157009482383728 -0.07010161131620407 
vt -0.009246088564395905 -0.07891923189163208 
vt 0.09251763671636581 -0.1274668425321579 
vt 0.12816621363162994 0.3368266820907593 
vt 0.19454939663410187 0.3336847722530365 
vt 0.1715877801179886 0.625781238079071 
vt 0.21697494387626648 0.6183825135231018 
vt 0.2531595826148987 1.0373717546463013 
vt 0.2626301348209381 0.6223352551460266 
vt 0.3093574643135071 0.632470428943634 
vt 0.3604626953601837 0.6372339725494385 
vt 0.32615429162979126 0.3205089867115021 
vt 0.3889636993408203 0.32851579785346985 
vt 0.40674328804016113 -0.08520305901765823 
vt 0.5194070935249329 -0.0755746141076088 
vt 0.19928467273712158 -0.14307504892349243 
vt 0.06491009891033173 0.3409821093082428 
vt 0.12593258917331696 0.6442272663116455 
vt 0.2617366909980774 0.32496848702430725 
vt 0.304175466299057 -0.1177370473742485 
vt 0.7768988013267517 1.2356162071228027 
vt 0.648063600063324 1.2531501054763794 
vt 0.7196288108825684 1.1742982864379883 
vt 0.5857009291648865 1.2542649507522583 
vt 0.4871536195278168 1.1213924884796143 
vt 0.7674282789230347 1.1166290044784546 
vt 0.3632323741912842 1.008689045906067 
vt 0.3219550848007202 1.0920003652572632 
vt 0.5821271538734436 1.675889253616333 
vt 0.6359127163887024 1.665145993232727 
vt 0.7037253975868225 1.278792142868042 
vt 0.8035235404968262 1.250008225440979 
vt 0.6877326965332031 1.6880515813827515 
vt 0.8035235404968262 1.0316959619522095 
vt 0.8038809299468994 1.0931153297424316 
vt 0.648063600063324 1.0764936208724976 
vt 0.7768988013267517 1.130514144897461 
vt 0.8468557596206665 1.0222702026367188 
vt 0.8035235404968262 1.0316959619522095 
vt 0.7039040923118591 0.9401751160621643 
vt 0.7242746949195862 1.0043309926986694 
vt 0.7037253975868225 1.0610880851745605 
vt 0.44015824794769287 1.97903311252594 
vt 0.5694401860237122 1.7944711446762085 
vt 0.451773077249527 1.9876480102539062 
vt 0.633857786655426 1.737207293510437 
vt 0.6175970435142517 1.6762946844100952 
vt 0.6811211705207825 1.4416648149490356 
vt 0.6421668529510498 1.4304147958755493 
vt 0.6781728267669678 1.7769372463226318 
vt 0.6587849855422974 1.7043691873550415 
vt 0.7316009998321533 1.4399418830871582 
vt 0.6633415818214417 1.311934232711792 
vt 0.7058696746826172 1.2849745750427246 
vt 1.7209159135818481 0.6475719213485718 
vt 1.640863060951233 0.8236203193664551 
vt 1.6430072784423828 0.8993302583694458 
vt 0.5161907076835632 0.6696666479110718 
vt 0.5943673849105835 0.8233162760734558 
vt 0.44703781604766846 0.7219642996788025 
vt 0.4590100049972534 0.8553435206413269 
vt 0.28371551632881165 0.7361535429954529 
vt 0.5612204670906067 0.9990606307983398 
vt 0.5823951959609985 0.9404791593551636 
vt 0.6399332284927368 0.9186884760856628 
vt 0.7039040923118591 0.9401751160621643 
vt 0.5453171133995056 0.7722348570823669 
vt 0.6498504877090454 0.8553435206413269 
vt 0.5748008489608765 0.9234520196914673 
vt 0.7076565623283386 1.0552096366882324 
vt 0.7251681685447693 0.9990606307983398 
vt 0.4958200752735138 0.567503809928894 
vt 0.43318936228752136 0.6974371075630188 
vt 0.5658664107322693 0.7454779148101807 
vt 0.8103137612342834 1.0673718452453613 
vt 0.8528419137001038 1.0301756858825684 
vt 0.7674282789230347 1.1106492280960083 
vt 0.3632323741912842 0.750342845916748 
vt 0.6712932586669922 0.8233162760734558 
vt 0.5636327862739563 0.6614571213722229 
vt 0.6411840319633484 0.6696666479110718 
vt 0.7806512713432312 1.3525763750076294 
vt 0.8299696445465088 0.9612563252449036 
vt 0.8151383996009827 1.4680163860321045 
vt 0.8752674460411072 0.9705807566642761 
vt 0.931018590927124 0.9449386596679688 
vt 0.8653501868247986 1.4582865238189697 
vt 0.8619550466537476 1.3319005966186523 
vt 0.813798189163208 1.3420357704162598 
vt 0.8388147354125977 0.9469656944274902 
vt 0.7665348052978516 0.9269993901252747 
vt 0.7341920137405396 1.0043309926986694 
vt 0.7679643034934998 1.3582521677017212 
vt 0.952729344367981 0.9893308281898499 
vt 0.8611509799957275 1.5813279151916504 
vt 0.9013561010360718 0.9658172130584717 
vt 0.8469451069831848 1.385515809059143 
vt 0.7969120144844055 1.3611913919448853 
vt 0.844264805316925 0.9444319009780884 
vt 0.7319583892822266 1.0345338582992554 
vt 0.7890496850013733 1.056425929069519 
vt 0.782527506351471 1.4955841302871704 
vt 0.841137707233429 1.5827468633651733 
vt 0.8832191228866577 1.5713953971862793 
vt 0.8464090824127197 1.0372703075408936 
vt 1.3964155912399292 2.1313652992248535 
vt 1.5388312339782715 2.124574661254883 
vt 1.5418689250946045 2.08109450340271 
vt 1.5885069370269775 2.1814329624176025 
vt 1.63943350315094 2.0227158069610596 
vt 1.6222792863845825 2.205554962158203 
vt 1.594582438468933 2.3872790336608887 
vt 1.612362027168274 2.385150671005249 
vt 1.5933315753936768 2.0139994621276855 
vt 1.6546220779418945 1.7443019151687622 
vt 1.6862502098083496 1.7429842948913574 
vt 1.550714135169983 1.2532514333724976 
vt 1.7150192260742188 1.7406532764434814 
vt 1.581716775894165 1.183115839958191 
vt 1.4682488441467285 1.1620346307754517 
vt 1.5105983018875122 1.0000741481781006 
vt 1.4557405710220337 0.9914592504501343 
vt 1.4113361835479736 1.1420682668685913 
vt 1.3467398881912231 1.2920693159103394 
vt 1.3600523471832275 1.3423398733139038 
vt 1.2934904098510742 1.3838942050933838 
vt 1.502646565437317 1.2659204006195068 
vt 1.4257206916809082 1.2156498432159424 
vt 1.4367995262145996 1.2074403762817383 
vt 0.7257042527198792 1.4452121257781982 
vt 0.6701317429542542 1.4472391605377197 
vt 0.6583382487297058 1.6894704103469849 
vt 0.6314454674720764 1.74126136302948 
vt 0.6781728267669678 1.7769372463226318 
vt 0.6429709792137146 1.399401068687439 
vt 0.6009789109230042 1.7304166555404663 
vt 0.44015824794769287 1.97903311252594 
vt 0.5932952165603638 1.8196064233779907 
vt 0.451773077249527 1.9876480102539062 
vt 0.6507439613342285 1.8069374561309814 
vt 0.7651053071022034 1.9288638830184937 
vt 1.3545129299163818 1.4088268280029297 
vt 1.3480801582336426 1.3314951658248901 
vt 1.3866770267486572 1.32358980178833 
vt 1.3822991847991943 1.161021113395691 
vt 1.4257206916809082 1.2156498432159424 
vt 0.6001747846603394 1.0301756858825684 
vt 0.4958200752735138 0.7454779148101807 
vt 0.6603038311004639 1.0222702026367188 
vt 0.5636327862739563 0.6614571213722229 
vt 0.4411410391330719 0.567503809928894 
vt 0.53843754529953 0.6614571213722229 
vt 0.5943673849105835 0.8233162760734558 
vt 0.8468557596206665 1.0222702026367188 
vt 1.6006578207015991 1.0044323205947876 
vt 1.5921701192855835 0.9929795265197754 
vt 1.586184024810791 1.0051417350769043 
vt 1.3822991847991943 1.161021113395691 
vt 1.4899595975875854 1.2077443599700928 
vt 1.4376035928726196 0.9879119396209717 
vt 1.504433512687683 1.088149070739746 
vt 1.6769583225250244 1.7437951564788818 
vt 1.70858633518219 1.7423762083053589 
vt 1.6354129314422607 2.0394389629364014 
vt 1.7233282327651978 1.7414640188217163 
vt 1.6355023384094238 2.113527297973633 
vt 1.5908299684524536 2.1750478744506836 
vt 1.6044102907180786 2.3783600330352783 
vt 1.6474745273590088 1.7416667938232422 
vt 1.5952972173690796 2.0353848934173584 
vt 1.5291820764541626 2.128324508666992 
vt 1.5158696174621582 2.0941689014434814 
vt 1.3928418159484863 2.12001371383667 
vt 1.5495526790618896 1.0641286373138428 
vt 1.3728286027908325 1.1312236785888672 
vt 1.429919958114624 1.0000741481781006 
vt 1.4113361835479736 1.1420682668685913 
vt 0.6421668529510498 1.4304147958755493 
vt 0.610092043876648 1.3014949560165405 
vt 0.6633415818214417 1.311934232711792 
vt 1.5547345876693726 1.1023383140563965 
vt 1.595922589302063 1.0676759481430054 
vt 1.625227689743042 1.187778115272522 
vt 2.019148826599121 1.702646255493164 
vt 1.9928815364837646 1.7209908962249756 
vt 2.0423786640167236 1.782612919807434 
vt 2.0045857429504395 1.811599612236023 
vt 2.064357280731201 1.974674940109253 
vt 1.835009217262268 1.6352471113204956 
vt 1.599853754043579 1.1671022176742554 
vt 1.815264105796814 1.6605851650238037 
vt 1.562954306602478 1.1903119087219238 
vt 1.4812932014465332 1.124129056930542 
vt 1.7878352403640747 1.6727473735809326 
vt 0.8579345345497131 1.6748757362365723 
vt 0.888579785823822 1.679031252861023 
vt 0.8589173555374146 1.905856966972351 
vt 0.9001052975654602 1.908492088317871 
vt 0.8537353277206421 1.99271559715271 
vt 0.8891158699989319 2.0127832889556885 
vt 0.8857207894325256 2.1267030239105225 
vt 0.8711575865745544 2.135317802429199 
vt 0.9169021248817444 1.663625717163086 
vt 1.369076132774353 1.5843684673309326 
vt 1.3591588735580444 1.4310228824615479 
vt 1.3549596071243286 1.5828481912612915 
vt 1.3320873975753784 1.4249417781829834 
vt 0.9204759001731873 0.956391453742981 
vt 0.8650821447372437 0.9888240694999695 
vt 1.0562800168991089 1.2763596773147583 
vt 1.0306379795074463 1.3885563611984253 
vt 1.0628021955490112 1.432239055633545 
vt 0.8170146346092224 1.8199105262756348 
vt 0.7789537310600281 1.800248146057129 
vt 0.9697048664093018 1.3920023441314697 
vt 0.8126367330551147 1.0113242864608765 
vt 0.76608806848526 1.8018698692321777 
vt 0.9722065329551697 1.3767995834350586 
vt 0.8045957088470459 1.8092684745788574 
vt 1.0301913022994995 1.3684886693954468 
vt 1.0852277278900146 1.3761913776397705 
vt 0.9174381494522095 0.9515265226364136 
vt 0.8636525869369507 0.9752429127693176 
vt 0.8060252070426941 0.9869997501373291 
vt 0.7039040923118591 1.2825422286987305 
vt 0.6938081383705139 1.6283552646636963 
vt 0.6399332284927368 1.2782853841781616 
vt 0.636091411113739 1.6850110292434692 
vt 0.5823951959609985 1.2768664360046387 
vt 0.5784640312194824 1.7298085689544678 
vt 0.6240298748016357 1.8114982843399048 
vt 0.6829080581665039 1.7681195735931396 
vt 0.5821271538734436 1.0972707271575928 
vt 0.5840927362442017 1.4827123880386353 
vt 0.6359127163887024 1.1133856773376465 
vt 0.616524875164032 1.4706515073776245 
vt 0.6877326965332031 1.1067978143692017 
vt 1.5032720565795898 1.054702877998352 
vt 1.5547345876693726 1.1023383140563965 
vt 1.5139933824539185 1.1866631507873535 
vt 1.5902044773101807 1.188994288444519 
vt 1.7674646377563477 1.6362606287002563 
vt 1.7895327806472778 1.61396324634552 
vt 1.816872239112854 1.6016995906829834 
vt 1.1861873865127563 1.5191991329193115 
vt 1.308232307434082 1.4178471565246582 
vt 1.3232423067092896 1.3518669605255127 
vt 0.4590100049972534 1.1964943408966064 
vt 0.3219550848007202 1.0920003652572632 
vt 0.28371551632881165 1.2019673585891724 
vt 0.8468557596206665 1.206933617591858 
vt 0.5943673849105835 1.2178796529769897 
vt 0.7039040923118591 1.2825422286987305 
vt 0.5840927362442017 1.9491342306137085 
vt 0.6031231880187988 1.9894723892211914 
vt 0.616524875164032 1.9538978338241577 
vt 1.0319782495498657 2.1150474548339844 
vt 1.0267068147659302 2.1012635231018066 
vt 1.0382323265075684 2.099743366241455 
vt 1.0267068147659302 2.1012635231018066 
vt 0.899479866027832 1.930586814880371 
vt 0.9071635007858276 2.001533269882202 
vt 0.8381893634796143 1.8813297748565674 
vt 0.883576512336731 1.6131523847579956 
vt 0.8543607592582703 1.6265308856964111 
vt 0.5932952165603638 1.8196064233779907 
vt 0.6541390419006348 1.804707646369934 
vt 0.633857786655426 1.737207293510437 
vt 0.7756479978561401 1.9243030548095703 
vt 0.7643011808395386 1.9300800561904907 
vt 1.642560601234436 0.8493637442588806 
vt 1.6330007314682007 0.9274047613143921 
vt 1.611825942993164 0.909161388874054 
vt 1.377206563949585 1.3646372556686401 
vt 1.369076132774353 1.5843684673309326 
vt 1.3545129299163818 1.4088268280029297 
vt 1.3604990243911743 1.5814292430877686 
vt 1.3232423067092896 1.3518669605255127 
vt 0.8711575865745544 2.135317802429199 
vt 0.858470618724823 2.023526668548584 
vt 0.8917962312698364 2.0250468254089355 
vt 1.9525870084762573 1.6283552646636963 
vt 1.9928815364837646 1.7209908962249756 
vt 1.9719748497009277 1.6258213520050049 
vt 2.056852340698242 1.9809588193893433 
vt 2.0723090171813965 1.9810601472854614 
vt 2.0087850093841553 1.7856534719467163 
vt 1.0319782495498657 2.1150474548339844 
vt 0.9373620748519897 1.9974792003631592 
vt 1.0382323265075684 2.099743366241455 
vt 0.5784640312194824 0.9979457855224609 
vt 0.5637221336364746 1.4524081945419312 
vt 0.6240298748016357 1.0860207080841064 
vt 0.6031231880187988 1.4467324018478394 
vt 0.6829080581665039 1.0445677042007446 
s on 
f 1/1/1 2/2/2 3/3/3 
f 2/2/2 4/4/4 3/3/3 
f 3/3/3 4/4/4 3/3/3 
f 4/4/4 5/5/5 3/3/3 
f 3/3/3 5/5/5 6/6/6 
f 5/5/5 5/5/5 6/6/6 
f 6/6/6 5/5/5 7/7/7 
f 5/5/5 8/8/8 7/7/7 
f 7/7/7 8/8/8 9/9/9 
f 8/8/8 10/10/10 9/9/9 
f 9/9/9 10/10/10 11/11/11 
f 10/10/10 11/11/11 11/11/11 
f 11/11/11 11/11/11 12/12/12 
f 11/11/11 12/12/12 12/12/12 
f 12/12/12 12/12/12 8/8/8 
f 12/12/12 10/10/10 8/8/8 
f 8/8/8 10/10/10 10/10/10 
f 10/10/10 9/9/9 10/10/10 
f 10/10/10 9/9/9 9/9/9 
f 9/9/9 13/13/13 9/9/9 
f 9/9/9 13/13/13 7/7/7 
f 13/13/13 14/14/14 7/7/7 
f 7/7/7 14/14/14 15/15/15 
f 14/14/14 14/14/14 15/15/15 
f 15/15/15 14/14/14 16/16/16 
f 14/14/14 17/17/17 16/16/16 
f 16/16/16 17/17/17 18/18/18 
f 17/17/17 17/17/17 18/18/18 
f 18/18/18 17/17/17 19/19/19 
f 17/17/17 17/17/17 19/19/19 
f 19/19/19 17/17/17 20/20/20 
f 17/17/17 17/17/17 20/20/20 
f 20/20/20 17/17/17 21/21/21 
f 17/17/17 14/14/14 21/21/21 
f 21/21/21 14/14/14 13/13/13 
f 14/14/14 13/13/13 13/13/13 
f 13/13/13 13/13/13 22/22/22 
f 13/13/13 22/22/22 22/22/22 
f 22/22/22 22/22/22 23/23/23 
f 22/22/22 24/24/24 23/23/23 
f 23/23/23 24/24/24 25/25/25 
f 24/24/24 25/25/25 25/25/25 
f 25/25/25 25/25/25 26/26/26 
f 25/25/25 26/26/26 26/26/26 
f 26/26/26 26/26/26 27/27/27 
f 26/26/26 28/28/28 27/27/27 
f 27/27/27 28/28/28 27/27/27 
f 28/28/28 29/29/29 27/27/27 
f 27/27/27 29/29/29 30/30/30 
f 29/29/29 30/30/30 30/30/30 
f 30/30/30 30/30/30 31/31/31 
f 30/30/30 31/31/31 31/31/31 
f 31/31/31 31/31/31 32/32/32 
f 31/31/31 33/33/33 32/32/32 
f 32/32/32 33/33/33 32/32/32 
f 33/33/33 34/34/34 32/32/32 
f 32/32/32 34/34/34 35/35/35 
f 34/34/34 36/36/36 35/35/35 
f 35/35/35 36/36/36 37/37/37 
f 36/36/36 37/37/37 37/37/37 
f 37/37/37 37/37/37 38/38/38 
f 37/37/37 38/38/38 38/38/38 
f 38/38/38 38/38/38 34/34/34 
f 38/38/38 39/39/39 34/34/34 
f 34/34/34 39/39/39 36/36/36 
f 39/39/39 40/40/40 36/36/36 
f 36/36/36 40/40/40 41/41/41 
f 40/40/40 42/42/42 41/41/41 
f 41/41/41 42/42/42 42/42/42 
f 42/42/42 43/43/43 42/42/42 
f 42/42/42 43/43/43 43/43/43 
f 43/43/43 44/44/44 43/43/43 
f 43/43/43 44/44/44 45/45/45 
f 44/44/44 46/46/46 45/45/45 
f 45/45/45 46/46/46 47/47/47 
f 46/46/46 46/46/46 47/47/47 
f 47/47/47 46/46/46 48/48/48 
f 46/46/46 49/49/49 48/48/48 
f 48/48/48 49/49/49 50/50/50 
f 49/49/49 51/51/51 50/50/50 
f 50/50/50 51/51/51 52/52/52 
f 51/51/51 51/51/51 52/52/52 
f 52/52/52 51/51/51 53/53/53 
f 51/51/51 54/54/54 53/53/53 
f 53/53/53 54/54/54 55/55/55 
f 54/54/54 56/56/56 55/55/55 
f 55/55/55 56/56/56 56/56/56 
f 56/56/56 54/54/54 56/56/56 
f 56/56/56 54/54/54 54/54/54 
f 54/54/54 51/51/51 54/54/54 
f 54/54/54 51/51/51 57/57/57 
f 51/51/51 51/51/51 57/57/57 
f 57/57/57 51/51/51 58/58/58 
f 51/51/51 51/51/51 58/58/58 
f 58/58/58 51/51/51 59/59/59 
f 51/51/51 49/49/49 59/59/59 
f 59/59/59 49/49/49 44/44/44 
f 49/49/49 46/46/46 44/44/44 
f 44/44/44 46/46/46 46/46/46 
f 46/46/46 60/60/60 46/46/46 
f 46/46/46 60/60/60 60/60/60 
f 60/60/60 61/61/61 60/60/60 
f 60/60/60 61/61/61 62/62/62 
f 61/61/61 63/63/63 62/62/62 
f 62/62/62 63/63/63 64/64/64 
f 63/63/63 65/65/65 64/64/64 
f 64/64/64 65/65/65 64/64/64 
f 65/65/65 53/53/53 64/64/64 
f 64/64/64 53/53/53 64/64/64 
f 53/53/53 55/55/55 64/64/64 
f 64/64/64 55/55/55 62/62/62 
f 55/55/55 62/62/62 62/62/62 
f 62/62/62 62/62/62 61/61/61 
f 62/62/62 61/61/61 61/61/61 
f 61/61/61 61/61/61 63/63/63 
f 61/61/61 66/66/66 63/63/63 
f 63/63/63 66/66/66 67/67/67 
f 66/66/66 67/67/67 67/67/67 
f 67/67/67 67/67/67 68/68/68 
f 67/67/67 68/68/68 68/68/68 
f 68/68/68 68/68/68 69/69/69 
f 68/68/68 70/70/70 69/69/69 
f 69/69/69 70/70/70 71/71/71 
f 70/70/70 72/72/72 71/71/71 
f 71/71/71 72/72/72 73/73/73 
f 72/72/72 74/74/74 73/73/73 
f 73/73/73 74/74/74 75/75/75 
f 74/74/74 76/76/76 75/75/75 
f 75/75/75 76/76/76 75/75/75 
f 76/76/76 77/77/77 75/75/75 
f 75/75/75 77/77/77 75/75/75 
f 77/77/77 78/78/78 75/75/75 
f 75/75/75 78/78/78 79/79/79 
f 78/78/78 78/78/78 79/79/79 
f 79/79/79 78/78/78 80/80/80 
f 78/78/78 81/81/81 80/80/80 
f 80/80/80 81/81/81 82/82/82 
f 81/81/81 81/81/81 82/82/82 
f 82/82/82 81/81/81 83/83/83 
f 81/81/81 81/81/81 83/83/83 
f 83/83/83 81/81/81 84/84/84 
f 81/81/81 81/81/81 84/84/84 
f 84/84/84 81/81/81 85/85/85 
f 81/81/81 78/78/78 85/85/85 
f 85/85/85 78/78/78 77/77/77 
f 78/78/78 77/77/77 77/77/77 
f 77/77/77 77/77/77 86/86/86 
f 77/77/77 86/86/86 86/86/86 
f 86/86/86 86/86/86 70/70/70 
f 86/86/86 87/87/87 70/70/70 
f 70/70/70 87/87/87 72/72/72 
f 87/87/87 88/88/88 72/72/72 
f 72/72/72 88/88/88 74/74/74 
f 88/88/88 88/88/88 74/74/74 
f 74/74/74 88/88/88 76/76/76 
f 88/88/88 88/88/88 76/76/76 
f 76/76/76 88/88/88 89/89/89 
f 88/88/88 90/90/90 89/89/89 
f 89/89/89 90/90/90 91/91/91 
f 90/90/90 90/90/90 91/91/91 
f 91/91/91 90/90/90 92/92/92 
f 90/90/90 93/93/93 92/92/92 
f 92/92/92 93/93/93 94/94/94 
f 93/93/93 95/95/95 94/94/94 
f 94/94/94 95/95/95 96/96/96 
f 95/95/95 97/97/97 96/96/96 
f 96/96/96 97/97/97 97/97/97 
f 97/97/97 73/73/73 97/97/97 
f 97/97/97 73/73/73 73/73/73 
f 73/73/73 75/75/75 73/73/73 
f 73/73/73 75/75/75 79/79/79 
f 75/75/75 79/79/79 79/79/79 
f 79/79/79 79/79/79 88/88/88 
f 79/79/79 88/88/88 88/88/88 
f 88/88/88 88/88/88 90/90/90 
f 88/88/88 87/87/87 90/90/90 
f 90/90/90 87/87/87 90/90/90 
f 87/87/87 98/98/98 90/90/90 
f 90/90/90 98/98/98 93/93/93 
f 98/98/98 93/93/93 93/93/93 
f 93/93/93 93/93/93 99/99/99 
f 93/93/93 99/99/99 99/99/99 
f 99/99/99 99/99/99 100/100/100 
f 99/99/99 101/101/101 100/100/100 
f 100/100/100 101/101/101 101/101/101 
f 101/101/101 102/102/102 101/101/101 
f 101/101/101 102/102/102 102/102/102 
f 102/102/102 103/103/103 102/102/102 
f 102/102/102 103/103/103 104/104/104 
f 103/103/103 105/105/105 104/104/104 
f 104/104/104 105/105/105 106/106/106 
f 105/105/105 107/107/107 106/106/106 
f 106/106/106 107/107/107 106/106/106 
f 107/107/107 108/108/108 106/106/106 
f 106/106/106 108/108/108 109/109/109 
f 108/108/108 108/108/108 109/109/109 
f 109/109/109 108/108/108 110/110/110 
f 108/108/108 108/108/108 110/110/110 
f 110/110/110 108/108/108 111/111/111 
f 108/108/108 108/108/108 111/111/111 
f 111/111/111 108/108/108 112/112/112 
f 108/108/108 108/108/108 112/112/112 
f 112/112/112 108/108/108 113/113/113 
f 108/108/108 108/108/108 113/113/113 
f 113/113/113 108/108/108 114/114/114 
f 108/108/108 107/107/107 114/114/114 
f 114/114/114 107/107/107 107/107/107 
f 107/107/107 115/115/115 107/107/107 
f 107/107/107 115/115/115 115/115/115 
f 115/115/115 104/104/104 115/115/115 
f 115/115/115 104/104/104 116/116/116 
f 104/104/104 106/106/106 116/116/116 
f 116/116/116 106/106/106 109/109/109 
f 106/106/106 109/109/109 109/109/109 
f 109/109/109 109/109/109 117/117/117 
f 109/109/109 117/117/117 117/117/117 
f 117/117/117 117/117/117 118/118/118 
f 117/117/117 119/119/119 118/118/118 
f 118/118/118 119/119/119 118/118/118 
f 119/119/119 120/120/120 118/118/118 
f 118/118/118 120/120/120 121/121/121 
f 120/120/120 121/121/121 121/121/121 
f 121/121/121 121/121/121 122/122/122 
f 121/121/121 122/122/122 122/122/122 
f 122/122/122 122/122/122 123/123/123 
f 122/122/122 124/124/124 123/123/123 
f 123/123/123 124/124/124 125/125/125 
f 124/124/124 126/126/126 125/125/125 
f 125/125/125 126/126/126 126/126/126 
f 126/126/126 125/125/125 126/126/126 
f 126/126/126 125/125/125 125/125/125 
f 125/125/125 127/127/127 125/125/125 
f 125/125/125 127/127/127 123/123/123 
f 127/127/127 128/128/128 123/123/123 
f 123/123/123 128/128/128 128/128/128 
f 128/128/128 129/129/129 128/128/128 
f 128/128/128 129/129/129 129/129/129 
f 129/129/129 130/130/130 129/129/129 
f 129/129/129 130/130/130 131/131/131 
f 130/130/130 130/130/130 131/131/131 
f 131/131/131 130/130/130 132/132/132 
f 130/130/130 133/133/133 132/132/132 
f 132/132/132 133/133/133 134/134/134 
f 133/133/133 133/133/133 134/134/134 
f 134/134/134 133/133/133 135/135/135 
f 133/133/133 136/136/136 135/135/135 
f 135/135/135 136/136/136 135/135/135 
f 136/136/136 137/137/137 135/135/135 
f 135/135/135 137/137/137 138/138/138 
f 137/137/137 139/139/139 138/138/138 
f 138/138/138 139/139/139 140/140/140 
f 139/139/139 139/139/139 140/140/140 
f 140/140/140 139/139/139 141/141/141 
f 139/139/139 139/139/139 141/141/141 
f 141/141/141 139/139/139 142/142/142 
f 139/139/139 137/137/137 142/142/142 
f 142/142/142 137/137/137 142/142/142 
f 137/137/137 136/136/136 142/142/142 
f 142/142/142 136/136/136 143/143/143 
f 136/136/136 136/136/136 143/143/143 
f 143/143/143 136/136/136 144/144/144 
f 136/136/136 133/133/133 144/144/144 
f 144/144/144 133/133/133 145/145/145 
f 133/133/133 130/130/130 145/145/145 
f 145/145/145 130/130/130 146/146/146 
f 130/130/130 147/147/147 146/146/146 
f 146/146/146 147/147/147 148/148/148 
f 147/147/147 148/148/148 148/148/148 
f 148/148/148 148/148/148 138/138/138 
f 148/148/148 138/138/138 138/138/138 
f 138/138/138 138/138/138 149/149/149 
f 138/138/138 140/140/140 149/149/149 
f 149/149/149 140/140/140 140/140/140 
f 140/140/140 144/144/144 140/140/140 
f 140/140/140 144/144/144 144/144/144 
f 144/144/144 145/145/145 144/144/144 
f 144/144/144 145/145/145 150/150/150 
f 145/145/145 145/145/145 150/150/150 
f 150/150/150 145/145/145 151/151/151 
f 145/145/145 145/145/145 151/151/151 
f 151/151/151 145/145/145 152/152/152 
f 145/145/145 153/153/153 152/152/152 
f 152/152/152 153/153/153 153/153/153 
f 153/153/153 154/154/154 153/153/153 
f 153/153/153 154/154/154 154/154/154 
f 154/154/154 155/155/155 154/154/154 
f 154/154/154 155/155/155 156/156/156 
f 155/155/155 155/155/155 156/156/156 
f 156/156/156 155/155/155 157/157/157 
f 155/155/155 155/155/155 157/157/157 
f 157/157/157 155/155/155 158/158/158 
f 155/155/155 159/159/159 158/158/158 
f 158/158/158 159/159/159 159/159/159 
f 159/159/159 160/160/160 159/159/159 
f 159/159/159 160/160/160 160/160/160 
f 160/160/160 161/161/161 160/160/160 
f 160/160/160 161/161/161 162/162/162 
f 161/161/161 161/161/161 162/162/162 
f 162/162/162 161/161/161 163/163/163 
f 161/161/161 161/161/161 163/163/163 
f 163/163/163 161/161/161 164/164/164 
f 161/161/161 165/165/165 164/164/164 
f 164/164/164 165/165/165 165/165/165 
f 165/165/165 166/166/166 165/165/165 
f 165/165/165 166/166/166 166/166/166 
f 166/166/166 167/167/167 166/166/166 
f 166/166/166 167/167/167 168/168/168 
f 167/167/167 169/169/169 168/168/168 
f 168/168/168 169/169/169 168/168/168 
f 169/169/169 170/170/170 168/168/168 
f 168/168/168 170/170/170 171/171/171 
f 170/170/170 171/171/171 171/171/171 
f 171/171/171 171/171/171 172/172/172 
f 171/171/171 172/172/172 172/172/172 
f 172/172/172 172/172/172 173/173/173 
f 172/172/172 174/174/174 173/173/173 
f 173/173/173 174/174/174 173/173/173 
f 174/174/174 175/175/175 173/173/173 
f 173/173/173 175/175/175 173/173/173 
f 175/175/175 176/176/176 173/173/173 
f 173/173/173 176/176/176 177/177/177 
f 176/176/176 177/177/177 177/177/177 
f 177/177/177 177/177/177 178/178/178 
f 177/177/177 178/178/178 178/178/178 
f 178/178/178 178/178/178 179/179/179 
f 178/178/178 180/180/180 179/179/179 
f 179/179/179 180/180/180 181/181/181 
f 180/180/180 182/182/182 181/181/181 
f 181/181/181 182/182/182 181/181/181 
f 182/182/182 183/183/183 181/181/181 
f 181/181/181 183/183/183 184/184/184 
f 183/183/183 185/185/185 184/184/184 
f 184/184/184 185/185/185 185/185/185 
f 185/185/185 180/180/180 185/185/185 
f 185/185/185 180/180/180 180/180/180 
f 180/180/180 186/186/186 180/180/180 
f 180/180/180 186/186/186 182/182/182 
f 186/186/186 187/187/187 182/182/182 
f 182/182/182 187/187/187 188/188/188 
f 187/187/187 189/189/189 188/188/188 
f 188/188/188 189/189/189 190/190/190 
f 189/189/189 189/189/189 190/190/190 
f 190/190/190 189/189/189 191/191/191 
f 189/189/189 192/192/192 191/191/191 
f 191/191/191 192/192/192 193/193/193 
f 192/192/192 192/192/192 193/193/193 
f 193/193/193 192/192/192 194/194/194 
f 192/192/192 192/192/192 194/194/194 
f 194/194/194 192/192/192 195/195/195 
f 192/192/192 192/192/192 195/195/195 
f 195/195/195 192/192/192 196/196/196 
f 192/192/192 197/197/197 196/196/196 
f 196/196/196 197/197/197 198/198/198 
f 197/197/197 198/198/198 198/198/198 
f 198/198/198 198/198/198 182/182/182 
f 198/198/198 182/182/182 182/182/182 
f 182/182/182 182/182/182 190/190/190 
f 182/182/182 188/188/188 190/190/190 
f 190/190/190 188/188/188 188/188/188 
f 188/188/188 187/187/187 188/188/188 
f 188/188/188 187/187/187 187/187/187 
f 187/187/187 199/199/199 187/187/187 
f 187/187/187 199/199/199 189/189/189 
f 199/199/199 200/200/200 189/189/189 
f 189/189/189 200/200/200 200/200/200 
f 200/200/200 201/201/201 200/200/200 
f 200/200/200 201/201/201 201/201/201 
f 201/201/201 192/192/192 201/201/201 
f 201/201/201 192/192/192 189/189/189 
f 192/192/192 189/189/189 189/189/189 
f 189/189/189 189/189/189 202/202/202 
f 189/189/189 202/202/202 202/202/202 
f 202/202/202 202/202/202 203/203/203 
f 202/202/202 204/204/204 203/203/203 
f 203/203/203 204/204/204 203/203/203 
f 204/204/204 205/205/205 203/203/203 
f 203/203/203 205/205/205 203/203/203 
f 205/205/205 206/206/206 203/203/203 
f 203/203/203 206/206/206 207/207/207 
f 206/206/206 208/208/208 207/207/207 
f 207/207/207 208/208/208 208/208/208 
f 208/208/208 209/209/209 208/208/208 
f 208/208/208 209/209/209 209/209/209 
f 209/209/209 210/210/210 209/209/209 
f 209/209/209 210/210/210 211/211/211 
f 210/210/210 212/212/212 211/211/211 
f 211/211/211 212/212/212 213/213/213 
f 212/212/212 212/212/212 213/213/213 
f 213/213/213 212/212/212 214/214/214 
f 212/212/212 215/215/215 214/214/214 
f 214/214/214 215/215/215 216/216/216 
f 215/215/215 216/216/216 216/216/216 
f 216/216/216 216/216/216 210/210/210 
f 216/216/216 210/210/210 210/210/210 
f 210/210/210 210/210/210 212/212/212 
f 210/210/210 217/217/217 212/212/212 
f 212/212/212 217/217/217 217/217/217 
f 217/217/217 211/211/211 217/217/217 
f 217/217/217 211/211/211 211/211/211 
f 211/211/211 213/213/213 211/211/211 
f 211/211/211 213/213/213 218/218/218 
f 213/213/213 218/218/218 218/218/218 
f 218/218/218 218/218/218 215/215/215 
f 218/218/218 215/215/215 215/215/215 
f 215/215/215 215/215/215 219/219/219 
f 215/215/215 212/212/212 219/219/219 
f 219/219/219 212/212/212 220/220/220 
f 212/212/212 220/220/220 220/220/220 
f 220/220/220 220/220/220 221/221/221 
f 220/220/220 221/221/221 221/221/221 
f 221/221/221 221/221/221 222/222/222 
f 221/221/221 223/223/223 222/222/222 
f 222/222/222 223/223/223 224/224/224 
f 223/223/223 225/225/225 224/224/224 
f 224/224/224 225/225/225 225/225/225 
f 225/225/225 226/226/226 225/225/225 
f 225/225/225 226/226/226 226/226/226 
f 226/226/226 227/227/227 226/226/226 
f 226/226/226 227/227/227 228/228/228 
f 227/227/227 228/228/228 228/228/228 
f 228/228/228 228/228/228 229/229/229 
f 228/228/228 229/229/229 229/229/229 
f 229/229/229 229/229/229 230/230/230 
f 229/229/229 231/231/231 230/230/230 
f 230/230/230 231/231/231 231/231/231 
f 231/231/231 232/232/232 231/231/231 
f 231/231/231 232/232/232 232/232/232 
f 232/232/232 233/233/233 232/232/232 
f 232/232/232 233/233/233 234/234/234 
f 233/233/233 234/234/234 234/234/234 
f 234/234/234 234/234/234 235/235/235 
f 234/234/234 235/235/235 235/235/235 
f 235/235/235 235/235/235 236/236/236 
f 235/235/235 237/237/237 236/236/236 
f 236/236/236 237/237/237 236/236/236 
f 237/237/237 238/238/238 236/236/236 
f 236/236/236 238/238/238 239/239/239 
f 238/238/238 240/240/240 239/239/239 
f 239/239/239 240/240/240 241/241/241 
f 240/240/240 242/242/242 241/241/241 
f 241/241/241 242/242/242 242/242/242 
f 242/242/242 240/240/240 242/242/242 
f 242/242/242 240/240/240 240/240/240 
f 240/240/240 238/238/238 240/240/240 
f 240/240/240 238/238/238 243/243/243 
f 238/238/238 243/243/243 243/243/243 
f 243/243/243 243/243/243 241/241/241 
f 243/243/243 241/241/241 241/241/241 
f 241/241/241 241/241/241 239/239/239 
f 241/241/241 244/244/244 239/239/239 
f 239/239/239 244/244/244 245/245/245 
f 244/244/244 246/246/246 245/245/245 
f 245/245/245 246/246/246 247/247/247 
f 246/246/246 247/247/247 247/247/247 
f 247/247/247 247/247/247 248/248/248 
f 247/247/247 248/248/248 248/248/248 
f 248/248/248 248/248/248 249/249/249 
f 248/248/248 250/250/250 249/249/249 
f 249/249/249 250/250/250 251/251/251 
f 250/250/250 251/251/251 251/251/251 
f 251/251/251 251/251/251 252/252/252 
f 251/251/251 252/252/252 252/252/252 
f 252/252/252 252/252/252 253/253/253 
f 252/252/252 254/254/254 253/253/253 
f 253/253/253 254/254/254 255/255/255 
f 254/254/254 256/256/256 255/255/255 
f 255/255/255 256/256/256 255/255/255 
f 256/256/256 257/257/257 255/255/255 
f 255/255/255 257/257/257 258/258/258 
f 257/257/257 257/257/257 258/258/258 
f 258/258/258 257/257/257 259/259/259 
f 257/257/257 260/260/260 259/259/259 
f 259/259/259 260/260/260 260/260/260 
f 260/260/260 253/253/253 260/260/260 
f 260/260/260 253/253/253 253/253/253 
f 253/253/253 255/255/255 253/253/253 
f 253/253/253 255/255/255 261/261/261 
f 255/255/255 255/255/255 261/261/261 
f 261/261/261 255/255/255 262/262/262 
f 255/255/255 255/255/255 262/262/262 
f 262/262/262 255/255/255 263/263/263 
f 255/255/255 258/258/258 263/263/263 
f 263/263/263 258/258/258 258/258/258 
f 258/258/258 264/264/264 258/258/258 
f 258/258/258 264/264/264 264/264/264 
f 264/264/264 265/265/265 264/264/264 
f 264/264/264 265/265/265 2/2/2 
f 265/265/265 266/266/266 2/2/2 
f 2/2/2 266/266/266 4/4/4 
f 266/266/266 267/267/267 4/4/4 
f 4/4/4 267/267/267 267/267/267 
f 267/267/267 266/266/266 267/267/267 
f 267/267/267 266/266/266 266/266/266 
f 266/266/266 265/265/265 266/266/266 
f 266/266/266 265/265/265 268/268/268 
f 265/265/265 268/268/268 268/268/268 
f 268/268/268 268/268/268 269/269/269 
f 268/268/268 269/269/269 269/269/269 
f 269/269/269 269/269/269 270/270/270 
f 269/269/269 271/271/271 270/270/270 
f 270/270/270 271/271/271 272/272/272 
f 271/271/271 273/273/273 272/272/272 
f 272/272/272 273/273/273 274/274/274 
f 273/273/273 275/275/275 274/274/274 
f 274/274/274 275/275/275 276/276/276 
f 275/275/275 275/275/275 276/276/276 
f 276/276/276 275/275/275 277/277/277 
f 275/275/275 278/278/278 277/277/277 
f 277/277/277 278/278/278 279/279/279 
f 278/278/278 279/279/279 279/279/279 
f 279/279/279 279/279/279 271/271/271 
f 279/279/279 271/271/271 271/271/271 
f 271/271/271 271/271/271 273/273/273 
f 271/271/271 280/280/280 273/273/273 
f 273/273/273 280/280/280 273/273/273 
f 280/280/280 281/281/281 273/273/273 
f 273/273/273 281/281/281 275/275/275 
f 281/281/281 281/281/281 275/275/275 
f 275/275/275 281/281/281 278/278/278 
f 281/281/281 281/281/281 278/278/278 
f 278/278/278 281/281/281 282/282/282 
f 281/281/281 283/283/283 282/282/282 
f 282/282/282 283/283/283 284/284/284 
f 283/283/283 284/284/284 284/284/284 
f 284/284/284 284/284/284 272/272/272 
f 284/284/284 272/272/272 272/272/272 
f 272/272/272 272/272/272 285/285/285 
f 272/272/272 274/274/274 285/285/285 
f 285/285/285 274/274/274 274/274/274 
f 274/274/274 286/286/286 274/274/274 
f 274/274/274 286/286/286 286/286/286 
f 286/286/286 287/287/287 286/286/286 
f 286/286/286 287/287/287 288/288/288 
f 287/287/287 289/289/289 288/288/288 
f 288/288/288 289/289/289 289/289/289 
f 289/289/289 290/290/290 289/289/289 
f 289/289/289 290/290/290 290/290/290 
f 290/290/290 291/291/291 290/290/290 
f 290/290/290 291/291/291 292/292/292 
f 291/291/291 292/292/292 292/292/292 
f 292/292/292 292/292/292 293/293/293 
f 292/292/292 293/293/293 293/293/293 
f 293/293/293 293/293/293 294/294/294 
f 293/293/293 295/295/295 294/294/294 
f 294/294/294 295/295/295 296/296/296 
f 295/295/295 297/297/297 296/296/296 
f 296/296/296 297/297/297 298/298/298 
f 297/297/297 299/299/299 298/298/298 
f 298/298/298 299/299/299 300/300/300 
f 299/299/299 301/301/301 300/300/300 
f 300/300/300 301/301/301 302/302/302 
f 301/301/301 303/303/303 302/302/302 
f 302/302/302 303/303/303 304/304/304 
f 303/303/303 305/305/305 304/304/304 
f 304/304/304 305/305/305 304/304/304 
f 305/305/305 306/306/306 304/304/304 
f 304/304/304 306/306/306 304/304/304 
f 306/306/306 307/307/307 304/304/304 
f 304/304/304 307/307/307 302/302/302 
f 307/307/307 302/302/302 302/302/302 
f 302/302/302 302/302/302 298/298/298 
f 302/302/302 298/298/298 298/298/298 
f 298/298/298 298/298/298 296/296/296 
f 298/298/298 308/308/308 296/296/296 
f 296/296/296 308/308/308 308/308/308 
f 308/308/308 300/300/300 308/308/308 
f 308/308/308 300/300/300 300/300/300 
f 300/300/300 302/302/302 300/300/300 
f 300/300/300 302/302/302 298/298/298 
f 302/302/302 298/298/298 298/298/298 
f 298/298/298 298/298/298 301/301/301 
f 298/298/298 301/301/301 301/301/301 
f 301/301/301 301/301/301 303/303/303 
f 301/301/301 309/309/309 303/303/303 
f 303/303/303 309/309/309 310/310/310 
f 309/309/309 310/310/310 310/310/310 
f 310/310/310 310/310/310 311/311/311 
f 310/310/310 311/311/311 311/311/311 
f 311/311/311 311/311/311 312/312/312 
f 311/311/311 313/313/313 312/312/312 
f 312/312/312 313/313/313 312/312/312 
f 313/313/313 314/314/314 312/312/312 
f 312/312/312 314/314/314 312/312/312 
f 314/314/314 315/315/315 312/312/312 
f 312/312/312 315/315/315 316/316/316 
f 315/315/315 317/317/317 316/316/316 
f 316/316/316 317/317/317 318/318/318 
f 317/317/317 319/319/319 318/318/318 
f 318/318/318 319/319/319 319/319/319 
f 319/319/319 312/312/312 319/319/319 
f 319/319/319 312/312/312 312/312/312 
f 312/312/312 316/316/316 312/312/312 
f 312/312/312 316/316/316 320/320/320 
f 316/316/316 316/316/316 320/320/320 
f 320/320/320 316/316/316 321/321/321 
f 316/316/316 318/318/318 321/321/321 
f 321/321/321 318/318/318 318/318/318 
f 318/318/318 322/322/322 318/318/318 
f 318/318/318 322/322/322 322/322/322 
f 322/322/322 323/323/323 322/322/322 
f 322/322/322 323/323/323 324/324/324 
f 323/323/323 325/325/325 324/324/324 
f 324/324/324 325/325/325 326/326/326 
f 325/325/325 326/326/326 326/326/326 
f 326/326/326 326/326/326 327/327/327 
f 326/326/326 327/327/327 327/327/327 
f 327/327/327 327/327/327 328/328/328 
f 327/327/327 329/329/329 328/328/328 
f 328/328/328 329/329/329 329/329/329 
f 329/329/329 330/330/330 329/329/329 
f 329/329/329 330/330/330 330/330/330 
f 330/330/330 331/331/331 330/330/330 
f 330/330/330 331/331/331 332/332/332 
f 331/331/331 332/332/332 332/332/332 
f 332/332/332 332/332/332 333/333/333 
f 332/332/332 333/333/333 333/333/333 
f 333/333/333 333/333/333 334/334/334 
f 333/333/333 335/335/335 334/334/334 
f 334/334/334 335/335/335 336/336/336 
f 335/335/335 337/337/337 336/336/336 
f 336/336/336 337/337/337 336/336/336 
f 337/337/337 338/338/338 336/336/336 
f 336/336/336 338/338/338 339/339/339 
f 338/338/338 338/338/338 339/339/339 
f 339/339/339 338/338/338 340/340/340 
f 338/338/338 341/341/341 340/340/340 
f 340/340/340 341/341/341 341/341/341 
f 341/341/341 342/342/342 341/341/341 
f 341/341/341 342/342/342 342/342/342 
f 342/342/342 343/343/343 342/342/342 
f 342/342/342 343/343/343 344/344/344 
f 343/343/343 344/344/344 344/344/344 
f 344/344/344 344/344/344 345/345/345 
f 344/344/344 345/345/345 345/345/345 
f 345/345/345 345/345/345 346/346/346 
f 345/345/345 347/347/347 346/346/346 
f 346/346/346 347/347/347 348/348/348 
f 347/347/347 349/349/349 348/348/348 
f 348/348/348 349/349/349 349/349/349 
f 349/349/349 350/350/350 349/349/349 
f 349/349/349 350/350/350 350/350/350 
f 350/350/350 351/351/351 350/350/350 
f 350/350/350 351/351/351 352/352/352 
f 351/351/351 353/353/353 352/352/352 
f 352/352/352 353/353/353 352/352/352 
f 353/353/353 354/354/354 352/352/352 
f 352/352/352 354/354/354 355/355/355 
f 354/354/354 355/355/355 355/355/355 
f 355/355/355 355/355/355 356/356/356 
f 355/355/355 356/356/356 356/356/356 
f 356/356/356 356/356/356 357/357/357 
f 356/356/356 358/358/358 357/357/357 
f 357/357/357 358/358/358 359/359/359 
f 358/358/358 360/360/360 359/359/359 
f 359/359/359 360/360/360 359/359/359 
f 360/360/360 361/361/361 359/359/359 
f 359/359/359 361/361/361 359/359/359 
f 361/361/361 362/362/362 359/359/359 
f 359/359/359 362/362/362 357/357/357 
f 362/362/362 357/357/357 357/357/357 
f 357/357/357 357/357/357 358/358/358 
f 357/357/357 358/358/358 358/358/358 
f 358/358/358 358/358/358 360/360/360 
f 358/358/358 363/363/363 360/360/360 
f 360/360/360 363/363/363 363/363/363 
f 363/363/363 364/364/364 363/363/363 
f 363/363/363 364/364/364 364/364/364 
f 364/364/364 365/365/365 364/364/364 
f 364/364/364 365/365/365 366/366/366 
f 365/365/365 366/366/366 366/366/366 
f 366/366/366 366/366/366 367/367/367 
f 366/366/366 367/367/367 367/367/367 
f 367/367/367 367/367/367 368/368/368 
f 367/367/367 369/369/369 368/368/368 
f 368/368/368 369/369/369 370/370/370 
f 369/369/369 371/371/371 370/370/370 
f 370/370/370 371/371/371 370/370/370 
f 371/371/371 372/372/372 370/370/370 
f 370/370/370 372/372/372 370/370/370 
f 372/372/372 373/373/373 370/370/370 
f 370/370/370 373/373/373 370/370/370 
f 373/373/373 374/374/374 370/370/370 
f 370/370/370 374/374/374 368/368/368 
f 374/374/374 375/375/375 368/368/368 
f 368/368/368 375/375/375 375/375/375 
f 375/375/375 376/376/376 375/375/375 
f 375/375/375 376/376/376 376/376/376 
f 376/376/376 377/377/377 376/376/376 
f 376/376/376 377/377/377 378/378/378 
f 377/377/377 379/379/379 378/378/378 
f 378/378/378 379/379/379 380/380/380 
f 379/379/379 381/381/381 380/380/380 
f 380/380/380 381/381/381 382/382/382 
f 381/381/381 383/383/383 382/382/382 
f 382/382/382 383/383/383 382/382/382 
f 383/383/383 384/384/384 382/382/382 
f 382/382/382 384/384/384 382/382/382 
f 384/384/384 385/385/385 382/382/382 
f 382/382/382 385/385/385 382/382/382 
f 385/385/385 386/386/386 382/382/382 
f 382/382/382 386/386/386 380/380/380 
f 386/386/386 387/387/387 380/380/380 
f 380/380/380 387/387/387 378/378/378 
f 387/387/387 388/388/388 378/378/378 
f 378/378/378 388/388/388 388/388/388 
f 388/388/388 389/389/389 388/388/388 
f 388/388/388 389/389/389 389/389/389 
f 389/389/389 390/390/390 389/389/389 
f 389/389/389 390/390/390 391/391/391 
f 390/390/390 392/392/392 391/391/391 
f 391/391/391 392/392/392 391/391/391 
f 392/392/392 393/393/393 391/391/391 
f 391/391/391 393/393/393 391/391/391 
f 393/393/393 394/394/394 391/391/391 
f 391/391/391 394/394/394 395/395/395 
f 394/394/394 395/395/395 395/395/395 
f 395/395/395 395/395/395 396/396/396 
f 395/395/395 396/396/396 396/396/396 
f 396/396/396 396/396/396 397/397/397 
f 396/396/396 398/398/398 397/397/397 
f 397/397/397 398/398/398 399/399/399 
f 398/398/398 400/400/400 399/399/399 
f 399/399/399 400/400/400 401/401/401 
f 400/400/400 400/400/400 401/401/401 
f 401/401/401 400/400/400 402/402/402 
f 400/400/400 403/403/403 402/402/402 
f 402/402/402 403/403/403 403/403/403 
f 403/403/403 399/399/399 403/403/403 
f 403/403/403 399/399/399 399/399/399 
f 399/399/399 404/404/404 399/399/399 
f 399/399/399 404/404/404 397/397/397 
f 404/404/404 397/397/397 397/397/397 
f 397/397/397 397/397/397 405/405/405 
f 397/397/397 405/405/405 405/405/405 
f 405/405/405 405/405/405 406/406/406 
f 405/405/405 407/407/407 406/406/406 
f 406/406/406 407/407/407 408/408/408 
f 407/407/407 408/408/408 408/408/408 
f 408/408/408 408/408/408 409/409/409 
f 408/408/408 409/409/409 409/409/409 
f 409/409/409 409/409/409 410/410/410 
f 409/409/409 411/411/411 410/410/410 
f 410/410/410 411/411/411 411/411/411 
f 411/411/411 412/412/412 411/411/411 
f 411/411/411 412/412/412 412/412/412 
f 412/412/412 413/413/413 412/412/412 
f 412/412/412 413/413/413 414/414/414 
f 413/413/413 415/415/415 414/414/414 
f 414/414/414 415/415/415 416/416/416 
f 415/415/415 415/415/415 416/416/416 
f 416/416/416 415/415/415 417/417/417 
f 415/415/415 415/415/415 417/417/417 
f 417/417/417 415/415/415 418/418/418 
f 415/415/415 415/415/415 418/418/418 
f 418/418/418 415/415/415 419/419/419 
f 415/415/415 415/415/415 419/419/419 
f 419/419/419 415/415/415 420/420/420 
f 415/415/415 413/413/413 420/420/420 
f 420/420/420 413/413/413 413/413/413 
f 413/413/413 421/421/421 413/413/413 
f 413/413/413 421/421/421 421/421/421 
f 421/421/421 422/422/422 421/421/421 
f 421/421/421 422/422/422 423/423/423 
f 422/422/422 424/424/424 423/423/423 
f 423/423/423 424/424/424 425/425/425 
f 424/424/424 424/424/424 425/425/425 
f 425/425/425 424/424/424 426/426/426 
f 424/424/424 424/424/424 426/426/426 
f 426/426/426 424/424/424 427/427/427 
f 424/424/424 424/424/424 427/427/427 
f 427/427/427 424/424/424 428/428/428 
f 424/424/424 422/422/422 428/428/428 
f 428/428/428 422/422/422 422/422/422 
f 422/422/422 429/429/429 422/422/422 
f 422/422/422 429/429/429 429/429/429 
f 429/429/429 430/430/430 429/429/429 
f 429/429/429 430/430/430 431/431/431 
f 430/430/430 432/432/432 431/431/431 
f 431/431/431 432/432/432 433/433/433 
f 432/432/432 432/432/432 433/433/433 
f 433/433/433 432/432/432 434/434/434 
f 432/432/432 432/432/432 434/434/434 
f 434/434/434 432/432/432 435/435/435 
f 432/432/432 432/432/432 435/435/435 
f 435/435/435 432/432/432 436/436/436 
f 432/432/432 430/430/430 436/436/436 
f 436/436/436 430/430/430 430/430/430 
f 430/430/430 437/437/437 430/430/430 
f 430/430/430 437/437/437 437/437/437 
f 437/437/437 438/438/438 437/437/437 
f 437/437/437 438/438/438 439/439/439 
f 438/438/438 438/438/438 439/439/439 
f 439/439/439 438/438/438 440/440/440 
f 438/438/438 441/441/441 440/440/440 
f 440/440/440 441/441/441 441/441/441 
f 441/441/441 442/442/442 441/441/441 
f 441/441/441 442/442/442 442/442/442 
f 442/442/442 443/443/443 442/442/442 
f 442/442/442 443/443/443 444/444/444 
f 443/443/443 444/444/444 444/444/444 
f 444/444/444 444/444/444 445/445/445 
f 444/444/444 445/445/445 445/445/445 
f 445/445/445 445/445/445 446/446/446 
f 445/445/445 447/447/447 446/446/446 
f 446/446/446 447/447/447 446/446/446 
f 447/447/447 448/448/448 446/446/446 
f 446/446/446 448/448/448 449/449/449 
f 448/448/448 448/448/448 449/449/449 
f 449/449/449 448/448/448 450/450/450 
f 448/448/448 451/451/451 450/450/450 
f 450/450/450 451/451/451 451/451/451 
f 451/451/451 452/452/452 451/451/451 
f 451/451/451 452/452/452 452/452/452 
f 452/452/452 453/453/453 452/452/452 
f 452/452/452 453/453/453 454/454/454 
f 453/453/453 455/455/455 454/454/454 
f 454/454/454 455/455/455 455/455/455 
f 455/455/455 456/456/456 455/455/455 
f 455/455/455 456/456/456 456/456/456 
f 456/456/456 457/457/457 456/456/456 
f 456/456/456 457/457/457 458/458/458 
f 457/457/457 458/458/458 458/458/458 
f 458/458/458 458/458/458 459/459/459 
f 458/458/458 459/459/459 459/459/459 
f 459/459/459 459/459/459 460/460/460 
f 459/459/459 461/461/461 460/460/460 
f 460/460/460 461/461/461 461/461/461 
f 461/461/461 462/462/462 461/461/461 
f 461/461/461 462/462/462 462/462/462 
f 462/462/462 463/463/463 462/462/462 
f 462/462/462 463/463/463 464/464/464 
f 463/463/463 463/463/463 464/464/464 
f 464/464/464 463/463/463 465/465/465 
f 463/463/463 466/466/466 465/465/465 
f 465/465/465 466/466/466 467/467/467 
f 466/466/466 468/468/468 467/467/467 
f 467/467/467 468/468/468 468/468/468 
f 468/468/468 469/469/469 468/468/468 
f 468/468/468 469/469/469 469/469/469 
f 469/469/469 470/470/470 469/469/469 
f 469/469/469 470/470/470 471/471/471 
f 470/470/470 471/471/471 471/471/471 
f 471/471/471 471/471/471 472/472/472 
f 471/471/471 472/472/472 472/472/472 
f 472/472/472 472/472/472 473/473/473 
f 472/472/472 474/474/474 473/473/473 
f 473/473/473 474/474/474 475/475/475 
f 474/474/474 476/476/476 475/475/475 
f 475/475/475 476/476/476 476/476/476 
f 476/476/476 475/475/475 476/476/476 
f 476/476/476 475/475/475 475/475/475 
f 475/475/475 477/477/477 475/475/475 
f 475/475/475 477/477/477 473/473/473 
f 477/477/477 473/473/473 473/473/473 
f 473/473/473 473/473/473 478/478/478 
f 473/473/473 478/478/478 478/478/478 
f 478/478/478 478/478/478 479/479/479 
f 478/478/478 480/480/480 479/479/479 
f 479/479/479 480/480/480 480/480/480 
f 480/480/480 481/481/481 480/480/480 
f 480/480/480 481/481/481 481/481/481 
f 481/481/481 482/482/482 481/481/481 
f 481/481/481 482/482/482 483/483/483 
f 482/482/482 483/483/483 483/483/483 
f 483/483/483 483/483/483 484/484/484 
f 483/483/483 484/484/484 484/484/484 
f 484/484/484 484/484/484 485/485/485 
f 484/484/484 486/486/486 485/485/485 
f 485/485/485 486/486/486 486/486/486 
f 486/486/486 487/487/487 486/486/486 
f 486/486/486 487/487/487 487/487/487 
f 487/487/487 488/488/488 487/487/487 
f 487/487/487 488/488/488 489/489/489 
f 488/488/488 489/489/489 489/489/489 
f 489/489/489 489/489/489 490/490/490 
f 489/489/489 490/490/490 490/490/490 
f 490/490/490 490/490/490 491/491/491 
f 490/490/490 492/492/492 491/491/491 
f 491/491/491 492/492/492 492/492/492 
f 492/492/492 493/493/493 492/492/492 
f 492/492/492 493/493/493 493/493/493 
f 493/493/493 494/494/494 493/493/493 
f 493/493/493 494/494/494 495/495/495 
f 494/494/494 496/496/496 495/495/495 
f 495/495/495 496/496/496 497/497/497 
f 496/496/496 498/498/498 497/497/497 
f 497/497/497 498/498/498 498/498/498 
f 498/498/498 499/499/499 498/498/498 
f 498/498/498 499/499/499 499/499/499 
f 499/499/499 500/500/500 499/499/499 
f 499/499/499 500/500/500 501/501/501 
f 500/500/500 502/502/502 501/501/501 
f 501/501/501 502/502/502 503/503/503 
f 502/502/502 504/504/504 503/503/503 
f 503/503/503 504/504/504 504/504/504 
f 504/504/504 505/505/505 504/504/504 
f 504/504/504 505/505/505 505/505/505 
f 505/505/505 506/506/506 505/505/505 
f 505/505/505 506/506/506 507/507/507 
f 506/506/506 506/506/506 507/507/507 
f 507/507/507 506/506/506 508/508/508 
f 506/506/506 509/509/509 508/508/508 
f 508/508/508 509/509/509 509/509/509 
f 509/509/509 510/510/510 509/509/509 
f 509/509/509 510/510/510 510/510/510 
f 510/510/510 511/511/511 510/510/510 
f 510/510/510 511/511/511 512/512/512 
f 511/511/511 512/512/512 512/512/512 
f 512/512/512 512/512/512 513/513/513 
f 512/512/512 513/513/513 513/513/513 
f 513/513/513 513/513/513 514/514/514 
f 513/513/513 515/515/515 514/514/514 
f 514/514/514 515/515/515 516/516/516 
f 515/515/515 517/517/517 516/516/516 
f 516/516/516 517/517/517 516/516/516 
f 517/517/517 518/518/518 516/516/516 
f 516/516/516 518/518/518 514/514/514 
f 518/518/518 514/514/514 514/514/514 
f 514/514/514 514/514/514 519/519/519 
f 514/514/514 519/519/519 519/519/519 
f 519/519/519 519/519/519 520/520/520 
f 519/519/519 521/521/521 520/520/520 
f 520/520/520 521/521/521 520/520/520 
f 521/521/521 522/522/522 520/520/520 
f 520/520/520 522/522/522 523/523/523 
f 522/522/522 523/523/523 523/523/523 
f 523/523/523 523/523/523 524/524/524 
f 523/523/523 524/524/524 524/524/524 
f 524/524/524 524/524/524 525/525/525 
f 524/524/524 526/526/526 525/525/525 
f 525/525/525 526/526/526 527/527/527 
f 526/526/526 527/527/527 527/527/527 
f 527/527/527 527/527/527 528/528/528 
f 527/527/527 528/528/528 528/528/528 
f 528/528/528 528/528/528 529/529/529 
f 528/528/528 530/530/530 529/529/529 
f 529/529/529 530/530/530 530/530/530 
f 530/530/530 531/531/531 530/530/530 
f 530/530/530 531/531/531 531/531/531 
f 531/531/531 532/532/532 531/531/531 
f 531/531/531 532/532/532 533/533/533 
f 532/532/532 532/532/532 533/533/533 
f 533/533/533 532/532/532 534/534/534 
f 532/532/532 535/535/535 534/534/534 
f 534/534/534 535/535/535 535/535/535 
f 535/535/535 536/536/536 535/535/535 
f 535/535/535 536/536/536 536/536/536 
f 536/536/536 537/537/537 536/536/536 
f 536/536/536 537/537/537 538/538/538 
f 537/537/537 538/538/538 538/538/538 
f 538/538/538 538/538/538 539/539/539 
f 538/538/538 539/539/539 539/539/539 
f 539/539/539 539/539/539 540/540/540 
f 539/539/539 541/541/541 540/540/540 
f 540/540/540 541/541/541 541/541/541 
f 541/541/541 542/542/542 541/541/541 
f 541/541/541 542/542/542 542/542/542 
f 542/542/542 543/543/543 542/542/542 
f 542/542/542 543/543/543 544/544/544 
f 543/543/543 544/544/544 544/544/544 
f 544/544/544 544/544/544 545/545/545 
f 544/544/544 545/545/545 545/545/545 
f 545/545/545 545/545/545 546/546/546 
f 545/545/545 547/547/547 546/546/546 
f 546/546/546 547/547/547 547/547/547 
f 547/547/547 548/548/548 547/547/547 
f 547/547/547 548/548/548 548/548/548 
f 548/548/548 549/549/549 548/548/548 
f 548/548/548 549/549/549 550/550/550 
f 549/549/549 551/551/551 550/550/550 
f 550/550/550 551/551/551 550/550/550 
f 551/551/551 552/552/552 550/550/550 
f 550/550/550 552/552/552 553/553/553 
f 552/552/552 553/553/553 553/553/553 
f 553/553/553 553/553/553 554/554/554 
f 553/553/553 554/554/554 554/554/554 
f 554/554/554 554/554/554 555/555/555 
f 554/554/554 556/556/556 555/555/555 
f 555/555/555 556/556/556 556/556/556 
f 556/556/556 557/557/557 556/556/556 
f 556/556/556 557/557/557 557/557/557 
f 557/557/557 558/558/558 557/557/557 
f 557/557/557 558/558/558 559/559/559 
f 558/558/558 560/560/560 559/559/559 
f 559/559/559 560/560/560 560/560/560 
f 560/560/560 561/561/561 560/560/560 
f 560/560/560 561/561/561 561/561/561 
f 561/561/561 562/562/562 561/561/561 
f 561/561/561 562/562/562 563/563/563 
f 562/562/562 562/562/562 563/563/563 
f 563/563/563 562/562/562 564/564/564 
f 562/562/562 565/565/565 564/564/564 
f 564/564/564 565/565/565 566/566/566 
f 565/565/565 565/565/565 566/566/566 
f 566/566/566 565/565/565 567/567/567 
f 565/565/565 565/565/565 567/567/567 
f 567/567/567 565/565/565 568/568/568 
f 565/565/565 562/562/562 568/568/568 
f 568/568/568 562/562/562 569/569/569 
f 562/562/562 561/561/561 569/569/569 
f 569/569/569 561/561/561 569/569/569 
f 561/561/561 570/570/570 569/569/569 
f 569/569/569 570/570/570 569/569/569 
f 570/570/570 571/571/571 569/569/569 
f 569/569/569 571/571/571 572/572/572 
f 571/571/571 573/573/573 572/572/572 
f 572/572/572 573/573/573 572/572/572 
f 573/573/573 574/574/574 572/572/572 
f 572/572/572 574/574/574 575/575/575 
f 574/574/574 576/576/576 575/575/575 
f 575/575/575 576/576/576 567/567/567 
f 576/576/576 576/576/576 567/567/567 
f 567/567/567 576/576/576 577/577/577 
f 576/576/576 576/576/576 577/577/577 
f 577/577/577 576/576/576 578/578/578 
f 576/576/576 574/574/574 578/578/578 
f 578/578/578 574/574/574 578/578/578 
f 574/574/574 573/573/573 578/578/578 
f 578/578/578 573/573/573 579/579/579 
f 573/573/573 579/579/579 579/579/579 
f 579/579/579 579/579/579 569/569/569 
f 579/579/579 569/569/569 569/569/569 
f 569/569/569 569/569/569 568/568/568 
f 569/569/569 572/572/572 568/568/568 
f 568/568/568 572/572/572 568/568/568 
f 572/572/572 575/575/575 568/568/568 
f 568/568/568 575/575/575 567/567/567 
f 575/575/575 567/567/567 567/567/567 
f 567/567/567 567/567/567 580/580/580 
f 567/567/567 580/580/580 580/580/580 
f 580/580/580 580/580/580 581/581/581 
f 580/580/580 582/582/582 581/581/581 
f 581/581/581 582/582/582 583/583/583 
f 582/582/582 584/584/584 583/583/583 
f 583/583/583 584/584/584 585/585/585 
f 584/584/584 586/586/586 585/585/585 
f 585/585/585 586/586/586 587/587/587 
f 586/586/586 586/586/586 587/587/587 
f 587/587/587 586/586/586 588/588/588 
f 586/586/586 589/589/589 588/588/588 
f 588/588/588 589/589/589 590/590/590 
f 589/589/589 591/591/591 590/590/590 
f 590/590/590 591/591/591 592/592/592 
f 591/591/591 593/593/593 592/592/592 
f 592/592/592 593/593/593 593/593/593 
f 593/593/593 581/581/581 593/593/593 
f 593/593/593 581/581/581 581/581/581 
f 581/581/581 583/583/583 581/581/581 
f 581/581/581 583/583/583 594/594/594 
f 583/583/583 594/594/594 594/594/594 
f 594/594/594 594/594/594 580/580/580 
f 594/594/594 580/580/580 580/580/580 
f 580/580/580 580/580/580 582/582/582 
f 580/580/580 595/595/595 582/582/582 
f 582/582/582 595/595/595 582/582/582 
f 595/595/595 596/596/596 582/582/582 
f 582/582/582 596/596/596 584/584/584 
f 596/596/596 586/586/586 584/584/584 
f 584/584/584 586/586/586 586/586/586 
f 586/586/586 585/585/585 586/586/586 
f 586/586/586 585/585/585 585/585/585 
f 585/585/585 587/587/587 585/585/585 
f 585/585/585 587/587/587 583/583/583 
f 587/587/587 597/597/597 583/583/583 
f 583/583/583 597/597/597 594/594/594 
f 597/597/597 597/597/597 594/594/594 
f 594/594/594 597/597/597 598/598/598 
f 597/597/597 597/597/597 598/598/598 
f 598/598/598 597/597/597 592/592/592 
f 597/597/597 597/597/597 592/592/592 
f 592/592/592 597/597/597 590/590/590 
f 597/597/597 597/597/597 590/590/590 
f 590/590/590 597/597/597 588/588/588 
f 597/597/597 587/587/587 588/588/588 
f 588/588/588 587/587/587 587/587/587 
f 587/587/587 599/599/599 587/587/587 
f 587/587/587 599/599/599 599/599/599 
f 599/599/599 600/600/600 599/599/599 
f 599/599/599 600/600/600 601/601/601 
f 600/600/600 602/602/602 601/601/601 
f 601/601/601 602/602/602 601/601/601 
f 602/602/602 603/603/603 601/601/601 
f 601/601/601 603/603/603 604/604/604 
f 603/603/603 603/603/603 604/604/604 
f 604/604/604 603/603/603 605/605/605 
f 603/603/603 606/606/606 605/605/605 
f 605/605/605 606/606/606 606/606/606 
f 606/606/606 607/607/607 606/606/606 
f 606/606/606 607/607/607 607/607/607 
f 607/607/607 602/602/602 607/607/607 
f 607/607/607 602/602/602 608/608/608 
f 602/602/602 600/600/600 608/608/608 
f 608/608/608 600/600/600 609/609/609 
f 600/600/600 610/610/610 609/609/609 
f 609/609/609 610/610/610 610/610/610 
f 610/610/610 608/608/608 610/610/610 
f 610/610/610 608/608/608 608/608/608 
f 608/608/608 609/609/609 608/608/608 
f 608/608/608 609/609/609 611/611/611 
f 609/609/609 611/611/611 611/611/611 
f 611/611/611 611/611/611 612/612/612 
f 611/611/611 612/612/612 612/612/612 
f 612/612/612 612/612/612 613/613/613 
f 612/612/612 614/614/614 613/613/613 
f 613/613/613 614/614/614 615/615/615 
f 614/614/614 615/615/615 615/615/615 
f 615/615/615 615/615/615 616/616/616 
f 615/615/615 616/616/616 616/616/616 
f 616/616/616 616/616/616 617/617/617 
f 616/616/616 618/618/618 617/617/617 
f 617/617/617 618/618/618 617/617/617 
f 618/618/618 619/619/619 617/617/617 
f 617/617/617 619/619/619 620/620/620 
f 619/619/619 620/620/620 620/620/620 
f 620/620/620 620/620/620 621/621/621 
f 620/620/620 621/621/621 621/621/621 
f 621/621/621 621/621/621 622/622/622 
f 621/621/621 623/623/623 622/622/622 
f 622/622/622 623/623/623 622/622/622 
f 623/623/623 624/624/624 622/622/622 
f 622/622/622 624/624/624 625/625/625 
f 624/624/624 626/626/626 625/625/625 
f 625/625/625 626/626/626 627/627/627 
f 626/626/626 627/627/627 627/627/627 
f 627/627/627 627/627/627 628/628/628 
f 627/627/627 628/628/628 628/628/628 
f 628/628/628 628/628/628 624/624/624 
f 628/628/628 629/629/629 624/624/624 
f 624/624/624 629/629/629 626/626/626 
f 629/629/629 630/630/630 626/626/626 
f 626/626/626 630/630/630 631/631/631 
f 630/630/630 632/632/632 631/631/631 
f 631/631/631 632/632/632 632/632/632 
f 632/632/632 633/633/633 632/632/632 
f 632/632/632 633/633/633 633/633/633 
f 633/633/633 634/634/634 633/633/633 
f 633/633/633 634/634/634 635/635/635 
f 634/634/634 635/635/635 635/635/635 
f 635/635/635 635/635/635 636/636/636 
f 635/635/635 636/636/636 636/636/636 
f 636/636/636 636/636/636 637/637/637 
f 636/636/636 638/638/638 637/637/637 
f 637/637/637 638/638/638 639/639/639 
f 638/638/638 640/640/640 639/639/639 
f 639/639/639 640/640/640 640/640/640 
f 640/640/640 641/641/641 640/640/640 
f 640/640/640 641/641/641 641/641/641 
f 641/641/641 642/642/642 641/641/641 
f 641/641/641 642/642/642 639/639/639 
f 642/642/642 642/642/642 639/639/639 
f 639/639/639 642/642/642 637/637/637 
f 642/642/642 643/643/643 637/637/637 
f 637/637/637 643/643/643 644/644/644 
f 643/643/643 644/644/644 644/644/644 
f 644/644/644 644/644/644 645/645/645 
f 644/644/644 645/645/645 645/645/645 
f 645/645/645 645/645/645 646/646/646 
f 645/645/645 647/647/647 646/646/646 
f 646/646/646 647/647/647 646/646/646 
f 647/647/647 648/648/648 646/646/646 
f 646/646/646 648/648/648 649/649/649 
f 648/648/648 649/649/649 649/649/649 
f 649/649/649 649/649/649 650/650/650 
f 649/649/649 650/650/650 650/650/650 
f 650/650/650 650/650/650 651/651/651 
f 650/650/650 652/652/652 651/651/651 
f 651/651/651 652/652/652 653/653/653 
f 652/652/652 654/654/654 653/653/653 
f 653/653/653 654/654/654 654/654/654 
f 654/654/654 653/653/653 654/654/654 
f 654/654/654 653/653/653 653/653/653 
f 653/653/653 655/655/655 653/653/653 
f 653/653/653 655/655/655 651/651/651 
f 655/655/655 656/656/656 651/651/651 
f 651/651/651 656/656/656 656/656/656 
f 656/656/656 657/657/657 656/656/656 
f 656/656/656 657/657/657 657/657/657 
f 657/657/657 658/658/658 657/657/657 
f 657/657/657 658/658/658 659/659/659 
f 658/658/658 659/659/659 659/659/659 
f 659/659/659 659/659/659 660/660/660 
f 659/659/659 660/660/660 660/660/660 
f 660/660/660 660/660/660 661/661/661 
f 660/660/660 662/662/662 661/661/661 
f 661/661/661 662/662/662 663/663/663 
f 662/662/662 662/662/662 663/663/663 
f 663/663/663 662/662/662 664/664/664 
f 662/662/662 665/665/665 664/664/664 
f 664/664/664 665/665/665 665/665/665 
f 665/665/665 666/666/666 665/665/665 
f 665/665/665 666/666/666 666/666/666 
f 666/666/666 667/667/667 666/666/666 
f 666/666/666 667/667/667 668/668/668 
f 667/667/667 667/667/667 668/668/668 
f 668/668/668 667/667/667 669/669/669 
f 667/667/667 667/667/667 669/669/669 
f 669/669/669 667/667/667 670/670/670 
f 667/667/667 671/671/671 670/670/670 
f 670/670/670 671/671/671 671/671/671 
f 671/671/671 672/672/672 671/671/671 
f 671/671/671 672/672/672 672/672/672 
f 672/672/672 673/673/673 672/672/672 
f 672/672/672 673/673/673 674/674/674 
f 673/673/673 675/675/675 674/674/674 
f 674/674/674 675/675/675 674/674/674 
f 675/675/675 676/676/676 674/674/674 
f 674/674/674 676/676/676 677/677/677 
f 676/676/676 677/677/677 677/677/677 
f 677/677/677 677/677/677 678/678/678 
f 677/677/677 678/678/678 678/678/678 
f 678/678/678 678/678/678 679/679/679 
f 678/678/678 680/680/680 679/679/679 
f 679/679/679 680/680/680 679/679/679 
f 680/680/680 681/681/681 679/679/679 
f 679/679/679 681/681/681 679/679/679 
f 681/681/681 682/682/682 679/679/679 
f 679/679/679 682/682/682 683/683/683 
f 682/682/682 683/683/683 683/683/683 
f 683/683/683 683/683/683 684/684/684 
f 683/683/683 684/684/684 684/684/684 
f 684/684/684 684/684/684 685/685/685 
f 684/684/684 686/686/686 685/685/685 
f 685/685/685 686/686/686 687/687/687 
f 686/686/686 688/688/688 687/687/687 
f 687/687/687 688/688/688 687/687/687 
f 688/688/688 689/689/689 687/687/687 
f 687/687/687 689/689/689 690/690/690 
f 689/689/689 691/691/691 690/690/690 
f 690/690/690 691/691/691 691/691/691 
f 691/691/691 686/686/686 691/691/691 
f 691/691/691 686/686/686 686/686/686 
f 686/686/686 692/692/692 686/686/686 
f 686/686/686 692/692/692 688/688/688 
f 692/692/692 693/693/693 688/688/688 
f 688/688/688 693/693/693 694/694/694 
f 693/693/693 695/695/695 694/694/694 
f 694/694/694 695/695/695 696/696/696 
f 695/695/695 695/695/695 696/696/696 
f 696/696/696 695/695/695 697/697/697 
f 695/695/695 698/698/698 697/697/697 
f 697/697/697 698/698/698 699/699/699 
f 698/698/698 698/698/698 699/699/699 
f 699/699/699 698/698/698 700/700/700 
f 698/698/698 698/698/698 700/700/700 
f 700/700/700 698/698/698 701/701/701 
f 698/698/698 698/698/698 701/701/701 
f 701/701/701 698/698/698 702/702/702 
f 698/698/698 703/703/703 702/702/702 
f 702/702/702 703/703/703 704/704/704 
f 703/703/703 704/704/704 704/704/704 
f 704/704/704 704/704/704 688/688/688 
f 704/704/704 688/688/688 688/688/688 
f 688/688/688 688/688/688 696/696/696 
f 688/688/688 694/694/694 696/696/696 
f 696/696/696 694/694/694 694/694/694 
f 694/694/694 693/693/693 694/694/694 
f 694/694/694 693/693/693 693/693/693 
f 693/693/693 705/705/705 693/693/693 
f 693/693/693 705/705/705 695/695/695 
f 705/705/705 706/706/706 695/695/695 
f 695/695/695 706/706/706 706/706/706 
f 706/706/706 707/707/707 706/706/706 
f 706/706/706 707/707/707 707/707/707 
f 707/707/707 698/698/698 707/707/707 
f 707/707/707 698/698/698 695/695/695 
f 698/698/698 695/695/695 695/695/695 
f 695/695/695 695/695/695 708/708/708 
f 695/695/695 708/708/708 708/708/708 
f 708/708/708 708/708/708 709/709/709 
f 708/708/708 710/710/710 709/709/709 
f 709/709/709 710/710/710 711/711/711 
f 710/710/710 712/712/712 711/711/711 
f 711/711/711 712/712/712 712/712/712 
f 712/712/712 713/713/713 712/712/712 
f 712/712/712 713/713/713 713/713/713 
f 713/713/713 709/709/709 713/713/713 
f 713/713/713 709/709/709 714/714/714 
f 709/709/709 711/711/711 714/714/714 
f 714/714/714 711/711/711 715/715/715 
f 711/711/711 716/716/716 715/715/715 
f 715/715/715 716/716/716 717/717/717 
f 716/716/716 717/717/717 717/717/717 
f 717/717/717 717/717/717 716/716/716 
f 717/717/717 716/716/716 716/716/716 
f 716/716/716 716/716/716 718/718/718 
f 716/716/716 711/711/711 718/718/718 
f 718/718/718 711/711/711 719/719/719 
f 711/711/711 719/719/719 719/719/719 
f 719/719/719 719/719/719 720/720/720 
f 719/719/719 720/720/720 720/720/720 
f 720/720/720 720/720/720 721/721/721 
f 720/720/720 722/722/722 721/721/721 
f 721/721/721 722/722/722 723/723/723 
f 722/722/722 724/724/724 723/723/723 
f 723/723/723 724/724/724 724/724/724 
f 724/724/724 725/725/725 724/724/724 
f 724/724/724 725/725/725 725/725/725 
f 725/725/725 726/726/726 725/725/725 
f 725/725/725 726/726/726 727/727/727 
f 726/726/726 726/726/726 727/727/727 
f 727/727/727 726/726/726 728/728/728 
f 726/726/726 729/729/729 728/728/728 
f 728/728/728 729/729/729 729/729/729 
f 729/729/729 730/730/730 729/729/729 
f 729/729/729 730/730/730 730/730/730 
f 730/730/730 731/731/731 730/730/730 
f 730/730/730 731/731/731 732/732/732 
f 731/731/731 732/732/732 732/732/732 
f 732/732/732 732/732/732 733/733/733 
f 732/732/732 733/733/733 733/733/733 
f 733/733/733 733/733/733 734/734/734 
f 733/733/733 735/735/735 734/734/734 
f 734/734/734 735/735/735 735/735/735 
f 735/735/735 736/736/736 735/735/735 
f 735/735/735 736/736/736 736/736/736 
f 736/736/736 737/737/737 736/736/736 
f 736/736/736 737/737/737 738/738/738 
f 737/737/737 737/737/737 738/738/738 
f 738/738/738 737/737/737 739/739/739 
f 737/737/737 740/740/740 739/739/739 
f 739/739/739 740/740/740 741/741/741 
f 740/740/740 742/742/742 741/741/741 
f 741/741/741 742/742/742 743/743/743 
f 742/742/742 742/742/742 743/743/743 
f 743/743/743 742/742/742 744/744/744 
f 742/742/742 745/745/745 744/744/744 
f 744/744/744 745/745/745 746/746/746 
f 745/745/745 746/746/746 746/746/746 
f 746/746/746 746/746/746 737/737/737 
f 746/746/746 737/737/737 737/737/737 
f 737/737/737 737/737/737 740/740/740 
f 737/737/737 747/747/747 740/740/740 
f 740/740/740 747/747/747 740/740/740 
f 747/747/747 748/748/748 740/740/740 
f 740/740/740 748/748/748 742/742/742 
f 748/748/748 748/748/748 742/742/742 
f 742/742/742 748/748/748 745/745/745 
f 748/748/748 748/748/748 745/745/745 
f 745/745/745 748/748/748 749/749/749 
f 748/748/748 750/750/750 749/749/749 
f 749/749/749 750/750/750 751/751/751 
f 750/750/750 751/751/751 751/751/751 
f 751/751/751 751/751/751 739/739/739 
f 751/751/751 739/739/739 739/739/739 
f 739/739/739 739/739/739 752/752/752 
f 739/739/739 741/741/741 752/752/752 
f 752/752/752 741/741/741 741/741/741 
f 741/741/741 753/753/753 741/741/741 
f 741/741/741 753/753/753 753/753/753 
f 753/753/753 754/754/754 753/753/753 
f 753/753/753 754/754/754 755/755/755 
f 754/754/754 755/755/755 755/755/755 
f 755/755/755 755/755/755 756/756/756 
f 755/755/755 756/756/756 756/756/756 
f 756/756/756 756/756/756 757/757/757 
f 756/756/756 758/758/758 757/757/757 
f 757/757/757 758/758/758 758/758/758 
f 758/758/758 759/759/759 758/758/758 
f 758/758/758 759/759/759 759/759/759 
f 759/759/759 760/760/760 759/759/759 
f 759/759/759 760/760/760 761/761/761 
f 760/760/760 761/761/761 761/761/761 
f 761/761/761 761/761/761 762/762/762 
f 761/761/761 762/762/762 762/762/762 
f 762/762/762 762/762/762 763/763/763 
f 762/762/762 764/764/764 763/763/763 
f 763/763/763 764/764/764 765/765/765 
f 764/764/764 766/766/766 765/765/765 
f 765/765/765 766/766/766 766/766/766 
f 766/766/766 767/767/767 766/766/766 
f 766/766/766 767/767/767 767/767/767 
f 767/767/767 768/768/768 767/767/767 
f 767/767/767 768/768/768 769/769/769 
f 768/768/768 770/770/770 769/769/769 
f 769/769/769 770/770/770 769/769/769 
f 770/770/770 771/771/771 769/769/769 
f 769/769/769 771/771/771 772/772/772 
f 771/771/771 772/772/772 772/772/772 
f 772/772/772 772/772/772 773/773/773 
f 772/772/772 773/773/773 773/773/773 
f 773/773/773 773/773/773 774/774/774 
f 773/773/773 775/775/775 774/774/774 
f 774/774/774 775/775/775 776/776/776 
f 775/775/775 777/777/777 776/776/776 
f 776/776/776 777/777/777 778/778/778 
f 777/777/777 777/777/777 778/778/778 
f 778/778/778 777/777/777 779/779/779 
f 777/777/777 780/780/780 779/779/779 
f 779/779/779 780/780/780 780/780/780 
f 780/780/780 776/776/776 780/780/780 
f 780/780/780 776/776/776 776/776/776 
f 776/776/776 781/781/781 776/776/776 
f 776/776/776 781/781/781 774/774/774 
f 781/781/781 774/774/774 774/774/774 
f 774/774/774 774/774/774 782/782/782 
f 774/774/774 782/782/782 782/782/782 
f 782/782/782 782/782/782 783/783/783 
f 782/782/782 784/784/784 783/783/783 
f 783/783/783 784/784/784 785/785/785 
f 784/784/784 785/785/785 785/785/785 
f 785/785/785 785/785/785 786/786/786 
f 785/785/785 786/786/786 786/786/786 
f 786/786/786 786/786/786 787/787/787 
f 786/786/786 788/788/788 787/787/787 
f 787/787/787 788/788/788 789/789/789 
f 788/788/788 790/790/790 789/789/789 
f 789/789/789 790/790/790 789/789/789 
f 790/790/790 791/791/791 789/789/789 
f 789/789/789 791/791/791 789/789/789 
f 791/791/791 792/792/792 789/789/789 
f 789/789/789 792/792/792 789/789/789 
f 792/792/792 793/793/793 789/789/789 
f 789/789/789 793/793/793 789/789/789 
f 793/793/793 794/794/794 789/789/789 
f 789/789/789 794/794/794 787/787/787 
f 794/794/794 787/787/787 787/787/787 
f 787/787/787 787/787/787 795/795/795 
f 787/787/787 795/795/795 795/795/795 
f 795/795/795 795/795/795 796/796/796 
f 795/795/795 797/797/797 796/796/796 
f 796/796/796 797/797/797 798/798/798 
f 797/797/797 799/799/799 798/798/798 
f 798/798/798 799/799/799 798/798/798 
f 799/799/799 800/800/800 798/798/798 
f 798/798/798 800/800/800 798/798/798 
f 800/800/800 801/801/801 798/798/798 
f 798/798/798 801/801/801 798/798/798 
f 801/801/801 802/802/802 798/798/798 
f 798/798/798 802/802/802 796/796/796 
f 802/802/802 796/796/796 796/796/796 
f 796/796/796 796/796/796 803/803/803 
f 796/796/796 803/803/803 803/803/803 
f 803/803/803 803/803/803 804/804/804 
f 803/803/803 805/805/805 804/804/804 
f 804/804/804 805/805/805 806/806/806 
f 805/805/805 807/807/807 806/806/806 
f 806/806/806 807/807/807 806/806/806 
f 807/807/807 808/808/808 806/806/806 
f 806/806/806 808/808/808 806/806/806 
f 808/808/808 809/809/809 806/806/806 
f 806/806/806 809/809/809 806/806/806 
f 809/809/809 810/810/810 806/806/806 
f 806/806/806 810/810/810 804/804/804 
f 810/810/810 804/804/804 804/804/804 
f 804/804/804 804/804/804 811/811/811 
f 804/804/804 811/811/811 811/811/811 
f 811/811/811 811/811/811 812/812/812 
f 811/811/811 813/813/813 812/812/812 
f 812/812/812 813/813/813 814/814/814 
f 813/813/813 815/815/815 814/814/814 
f 814/814/814 815/815/815 815/815/815 
f 815/815/815 816/816/816 815/815/815 
f 815/815/815 816/816/816 816/816/816 
f 816/816/816 817/817/817 816/816/816 
f 816/816/816 817/817/817 818/818/818 
f 817/817/817 819/819/819 818/818/818 
f 818/818/818 819/819/819 820/820/820 
f 819/819/819 819/819/819 820/820/820 
f 820/820/820 819/819/819 821/821/821 
f 819/819/819 822/822/822 821/821/821 
f 821/821/821 822/822/822 822/822/822 
f 822/822/822 823/823/823 822/822/822 
f 822/822/822 823/823/823 823/823/823 
f 823/823/823 824/824/824 823/823/823 
f 823/823/823 824/824/824 825/825/825 
f 824/824/824 825/825/825 825/825/825 
f 825/825/825 825/825/825 826/826/826 
f 825/825/825 826/826/826 826/826/826 
f 826/826/826 826/826/826 827/827/827 
f 826/826/826 828/828/828 827/827/827 
f 827/827/827 828/828/828 828/828/828 
f 828/828/828 829/829/829 828/828/828 
f 828/828/828 829/829/829 829/829/829 
f 829/829/829 830/830/830 829/829/829 
f 829/829/829 830/830/830 831/831/831 
f 830/830/830 831/831/831 831/831/831 
f 831/831/831 831/831/831 832/832/832 
f 831/831/831 832/832/832 832/832/832 
f 832/832/832 832/832/832 833/833/833 
f 832/832/832 834/834/834 833/833/833 
f 833/833/833 834/834/834 834/834/834 
f 834/834/834 835/835/835 834/834/834 
f 834/834/834 835/835/835 835/835/835 
f 835/835/835 836/836/836 835/835/835 
f 835/835/835 836/836/836 837/837/837 
f 836/836/836 837/837/837 837/837/837 
f 837/837/837 837/837/837 838/838/838 
f 837/837/837 838/838/838 838/838/838 
f 838/838/838 838/838/838 839/839/839 
f 838/838/838 840/840/840 839/839/839 
f 839/839/839 840/840/840 839/839/839 
f 840/840/840 841/841/841 839/839/839 
f 839/839/839 841/841/841 842/842/842 
f 841/841/841 843/843/843 842/842/842 
f 842/842/842 843/843/843 843/843/843 
f 843/843/843 844/844/844 843/843/843 
f 843/843/843 844/844/844 844/844/844 
f 844/844/844 845/845/845 844/844/844 
f 844/844/844 845/845/845 846/846/846 
f 845/845/845 845/845/845 846/846/846 
f 846/846/846 845/845/845 847/847/847 
f 845/845/845 848/848/848 847/847/847 
f 847/847/847 848/848/848 848/848/848 
f 848/848/848 849/849/849 848/848/848 
f 848/848/848 849/849/849 849/849/849 
f 849/849/849 850/850/850 849/849/849 
f 849/849/849 850/850/850 851/851/851 
f 850/850/850 851/851/851 851/851/851 
f 851/851/851 851/851/851 852/852/852 
f 851/851/851 852/852/852 852/852/852 
f 852/852/852 852/852/852 853/853/853 
f 852/852/852 854/854/854 853/853/853 
f 853/853/853 854/854/854 855/855/855 
f 854/854/854 856/856/856 855/855/855 
f 855/855/855 856/856/856 856/856/856 
f 856/856/856 857/857/857 856/856/856 
f 856/856/856 857/857/857 857/857/857 
f 857/857/857 858/858/858 857/857/857 
f 857/857/857 858/858/858 859/859/859 
f 858/858/858 859/859/859 859/859/859 
f 859/859/859 859/859/859 860/860/860 
f 859/859/859 860/860/860 860/860/860 
f 860/860/860 860/860/860 861/861/861 
f 860/860/860 862/862/862 861/861/861 
f 861/861/861 862/862/862 862/862/862 
f 862/862/862 863/863/863 862/862/862 
f 862/862/862 863/863/863 863/863/863 
f 863/863/863 864/864/864 863/863/863 
f 863/863/863 864/864/864 865/865/865 
f 864/864/864 865/865/865 865/865/865 
f 865/865/865 865/865/865 866/866/866 
f 865/865/865 866/866/866 866/866/866 
f 866/866/866 866/866/866 867/867/867 
f 866/866/866 868/868/868 867/867/867 
f 867/867/867 868/868/868 868/868/868 
f 868/868/868 869/869/869 868/868/868 
f 868/868/868 869/869/869 869/869/869 
f 869/869/869 870/870/870 869/869/869 
f 869/869/869 870/870/870 871/871/871 
f 870/870/870 872/872/872 871/871/871 
f 871/871/871 872/872/872 873/873/873 

